Territory,County,Subcounty,Brand,QTY_KG_RTM,QTY_KG_RTM_NORM_BRANDWISE,QTY_SHARE_REGION_BRAND,White Space Score,WEIGHT,RTM_norm,AWS
CENTRAL,KIAMBU,GATUNDU NORTH,4U SOAP,18,0.009950249,0.001849426,,0.014851485,0.009950249,
CENTRAL,KIAMBU,GITHUNGURI,4U SOAP,96,0.074626866,0.009863605,,0.079207921,0.074626866,
CENTRAL,KIAMBU,JUJA,4U SOAP,114.5,0.089966833,0.011764404,,0.094471947,0.089966833,
CENTRAL,KIAMBU,KABETE,4U SOAP,126,0.099502488,0.012945981,,0.103960396,0.099502488,
CENTRAL,KIAMBU,KIAMBU,4U SOAP,66,0.049751244,0.006781228,,0.054455446,0.049751244,
CENTRAL,KIAMBU,LARI,4U SOAP,18,0.009950249,0.001849426,,0.014851485,0.009950249,
CENTRAL,KIAMBU,LIMURU,4U SOAP,42,0.029850746,0.004315327,,0.034653465,0.029850746,
CENTRAL,KIAMBU,RUIRU,4U SOAP,336,0.273631841,0.034522617,,0.277227723,0.273631841,
CENTRAL,KIAMBU,THIKA TOWN,4U SOAP,102,0.07960199,0.01048008,,0.084158416,0.07960199,
CENTRAL,KIRINYAGA,GACHOKA,4U SOAP,150,0.119402985,0.015411883,,0.123762376,0.119402985,
CENTRAL,KIRINYAGA,GICHUGU,4U SOAP,552,0.452736318,0.056715728,,0.455445545,0.452736318,
CENTRAL,KIRINYAGA,KIRINYAGA CENTRAL,4U SOAP,6,0,0.000616475,,0.004950495,0,
CENTRAL,KIRINYAGA,MWEA,4U SOAP,1092,0.900497512,0.112198505,,0.900990099,0.900497512,
CENTRAL,KIRINYAGA,NDIA,4U SOAP,726,0.597014925,0.074593512,,0.599009901,0.597014925,
CENTRAL,MURANG'A,KANDARA,4U SOAP,864,0.711442786,0.088772444,,0.712871287,0.711442786,
CENTRAL,MURANG'A,KANGEMA,4U SOAP,594,0.487562189,0.061031055,,0.49009901,0.487562189,
CENTRAL,MURANG'A,KIGUMO,4U SOAP,576.25,0.472844113,0.059207316,,0.475453795,0.472844113,
CENTRAL,MURANG'A,KIHARU,4U SOAP,1212,1,0.124528011,,1,1,
CENTRAL,MURANG'A,MARAGWA,4U SOAP,408,0.333333333,0.041920321,,0.336633663,0.333333333,
CENTRAL,MURANG'A,MATHIOYA,4U SOAP,282,0.228855721,0.028974339,,0.232673267,0.228855721,
CENTRAL,NYERI,KIENI,4U SOAP,480,0.393034826,0.049318024,,0.396039604,0.393034826,
CENTRAL,NYERI,MATHIRA,4U SOAP,252,0.2039801,0.025891963,,0.207920792,0.2039801,
CENTRAL,NYERI,MUKURWENI,4U SOAP,150,0.119402985,0.015411883,,0.123762376,0.119402985,
CENTRAL,NYERI,NYERI TOWN,4U SOAP,768,0.631840796,0.078908839,,0.633663366,0.631840796,
CENTRAL,NYERI,OTHAYA,4U SOAP,588,0.482587065,0.06041458,,0.485148515,0.482587065,
CENTRAL,NYERI,TETU,4U SOAP,114,0.089552239,0.011713031,,0.094059406,0.089552239,
CENTRAL,KIAMBU,DAGORETTI,AFRISENSE,16.8,0.337479403,0.036662611,63.6623003,0.35029191,0.337479403,53.31586522
CENTRAL,KIAMBU,GATUNDU NORTH,AFRISENSE,9.15,0.174825918,0.019968029,63.6623003,0.190783987,0.174825918,42.96097026
CENTRAL,KIAMBU,GATUNDU SOUTH,AFRISENSE,2.28,0.028756711,0.00497564,63.6623003,0.047539616,0.028756711,33.66186851
CENTRAL,KIAMBU,GITHUNGURI,AFRISENSE,5.175,0.090309892,0.011293394,63.6623003,0.107902419,0.090309892,37.58048562
CENTRAL,KIAMBU,JUJA,AFRISENSE,34.8825,0.721947589,0.07612402,63.6623003,0.727324854,0.721947589,77.79199439
CENTRAL,KIAMBU,KABETE,AFRISENSE,4.28,0.071280498,0.009340237,63.6623003,0.089241034,0.071280498,36.36903059
CENTRAL,KIAMBU,KIAMBAA,AFRISENSE,11.0325,0.214851433,0.024076206,63.6623003,0.230035446,0.214851433,45.50908657
CENTRAL,KIAMBU,KIAMBU,AFRISENSE,6.5275,0.119066603,0.014244952,63.6623003,0.136103003,0.119066603,39.41120398
CENTRAL,KIAMBU,KIKUYU,AFRISENSE,10.475,0.202997927,0.022859575,63.6623003,0.218411176,0.202997927,44.75446514
CENTRAL,KIAMBU,LARI,AFRISENSE,1.0525,0.002657737,0.002296869,63.6623003,0.021945371,0.002657737,32.00034778
CENTRAL,KIAMBU,LIMURU,AFRISENSE,19.6325,0.397703716,0.042843971,63.6623003,0.409351543,0.397703716,57.14988352
CENTRAL,KIAMBU,RUIRU,AFRISENSE,8.29,0.15654069,0.018091253,63.6623003,0.172852377,0.15654069,41.79689056
CENTRAL,KIAMBU,THIKA TOWN,AFRISENSE,37.2025,0.771275182,0.081186952,63.6623003,0.775698499,0.771275182,80.9323024
CENTRAL,KIAMBU,WESTLANDS,AFRISENSE,0.9275,0,0.002024082,63.6623003,0.019339033,0,31.83115015
CENTRAL,KIRINYAGA,GICHUGU,AFRISENSE,1,0.001541487,0.002182298,63.6623003,0.020850709,0.001541487,31.92928478
CENTRAL,KIRINYAGA,KIRINYAGA CENTRAL,AFRISENSE,3.645,0.057779195,0.007954477,63.6623003,0.076000834,0.057779195,35.50950663
CENTRAL,KIRINYAGA,MWEA,AFRISENSE,9.79,0.18843353,0.0213647,63.6623003,0.20412844,0.18843353,43.82726212
CENTRAL,KIRINYAGA,NDIA,AFRISENSE,5.7625,0.102801254,0.012575494,63.6623003,0.12015221,0.102801254,38.37571448
CENTRAL,MURANG'A,GATANGA,AFRISENSE,7.5775,0.141391591,0.016536365,63.6623003,0.157996247,0.141391591,40.83246407
CENTRAL,MURANG'A,KANDARA,AFRISENSE,6.435,0.117099878,0.014043089,63.6623003,0.134174312,0.117099878,39.28599773
CENTRAL,MURANG'A,KANGEMA,AFRISENSE,5.125,0.089246797,0.011184279,63.6623003,0.106859883,0.089246797,37.51280657
CENTRAL,MURANG'A,KIGUMO,AFRISENSE,4.95,0.085525966,0.010802377,63.6623003,0.103211009,0.085525966,37.27592989
CENTRAL,MURANG'A,KIHARU,AFRISENSE,47.96,1,0.104663026,63.6623003,1,1,95.49345045
CENTRAL,MURANG'A,MARAGWA,AFRISENSE,31.635,0.652899591,0.069037006,63.6623003,0.659612177,0.652899591,73.39623996
CENTRAL,MURANG'A,MATHIOYA,AFRISENSE,7.32,0.135916653,0.015974423,63.6623003,0.152627189,0.135916653,40.48391695
CENTRAL,NYANDARUA,KINANGOP,AFRISENSE,7.765,0.145378196,0.016945546,63.6623003,0.161905755,0.145378196,41.08626052
CENTRAL,NYANDARUA,KIPIPIRI,AFRISENSE,7.475,0.139212247,0.01631268,63.6623003,0.155859049,0.139212247,40.69372201
CENTRAL,NYANDARUA,NDARAGWA,AFRISENSE,8.3275,0.157338011,0.018173089,63.6623003,0.173634279,0.157338011,41.84764985
CENTRAL,NYANDARUA,OL JOROK,AFRISENSE,28.7425,0.591399564,0.062724709,63.6623003,0.599301501,0.591399564,69.4810068
CENTRAL,NYANDARUA,OL KALOU,AFRISENSE,4.2375,0.070376867,0.009247489,63.6623003,0.088354879,0.070376867,36.31150339
CENTRAL,NYERI,KIENI,AFRISENSE,12.9425,0.255461649,0.028244396,63.6623003,0.2698603,0.255461649,48.09442635
CENTRAL,NYERI,MATHIRA,AFRISENSE,17.505,0.352469037,0.038201132,63.6623003,0.36499166,0.352469037,54.27013985
CENTRAL,NYERI,MUKURWENI,AFRISENSE,18.485,0.373305693,0.040339784,63.6623003,0.385425354,0.373305693,55.59664927
CENTRAL,NYERI,NYERI TOWN,AFRISENSE,31.3425,0.646680487,0.068398684,63.6623003,0.653513344,0.646680487,73.00031751
CENTRAL,NYERI,OTHAYA,AFRISENSE,19.53,0.395524371,0.042620286,63.6623003,0.407214345,0.395524371,57.01114146
CENTRAL,NYERI,TETU,AFRISENSE,2.9725,0.043480572,0.006486882,63.6623003,0.061978732,0.043480572,34.59922338
CENTRAL,KIAMBU,DAGORETTI,BELLEZA (PWANI OIL PRODUCTS),1.394458333,0,0.000245575,,0.002811245,0,
CENTRAL,KIAMBU,GATUNDU NORTH,BELLEZA (PWANI OIL PRODUCTS),137.1549375,0.274466371,0.024154081,,0.276506024,0.274466371,
CENTRAL,KIAMBU,GATUNDU SOUTH,BELLEZA (PWANI OIL PRODUCTS),27.49075,0.05275876,0.004841341,,0.055421687,0.05275876,
CENTRAL,KIAMBU,GITHUNGURI,BELLEZA (PWANI OIL PRODUCTS),48.1088125,0.094442207,0.008472346,,0.096987952,0.094442207,
CENTRAL,KIAMBU,JUJA,BELLEZA (PWANI OIL PRODUCTS),268.0348125,0.539065646,0.047203073,,0.540361446,0.539065646,
CENTRAL,KIAMBU,KABETE,BELLEZA (PWANI OIL PRODUCTS),30.37927083,0.05859847,0.005350032,,0.06124498,0.05859847,
CENTRAL,KIAMBU,KIAMBAA,BELLEZA (PWANI OIL PRODUCTS),65.93795833,0.130487314,0.011612202,,0.132931727,0.130487314,
CENTRAL,KIAMBU,KIAMBU,BELLEZA (PWANI OIL PRODUCTS),99.40495833,0.198147402,0.017506008,,0.200401606,0.198147402,
CENTRAL,KIAMBU,KIKUYU,BELLEZA (PWANI OIL PRODUCTS),51.0969375,0.100483286,0.008998579,,0.103012048,0.100483286,
CENTRAL,KIAMBU,LARI,BELLEZA (PWANI OIL PRODUCTS),7.271104167,0.011880789,0.0012805,,0.014658635,0.011880789,
CENTRAL,KIAMBU,LIMURU,BELLEZA (PWANI OIL PRODUCTS),57.372,0.113169553,0.010103668,,0.115662651,0.113169553,
CENTRAL,KIAMBU,RUIRU,BELLEZA (PWANI OIL PRODUCTS),55.08110417,0.108538059,0.009700223,,0.111044177,0.108538059,
CENTRAL,KIAMBU,THIKA TOWN,BELLEZA (PWANI OIL PRODUCTS),255.6838958,0.514095852,0.045027978,,0.515461847,0.514095852,
CENTRAL,KIAMBU,WESTLANDS,BELLEZA (PWANI OIL PRODUCTS),2.490104167,0.002215062,0.000438527,,0.00502008,0.002215062,
CENTRAL,KIRINYAGA,GACHOKA,BELLEZA (PWANI OIL PRODUCTS),36.05670833,0.07007652,0.006349875,,0.072690763,0.07007652,
CENTRAL,KIRINYAGA,GICHUGU,BELLEZA (PWANI OIL PRODUCTS),185.26375,0.371727749,0.032626427,,0.373493976,0.371727749,
CENTRAL,KIRINYAGA,KIRINYAGA CENTRAL,BELLEZA (PWANI OIL PRODUCTS),154.18725,0.308900524,0.027153607,,0.310843373,0.308900524,
CENTRAL,KIRINYAGA,MWEA,BELLEZA (PWANI OIL PRODUCTS),312.557875,0.629077729,0.05504394,,0.630120482,0.629077729,
CENTRAL,KIRINYAGA,NDIA,BELLEZA (PWANI OIL PRODUCTS),333.6739583,0.671768023,0.058762652,,0.672690763,0.671768022,
CENTRAL,MURANG'A,GATANGA,BELLEZA (PWANI OIL PRODUCTS),88.1496875,0.17539267,0.015523865,,0.177710843,0.17539267,
CENTRAL,MURANG'A,KANDARA,BELLEZA (PWANI OIL PRODUCTS),134.9636458,0.270036246,0.023768177,,0.272088353,0.270036246,
CENTRAL,MURANG'A,KANGEMA,BELLEZA (PWANI OIL PRODUCTS),182.4748333,0.366089408,0.032135277,,0.367871486,0.366089408,
CENTRAL,MURANG'A,KIGUMO,BELLEZA (PWANI OIL PRODUCTS),119.9234167,0.23962948,0.021119472,,0.241767068,0.239629481,
CENTRAL,MURANG'A,KIHARU,BELLEZA (PWANI OIL PRODUCTS),398.4166667,0.802658075,0.07016436,,0.803212851,0.802658075,
CENTRAL,MURANG'A,MARAGWA,BELLEZA (PWANI OIL PRODUCTS),224.2089792,0.450463149,0.039484994,,0.452008032,0.450463149,
CENTRAL,MURANG'A,MATHIOYA,BELLEZA (PWANI OIL PRODUCTS),222.1172917,0.446234394,0.039116631,,0.447791165,0.446234394,
CENTRAL,NYANDARUA,KINANGOP,BELLEZA (PWANI OIL PRODUCTS),139.0474167,0.278292388,0.024487362,,0.280321285,0.278292388,
CENTRAL,NYANDARUA,KIPIPIRI,BELLEZA (PWANI OIL PRODUCTS),135.8600833,0.27184857,0.023926047,,0.273895582,0.27184857,
CENTRAL,NYANDARUA,NDARAGWA,BELLEZA (PWANI OIL PRODUCTS),66.336375,0.131292791,0.011682366,,0.13373494,0.131292791,
CENTRAL,NYANDARUA,OL JOROK,BELLEZA (PWANI OIL PRODUCTS),98.11010417,0.195529601,0.017277974,,0.197791165,0.195529601,
CENTRAL,NYANDARUA,OL KALOU,BELLEZA (PWANI OIL PRODUCTS),70.2209375,0.139146194,0.012366468,,0.141566265,0.139146194,
CENTRAL,NYERI,KIENI,BELLEZA (PWANI OIL PRODUCTS),387.7590208,0.781111559,0.068287463,,0.781726908,0.781111559,
CENTRAL,NYERI,MATHIOYA,BELLEZA (PWANI OIL PRODUCTS),1.593666667,0.000402739,0.000280657,,0.003212851,0.000402739,
CENTRAL,NYERI,MATHIRA,BELLEZA (PWANI OIL PRODUCTS),496.02875,1,0.087354628,,1,1,
CENTRAL,NYERI,MUKURWENI,BELLEZA (PWANI OIL PRODUCTS),126.5968958,0.253121224,0.022294725,,0.255220884,0.253121224,
CENTRAL,NYERI,NDIA,BELLEZA (PWANI OIL PRODUCTS),2.589708333,0.002416432,0.000456068,,0.005220884,0.002416432,
CENTRAL,NYERI,NYERI TOWN,BELLEZA (PWANI OIL PRODUCTS),437.6607083,0.881997584,0.077075549,,0.882329317,0.881997584,
CENTRAL,NYERI,OTHAYA,BELLEZA (PWANI OIL PRODUCTS),148.9082292,0.29822795,0.02622393,,0.300200803,0.29822795,
CENTRAL,NYERI,TETU,BELLEZA (PWANI OIL PRODUCTS),68.726875,0.136125654,0.012103352,,0.138554217,0.136125654,
CENTRAL,KIAMBU,DAGORETTI,DETREX,16.08,0.004947155,0.000611961,66.28906039,0.005098599,0.004947155,33.47247244
CENTRAL,KIAMBU,GATUNDU NORTH,DETREX,336.6781389,0.106616938,0.012813044,66.28906039,0.106752908,0.106616938,40.21206681
CENTRAL,KIAMBU,GATUNDU SOUTH,DETREX,155.44,0.049141737,0.005915619,66.28906039,0.049286455,0.049141737,36.40208979
CENTRAL,KIAMBU,GITHUNGURI,DETREX,716.7713611,0.227154117,0.027278347,66.28906039,0.227271742,0.227154117,48.20236316
CENTRAL,KIAMBU,JUJA,DETREX,1190.5785,0.377410351,0.045310143,66.28906039,0.377505107,0.37741035,58.16270771
CENTRAL,KIAMBU,KABETE,DETREX,434.312,0.137579106,0.01652872,66.28906039,0.137710363,0.137579106,42.26451983
CENTRAL,KIAMBU,KIAMBAA,DETREX,2131.370722,0.675759372,0.081114108,66.28906039,0.67580872,0.675759371,77.93998397
CENTRAL,KIAMBU,KIAMBU,DETREX,2084.818333,0.660996431,0.079342452,66.28906039,0.661048026,0.660996431,76.96136251
CENTRAL,KIAMBU,KIKUYU,DETREX,298.72,0.094579451,0.011368462,66.28906039,0.094717253,0.094579451,39.41411314
CENTRAL,KIAMBU,LARI,DETREX,86.6335,0.027321455,0.003297033,66.28906039,0.027469494,0.027321455,34.95564378
CENTRAL,KIAMBU,LIMURU,DETREX,600.06,0.190141991,0.022836633,66.28906039,0.190265249,0.190141991,45.7488641
CENTRAL,KIAMBU,ROYSAMBU,DETREX,16.667,0.005133307,0.0006343,66.28906039,0.005284723,0.005133307,33.48481231
CENTRAL,KIAMBU,RUIRU,DETREX,375.28525,0.118860229,0.014282324,66.28906039,0.118994336,0.118860229,41.02366312
CENTRAL,KIAMBU,THIKA TOWN,DETREX,2389.330028,0.757564795,0.09093133,66.28906039,0.757601693,0.757564795,83.36278865
CENTRAL,KIAMBU,WESTLANDS,DETREX,78.29844444,0.024678198,0.002979823,66.28906039,0.024826639,0.024678198,34.78042475
CENTRAL,KIRINYAGA,GACHOKA,DETREX,1162.512,0.368509753,0.044242009,66.28906039,0.368605864,0.368509753,57.57269547
CENTRAL,KIRINYAGA,GICHUGU,DETREX,830.8985833,0.263346747,0.031621715,66.28906039,0.263458863,0.263346747,50.60153861
CENTRAL,KIRINYAGA,KIRINYAGA CENTRAL,DETREX,1316.9285,0.417479133,0.050118677,66.28906039,0.417567791,0.417479133,60.81882964
CENTRAL,KIRINYAGA,MWEA,DETREX,3153.807667,1,0.120025246,66.28906039,1,1,99.43359059
CENTRAL,KIRINYAGA,NDIA,DETREX,1478.950361,0.468860365,0.056284783,66.28906039,0.468941203,0.468860365,64.22484325
CENTRAL,MURANG'A,GATANGA,DETREX,147.68,0.046680845,0.005620295,66.28906039,0.046825937,0.046680845,36.23895955
CENTRAL,MURANG'A,KANDARA,DETREX,550.24,0.174342808,0.020940621,66.28906039,0.174468471,0.174342808,44.70155112
CENTRAL,MURANG'A,KANGEMA,DETREX,91.68,0.028921828,0.003489089,66.28906039,0.029069623,0.028921828,35.06173099
CENTRAL,MURANG'A,KIGUMO,DETREX,509.32,0.161366041,0.019383318,66.28906039,0.161493678,0.16136604,43.8413334
CENTRAL,MURANG'A,KIHARU,DETREX,1056.79575,0.334984455,0.04021874,66.28906039,0.335085668,0.334984455,55.35033496
CENTRAL,MURANG'A,MARAGWA,DETREX,1198.542,0.379935778,0.045613212,66.28906039,0.38003015,0.379935778,58.33011592
CENTRAL,MURANG'A,MATHIOYA,DETREX,279.946,0.088625741,0.010653975,66.28906039,0.088764449,0.088625741,39.01944727
CENTRAL,MURANG'A,THIKA TOWN,DETREX,0.96,0.00015222,3.65E-05,66.28906039,0.000304394,0.00015222,33.15462073
CENTRAL,NYANDARUA,KINANGOP,DETREX,342.26925,0.10839002,0.013025826,66.28906039,0.108525721,0.10839002,40.3296028
CENTRAL,NYANDARUA,KIPIPIRI,DETREX,321.026,0.101653248,0.012217367,66.28906039,0.101789974,0.101653248,39.8830285
CENTRAL,NYANDARUA,LARI,DETREX,0.72,7.61E-05,2.74E-05,66.28906039,0.000228295,7.61E-05,33.14957546
CENTRAL,NYANDARUA,NDARAGWA,DETREX,33.6,0.01050319,0.001278724,66.28906039,0.010653789,0.01050319,33.8407768
CENTRAL,NYANDARUA,OL JOROK,DETREX,150.7273333,0.047647232,0.005736268,66.28906039,0.047792177,0.047647231,36.3030204
CENTRAL,NYANDARUA,OL KALOU,DETREX,123.76,0.039095208,0.004709965,66.28906039,0.039241454,0.039095208,35.73611478
CENTRAL,NYERI,KIENI,DETREX,564.216,0.178774951,0.021472509,66.28906039,0.178899939,0.178774951,44.99535374
CENTRAL,NYERI,MATHIOYA,DETREX,0.48,0,1.83E-05,66.28906039,0.000152197,0,33.1445302
CENTRAL,NYERI,MATHIRA,DETREX,614.804,0.194817686,0.023397749,66.28906039,0.194940233,0.194817686,46.05881156
CENTRAL,NYERI,MUKURWENI,DETREX,216.4,0.068473696,0.008235589,66.28906039,0.068615471,0.068473696,37.68358716
CENTRAL,NYERI,NDIA,DETREX,3.84,0.001065541,0.00014614,66.28906039,0.001217576,0.001065541,33.21516391
CENTRAL,NYERI,NYERI TOWN,DETREX,1036.095778,0.32841997,0.039430956,66.28906039,0.328522182,0.32841997,54.91518142
CENTRAL,NYERI,OTHAYA,DETREX,106.8,0.033716762,0.004064514,66.28906039,0.033863828,0.033716762,35.3795827
CENTRAL,NYERI,TETU,DETREX,72.16,0.022731542,0.002746211,66.28906039,0.022880279,0.022731542,34.65138275
CENTRAL,KIAMBU,JUJA,DIRIA,36,0.005782436,0.003175303,47.16697108,0.008648649,0.005782436,23.85622552
CENTRAL,KIRINYAGA,GACHOKA,DIRIA,72,0.01445609,0.006350606,47.16697108,0.017297297,0.01445609,24.2653355
CENTRAL,KIRINYAGA,GICHUGU,DIRIA,144,0.031803397,0.012701213,47.16697108,0.034594595,0.031803397,25.08355546
CENTRAL,KIRINYAGA,MWEA,DIRIA,132,0.028912179,0.011642778,47.16697108,0.031711712,0.028912179,24.94718546
CENTRAL,KIRINYAGA,NDIA,DIRIA,12,0,0.001058434,47.16697108,0.002882883,0,23.58348554
CENTRAL,MURANG'A,KIGUMO,DIRIA,24,0.002891218,0.002116869,47.16697108,0.005765766,0.002891218,23.71985553
CENTRAL,MURANG'A,KIHARU,DIRIA,216,0.049150705,0.019051819,47.16697108,0.051891892,0.049150705,25.90177541
CENTRAL,MURANG'A,MARAGWA,DIRIA,168,0.037585833,0.014818082,47.16697108,0.04036036,0.037585833,25.35629544
CENTRAL,MURANG'A,MATHIOYA,DIRIA,866,0.205758342,0.076383682,47.16697108,0.208048048,0.205758342,33.28848332
CENTRAL,NYANDARUA,KIPIPIRI,DIRIA,204,0.046259487,0.017993385,47.16697108,0.049009009,0.046259487,25.76540542
CENTRAL,NYERI,KIENI,DIRIA,4162.5,1,0.367144432,47.16697108,1,1,70.75045662
CENTRAL,NYERI,MATHIRA,DIRIA,1624.75,0.388567642,0.143307607,47.16697108,0.39033033,0.388567642,41.91104429
CENTRAL,NYERI,MUKURWENI,DIRIA,588,0.13877846,0.051863286,47.16697108,0.141261261,0.13877846,30.12924517
CENTRAL,NYERI,NYERI TOWN,DIRIA,3004.25,0.720937236,0.264983462,47.16697108,0.721741742,0.720937236,57.58791132
CENTRAL,NYERI,OTHAYA,DIRIA,24,0.002891218,0.002116869,47.16697108,0.005765766,0.002891218,23.71985553
CENTRAL,NYERI,TETU,DIRIA,60,0.011564872,0.005292172,47.16697108,0.014414414,0.011564872,24.12896551
CENTRAL,KIAMBU,GATUNDU NORTH,DIVA (PWANI OIL PRODUCTS),4.8,0.078651685,0.010999083,52.46461961,0.088888889,0.078651685,30.35874056
CENTRAL,KIAMBU,GATUNDU SOUTH,DIVA (PWANI OIL PRODUCTS),6.6,0.112359551,0.01512374,52.46461961,0.122222222,0.112359551,32.12721088
CENTRAL,KIAMBU,JUJA,DIVA (PWANI OIL PRODUCTS),52.8,0.97752809,0.120989918,52.46461961,0.977777778,0.97752809,77.5179492
CENTRAL,KIAMBU,KIAMBU,DIVA (PWANI OIL PRODUCTS),19.2,0.348314607,0.043996334,52.46461961,0.355555556,0.348314607,44.50650315
CENTRAL,KIAMBU,THIKA TOWN,DIVA (PWANI OIL PRODUCTS),53.4,0.988764045,0.122364803,52.46461961,0.988888889,0.988764045,78.10743931
CENTRAL,KIRINYAGA,GICHUGU,DIVA (PWANI OIL PRODUCTS),18,0.325842697,0.041246563,52.46461961,0.333333333,0.325842697,43.32752294
CENTRAL,KIRINYAGA,MWEA,DIVA (PWANI OIL PRODUCTS),54,1,0.123739688,52.46461961,1,1,78.69692942
CENTRAL,KIRINYAGA,NDIA,DIVA (PWANI OIL PRODUCTS),4.8,0.078651685,0.010999083,52.46461961,0.088888889,0.078651685,30.35874056
CENTRAL,MURANG'A,GATANGA,DIVA (PWANI OIL PRODUCTS),7.8,0.134831461,0.017873511,52.46461961,0.144444444,0.134831461,33.3061911
CENTRAL,MURANG'A,KANDARA,DIVA (PWANI OIL PRODUCTS),35.8,0.65917603,0.08203483,52.46461961,0.662962963,0.65917603,60.81572947
CENTRAL,MURANG'A,KIGUMO,DIVA (PWANI OIL PRODUCTS),25.8,0.471910112,0.059120073,52.46461961,0.477777778,0.471910112,50.99089434
CENTRAL,MURANG'A,KIHARU,DIVA (PWANI OIL PRODUCTS),31.2,0.573033708,0.071494042,52.46461961,0.577777778,0.573033708,56.29630531
CENTRAL,MURANG'A,MARAGWA,DIVA (PWANI OIL PRODUCTS),28.8,0.528089888,0.0659945,52.46461961,0.533333333,0.528089888,53.93834488
CENTRAL,MURANG'A,MATHIOYA,DIVA (PWANI OIL PRODUCTS),7.2,0.123595506,0.016498625,52.46461961,0.133333333,0.123595506,32.71670099
CENTRAL,NYANDARUA,KINANGOP,DIVA (PWANI OIL PRODUCTS),9.6,0.168539326,0.021998167,52.46461961,0.177777778,0.168539326,35.07466142
CENTRAL,NYANDARUA,KIPIPIRI,DIVA (PWANI OIL PRODUCTS),21.6,0.393258427,0.049495875,52.46461961,0.4,0.393258427,46.86446358
CENTRAL,NYANDARUA,OL JOROK,DIVA (PWANI OIL PRODUCTS),20.4,0.370786517,0.046746104,52.46461961,0.377777778,0.370786517,45.68548337
CENTRAL,NYERI,KIENI,DIVA (PWANI OIL PRODUCTS),0.6,0,0.001374885,52.46461961,0.011111111,0,26.23230981
CENTRAL,NYERI,MUKURWENI,DIVA (PWANI OIL PRODUCTS),7.2,0.123595506,0.016498625,52.46461961,0.133333333,0.123595506,32.71670099
CENTRAL,NYERI,NYERI TOWN,DIVA (PWANI OIL PRODUCTS),17.2,0.310861423,0.039413382,52.46461961,0.318518519,0.310861423,42.54153613
CENTRAL,NYERI,TETU,DIVA (PWANI OIL PRODUCTS),9.6,0.168539326,0.021998167,52.46461961,0.177777778,0.168539326,35.07466142
CENTRAL,KIAMBU,GATUNDU NORTH,DIVA GLYCERIN,16.32820833,0.373900532,0.076506225,,0.376610829,0.373900532,
CENTRAL,KIAMBU,GATUNDU SOUTH,DIVA GLYCERIN,2.440208333,0.052180533,0.011433657,,0.05628351,0.052180532,
CENTRAL,KIAMBU,GITHUNGURI,DIVA GLYCERIN,0.187680556,0,0.000879382,,0.00432886,0,
CENTRAL,KIAMBU,JUJA,DIVA GLYCERIN,23.85333333,0.54822248,0.111765385,,0.550178161,0.54822248,
CENTRAL,KIAMBU,KIAMBAA,DIVA GLYCERIN,5.695263889,0.127584944,0.0266853,,0.131361507,0.127584944,
CENTRAL,KIAMBU,RUIRU,DIVA GLYCERIN,5.273041667,0.11780403,0.024706968,,0.121622933,0.11780403,
CENTRAL,KIAMBU,THIKA TOWN,DIVA GLYCERIN,43.35565278,1,0.203143987,,1,1,
CENTRAL,KIRINYAGA,GICHUGU,DIVA GLYCERIN,3.505055556,0.076848062,0.016423025,,0.080844257,0.076848062,
CENTRAL,KIRINYAGA,KIRINYAGA CENTRAL,DIVA GLYCERIN,9.267777778,0.210343381,0.043424403,,0.213761694,0.210343381,
CENTRAL,KIRINYAGA,MWEA,DIVA GLYCERIN,6.75975,0.152244108,0.031672976,,0.155913925,0.152244108,
CENTRAL,KIRINYAGA,NDIA,DIVA GLYCERIN,3.004333333,0.06524867,0.014076878,,0.069295078,0.06524867,
CENTRAL,MURANG'A,GATANGA,DIVA GLYCERIN,1.501444444,0.030433764,0.007035055,,0.034630881,0.030433764,
CENTRAL,MURANG'A,KANDARA,DIVA GLYCERIN,6.0065,0.134794829,0.028143605,,0.138540181,0.134794829,
CENTRAL,MURANG'A,KIGUMO,DIVA GLYCERIN,0.751083333,0.013051407,0.00351922,,0.017323769,0.013051407,
CENTRAL,MURANG'A,KIHARU,DIVA GLYCERIN,2.252166667,0.047824487,0.010552583,,0.051946321,0.047824487,
CENTRAL,NYANDARUA,KINANGOP,DIVA GLYCERIN,36.40909722,0.8390808,0.170595729,,0.839777397,0.8390808,
CENTRAL,NYANDARUA,KIPIPIRI,DIVA GLYCERIN,25.61191667,0.58896063,0.120005271,,0.590739962,0.58896063,
CENTRAL,NYANDARUA,OL JOROK,DIVA GLYCERIN,3.37825,0.07391057,0.015828874,,0.077919482,0.07391057,
CENTRAL,NYERI,NYERI TOWN,DIVA GLYCERIN,17.8425,0.408979587,0.083601477,,0.411538032,0.408979587,
CENTRAL,KIAMBU,DAGORETTI,FRESCO (PWANI OIL PRODUCTS),0.498020833,0,0.000136136,,0.001323802,0,
CENTRAL,KIAMBU,GATUNDU NORTH,FRESCO (PWANI OIL PRODUCTS),83.26908333,0.220307529,0.022761926,,0.221339688,0.220307529,
CENTRAL,KIAMBU,GATUNDU SOUTH,FRESCO (PWANI OIL PRODUCTS),15.43864583,0.039766702,0.004220213,,0.041037861,0.039766702,
CENTRAL,KIAMBU,GITHUNGURI,FRESCO (PWANI OIL PRODUCTS),17.92875,0.046394486,0.004900893,,0.047656871,0.046394486,
CENTRAL,KIAMBU,JUJA,FRESCO (PWANI OIL PRODUCTS),102.193875,0.270678685,0.02793509,,0.271644162,0.270678685,
CENTRAL,KIAMBU,KABETE,FRESCO (PWANI OIL PRODUCTS),23.905,0.062301166,0.006534524,,0.063542494,0.062301166,
CENTRAL,KIAMBU,KIAMBAA,FRESCO (PWANI OIL PRODUCTS),36.1563125,0.094909862,0.009883468,,0.096108022,0.094909862,
CENTRAL,KIAMBU,KIAMBU,FRESCO (PWANI OIL PRODUCTS),42.82979167,0.112672322,0.011707689,,0.113846968,0.112672322,
CENTRAL,KIAMBU,KIKUYU,FRESCO (PWANI OIL PRODUCTS),23.0085625,0.059915164,0.006289479,,0.061159651,0.059915164,
CENTRAL,KIAMBU,LARI,FRESCO (PWANI OIL PRODUCTS),5.279020833,0.012725345,0.001443041,,0.014032301,0.012725345,
CENTRAL,KIAMBU,LIMURU,FRESCO (PWANI OIL PRODUCTS),29.78164583,0.077942736,0.008140928,,0.079163357,0.077942736,
CENTRAL,KIAMBU,RUIRU,FRESCO (PWANI OIL PRODUCTS),25.19985417,0.065747614,0.006888477,,0.066984379,0.065747614,
CENTRAL,KIAMBU,THIKA TOWN,FRESCO (PWANI OIL PRODUCTS),203.4913125,0.540296925,0.055625136,,0.540905481,0.540296925,
CENTRAL,KIAMBU,WESTLANDS,FRESCO (PWANI OIL PRODUCTS),1.19525,0.001855779,0.000326726,,0.003177125,0.001855779,
CENTRAL,KIRINYAGA,GACHOKA,FRESCO (PWANI OIL PRODUCTS),22.70975,0.05911983,0.006207798,,0.060365369,0.05911983,
CENTRAL,KIRINYAGA,GICHUGU,FRESCO (PWANI OIL PRODUCTS),133.868,0.354984093,0.036593335,,0.355837967,0.354984093,
CENTRAL,KIRINYAGA,KIRINYAGA CENTRAL,FRESCO (PWANI OIL PRODUCTS),110.2618125,0.292152704,0.030140492,,0.293089754,0.292152704,
CENTRAL,KIRINYAGA,MWEA,FRESCO (PWANI OIL PRODUCTS),206.4794375,0.548250265,0.056441952,,0.548848292,0.548250265,
CENTRAL,KIRINYAGA,NDIA,FRESCO (PWANI OIL PRODUCTS),173.5104583,0.460498409,0.047429754,,0.461212603,0.460498409,
CENTRAL,MURANG'A,GATANGA,FRESCO (PWANI OIL PRODUCTS),26.49470833,0.069194062,0.007242431,,0.070426264,0.069194061,
CENTRAL,MURANG'A,KANDARA,FRESCO (PWANI OIL PRODUCTS),122.8119375,0.325556734,0.033571117,,0.326449563,0.325556734,
CENTRAL,MURANG'A,KANGEMA,FRESCO (PWANI OIL PRODUCTS),91.53622917,0.242311771,0.025021782,,0.2433148,0.242311771,
CENTRAL,MURANG'A,KIGUMO,FRESCO (PWANI OIL PRODUCTS),113.9471667,0.301961824,0.031147898,,0.302885888,0.301961824,
CENTRAL,MURANG'A,KIHARU,FRESCO (PWANI OIL PRODUCTS),255.3850833,0.678419936,0.069810499,,0.678845645,0.678419936,
CENTRAL,MURANG'A,MARAGWA,FRESCO (PWANI OIL PRODUCTS),178.3910625,0.473488865,0.048763886,,0.474185862,0.473488865,
CENTRAL,MURANG'A,MATHIOYA,FRESCO (PWANI OIL PRODUCTS),151.0995208,0.400848356,0.041303638,,0.401641514,0.400848356,
CENTRAL,NYANDARUA,KINANGOP,FRESCO (PWANI OIL PRODUCTS),86.9544375,0.230116649,0.023769331,,0.231135822,0.230116649,
CENTRAL,NYANDARUA,KIPIPIRI,FRESCO (PWANI OIL PRODUCTS),76.99402083,0.203605514,0.021046613,,0.204659783,0.203605514,
CENTRAL,NYANDARUA,NDARAGWA,FRESCO (PWANI OIL PRODUCTS),30.7776875,0.080593849,0.0084132,,0.081810961,0.080593849,
CENTRAL,NYANDARUA,OL JOROK,FRESCO (PWANI OIL PRODUCTS),94.62395833,0.250530223,0.025865824,,0.251522372,0.250530223,
CENTRAL,NYANDARUA,OL KALOU,FRESCO (PWANI OIL PRODUCTS),55.8779375,0.147401909,0.01527445,,0.14853058,0.147401909,
CENTRAL,NYERI,KIENI,FRESCO (PWANI OIL PRODUCTS),240.24525,0.638123012,0.065671967,,0.638602065,0.638123012,
CENTRAL,NYERI,MATHIOYA,FRESCO (PWANI OIL PRODUCTS),0.796833333,0.000795334,0.000217817,,0.002118083,0.000795334,
CENTRAL,NYERI,MATHIRA,FRESCO (PWANI OIL PRODUCTS),376.2049375,1,0.102837073,,1,1,
CENTRAL,NYERI,MUKURWENI,FRESCO (PWANI OIL PRODUCTS),85.65958333,0.226670201,0.023415378,,0.227693937,0.226670201,
CENTRAL,NYERI,NDIA,FRESCO (PWANI OIL PRODUCTS),2.788916667,0.006097561,0.000762361,,0.007413291,0.006097561,
CENTRAL,NYERI,NYERI TOWN,FRESCO (PWANI OIL PRODUCTS),314.948375,0.836956522,0.086092355,,0.837172359,0.836956522,
CENTRAL,NYERI,OTHAYA,FRESCO (PWANI OIL PRODUCTS),69.6233125,0.183987275,0.019031801,,0.185067514,0.183987275,
CENTRAL,NYERI,TETU,FRESCO (PWANI OIL PRODUCTS),26.09629167,0.068133616,0.007133522,,0.069367223,0.068133616,
CENTRAL,KIAMBU,DAGORETTI,FRESH FRI,309.6453333,0.010292859,0.000957905,44.40835361,0.010800408,0.010292859,22.6612657
CENTRAL,KIAMBU,GATUNDU NORTH,FRESH FRI,2443.182833,0.084748684,0.007558119,44.40835361,0.08521805,0.084748684,25.96772631
CENTRAL,KIAMBU,GATUNDU SOUTH,FRESH FRI,3536.935333,0.12291827,0.010941701,44.40835361,0.123368062,0.12291827,27.66277482
CENTRAL,KIAMBU,GITHUNGURI,FRESH FRI,4400.391167,0.153051004,0.013612849,44.40835361,0.153485343,0.153051004,29.0009199
CENTRAL,KIAMBU,JUJA,FRESH FRI,28669.781,1,0.088691523,44.40835361,1,1,66.61253042
CENTRAL,KIAMBU,KABETE,FRESH FRI,23366.36217,0.814922201,0.072285109,44.40835361,0.815017114,0.814922201,58.39353007
CENTRAL,KIAMBU,KIAMBAA,FRESH FRI,7599.3285,0.264686969,0.023508935,44.40835361,0.265064058,0.264686969,33.95848932
CENTRAL,KIAMBU,KIAMBU,FRESH FRI,12823.35167,0.446994032,0.039669734,44.40835361,0.447277629,0.446994032,42.05444584
CENTRAL,KIAMBU,KIKUYU,FRESH FRI,4798.703833,0.166951251,0.014845051,44.40835361,0.167378461,0.166951251,29.61820698
CENTRAL,KIAMBU,LARI,FRESH FRI,584.072,0.019869753,0.001806858,44.40835361,0.020372391,0.019869753,23.08655983
CENTRAL,KIAMBU,LIMURU,FRESH FRI,6756.753667,0.235282937,0.020902384,44.40835361,0.235675106,0.235282937,32.65270469
CENTRAL,KIAMBU,ROYSAMBU,FRESH FRI,85.98566667,0.002487622,0.000266001,44.40835361,0.002999174,0.002487622,22.314648
CENTRAL,KIAMBU,RUIRU,FRESH FRI,16207.464,0.565092203,0.050138669,44.40835361,0.565315236,0.565092203,47.29899116
CENTRAL,KIAMBU,THIKA TOWN,FRESH FRI,21762.09583,0.75893679,0.067322224,44.40835361,0.759060414,0.75893679,55.90731014
CENTRAL,KIAMBU,WESTLANDS,FRESH FRI,79.30783333,0.00225458,0.000245343,44.40835361,0.002766252,0.00225458,22.30429899
CENTRAL,KIRINYAGA,GACHOKA,FRESH FRI,1081.701333,0.037235936,0.003346302,44.40835361,0.037729669,0.037235936,23.85776342
CENTRAL,KIRINYAGA,GICHUGU,FRESH FRI,18648.32767,0.650273044,0.057689614,44.40835361,0.650452393,0.650273044,51.08173207
CENTRAL,KIRINYAGA,KIRINYAGA CENTRAL,FRESH FRI,14753.35133,0.514346829,0.045640293,44.40835361,0.514595885,0.514346829,45.04547265
CENTRAL,KIRINYAGA,MWEA,FRESH FRI,18635.02233,0.649808716,0.057648453,44.40835361,0.649988304,0.649808716,51.06111205
CENTRAL,KIRINYAGA,NDIA,FRESH FRI,12065.41883,0.420543822,0.037325028,44.40835361,0.420840984,0.420543822,40.87983556
CENTRAL,MURANG'A,GATANGA,FRESH FRI,3474.558167,0.120741443,0.010748734,44.40835361,0.121192351,0.120741443,27.56610549
CENTRAL,MURANG'A,KANDARA,FRESH FRI,10322.9605,0.359735811,0.031934638,44.40835361,0.360064156,0.359735811,38.17945189
CENTRAL,MURANG'A,KANGEMA,FRESH FRI,4457.853833,0.155056326,0.013790613,44.40835361,0.155489637,0.155056326,29.08997296
CENTRAL,MURANG'A,KIGUMO,FRESH FRI,4942.969333,0.171985803,0.015291344,44.40835361,0.172410432,0.171985803,29.84178317
CENTRAL,MURANG'A,KIHARU,FRESH FRI,16954.89683,0.591175985,0.052450893,44.40835361,0.591385642,0.591175985,48.457329
CENTRAL,MURANG'A,MARAGWA,FRESH FRI,16795.75383,0.58562224,0.051958576,44.40835361,0.585834745,0.58562224,48.21069632
CENTRAL,MURANG'A,MATHIOYA,FRESH FRI,3530.3845,0.122689661,0.010921436,44.40835361,0.12313957,0.122689661,27.65262263
CENTRAL,MURANG'A,THIKA TOWN,FRESH FRI,14.70266667,0,4.55E-05,44.40835361,0.000512828,0,22.20417681
CENTRAL,NYANDARUA,KINANGOP,FRESH FRI,8303.368833,0.289256448,0.025686922,44.40835361,0.289620937,0.289256448,35.04957942
CENTRAL,NYANDARUA,KIPIPIRI,FRESH FRI,8708.7615,0.303403771,0.026941026,44.40835361,0.303761005,0.303403771,35.67783877
CENTRAL,NYANDARUA,LARI,FRESH FRI,18.71266667,0.00013994,5.79E-05,44.40835361,0.000652697,0.00013994,22.21039132
CENTRAL,NYANDARUA,NDARAGWA,FRESH FRI,2247.229667,0.077910344,0.006951927,44.40835361,0.078383217,0.077910344,25.6640469
CENTRAL,NYANDARUA,OL JOROK,FRESH FRI,5221.946833,0.181721512,0.016154376,44.40835361,0.182141148,0.181721512,30.27412998
CENTRAL,NYANDARUA,OL KALOU,FRESH FRI,4823.266,0.167808417,0.014921035,44.40835361,0.168235188,0.167808417,29.65627232
CENTRAL,NYERI,KIENI,FRESH FRI,7440.3155,0.259137761,0.02301702,44.40835361,0.259517696,0.259137761,33.71205812
CENTRAL,NYERI,MATHIRA,FRESH FRI,6041.821167,0.210333346,0.018690702,44.40835361,0.210738309,0.210333346,31.5447344
CENTRAL,NYERI,MUKURWENI,FRESH FRI,4436.046167,0.154295286,0.01372315,44.40835361,0.154728987,0.154295286,29.05617642
CENTRAL,NYERI,NDIA,FRESH FRI,107.8193333,0.003249569,0.000333545,44.40835361,0.003760731,0.003249569,22.34848483
CENTRAL,NYERI,NYERI TOWN,FRESH FRI,11327.54333,0.39479357,0.03504237,44.40835361,0.395103937,0.39479357,39.73630925
CENTRAL,NYERI,OTHAYA,FRESH FRI,3214.505333,0.111666164,0.009944247,44.40835361,0.112121726,0.111666164,27.16308729
CENTRAL,NYERI,TETU,FRESH FRI,2260.1765,0.07836216,0.006991979,44.40835361,0.078834802,0.07836216,25.68411132
CENTRAL,KIAMBU,THIKA TOWN,FRYKING,24,0.178707224,0.03910387,48.03585969,0.181818182,0.178707224,32.602285
CENTRAL,KIRINYAGA,GICHUGU,FRYKING,132,1,0.215071283,48.03585969,1,1,72.05378954
CENTRAL,KIRINYAGA,KIRINYAGA CENTRAL,FRYKING,24,0.178707224,0.03910387,48.03585969,0.181818182,0.178707224,32.602285
CENTRAL,KIRINYAGA,MWEA,FRYKING,96,0.726235741,0.156415479,48.03585969,0.727272727,0.726235741,58.90328802
CENTRAL,KIRINYAGA,NDIA,FRYKING,48.5,0.365019011,0.079022403,48.03585969,0.367424242,0.365019011,41.55193186
CENTRAL,MURANG'A,KIHARU,FRYKING,48,0.36121673,0.078207739,48.03585969,0.363636364,0.36121673,41.36928601
CENTRAL,MURANG'A,MATHIOYA,FRYKING,0.5,0,0.000814664,48.03585969,0.003787879,0,24.01792985
CENTRAL,NYANDARUA,NDARAGWA,FRYKING,12,0.087452471,0.019551935,48.03585969,0.090909091,0.087452471,28.21878449
CENTRAL,NYANDARUA,OL JOROK,FRYKING,12,0.087452471,0.019551935,48.03585969,0.090909091,0.087452471,28.21878449
CENTRAL,NYERI,KIENI,FRYKING,48.75,0.366920152,0.079429735,48.03585969,0.369318182,0.366920152,41.64325479
CENTRAL,NYERI,MATHIRA,FRYKING,96,0.726235741,0.156415479,48.03585969,0.727272727,0.726235741,58.90328802
CENTRAL,NYERI,NYERI TOWN,FRYKING,60,0.452471483,0.097759674,48.03585969,0.454545455,0.452471483,45.75278651
CENTRAL,NYERI,TETU,FRYKING,12,0.087452471,0.019551935,48.03585969,0.090909091,0.087452471,28.21878449
CENTRAL,KIAMBU,GATUNDU NORTH,FRYMATE,171,0.02378774,0.006366107,37.92318682,0.024062478,0.02378774,19.86370032
CENTRAL,KIAMBU,GATUNDU SOUTH,FRYMATE,4.5,0.00035189,0.000167529,37.92318682,0.000633223,0.00035189,18.97493819
CENTRAL,KIAMBU,GITHUNGURI,FRYMATE,91.5,0.012597649,0.003406426,37.92318682,0.012875536,0.012597649,19.43933642
CENTRAL,KIAMBU,JUJA,FRYMATE,487.5,0.06833697,0.018148989,37.92318682,0.06859917,0.06833697,21.55314907
CENTRAL,KIAMBU,KABETE,FRYMATE,12,0.001407559,0.000446744,37.92318682,0.001688595,0.001407559,19.01497252
CENTRAL,KIAMBU,KIAMBAA,FRYMATE,24.5,0.003167007,0.000912103,37.92318682,0.003447548,0.003167007,19.0816964
CENTRAL,KIAMBU,KIAMBU,FRYMATE,169,0.023506228,0.00629165,37.92318682,0.023781046,0.023506228,19.8530245
CENTRAL,KIAMBU,RUIRU,FRYMATE,2,0,7.45E-05,37.92318682,0.000281432,0,18.96159341
CENTRAL,KIAMBU,THIKA TOWN,FRYMATE,366.5,0.051305511,0.013644317,37.92318682,0.051572504,0.051305511,20.90726187
CENTRAL,KIAMBU,WESTLANDS,FRYMATE,3,0.000140756,0.000111686,37.92318682,0.000422149,0.000140756,18.96693132
CENTRAL,KIRINYAGA,GACHOKA,FRYMATE,271,0.037863326,0.010088977,37.92318682,0.038134103,0.037863326,20.3974914
CENTRAL,KIRINYAGA,GICHUGU,FRYMATE,825.5,0.11591245,0.030732288,37.92318682,0.116161261,0.11591245,23.3573629
CENTRAL,KIRINYAGA,KIRINYAGA CENTRAL,FRYMATE,526.5,0.073826448,0.019600908,37.92318682,0.074087103,0.073826448,21.76132759
CENTRAL,KIRINYAGA,MWEA,FRYMATE,1042,0.146386093,0.038792301,37.92318682,0.146626328,0.146386093,24.51302057
CENTRAL,KIRINYAGA,NDIA,FRYMATE,658.5,0.092406221,0.024515096,37.92318682,0.092661648,0.092406221,22.46593181
CENTRAL,MURANG'A,GATANGA,FRYMATE,72.5,0.009923288,0.00269908,37.92318682,0.010201928,0.009923288,19.33791612
CENTRAL,MURANG'A,KANDARA,FRYMATE,1189.5,0.167147583,0.044283534,37.92318682,0.167381974,0.167147583,25.30036241
CENTRAL,MURANG'A,KANGEMA,FRYMATE,25,0.003237385,0.000930717,37.92318682,0.003517906,0.003237385,19.08436536
CENTRAL,MURANG'A,KIGUMO,FRYMATE,2179.5,0.306495883,0.081139943,37.92318682,0.306691057,0.306495883,30.58489404
CENTRAL,MURANG'A,KIHARU,FRYMATE,843,0.118375677,0.031383791,37.92318682,0.118623795,0.118375677,23.45077634
CENTRAL,MURANG'A,MARAGWA,FRYMATE,1254.5,0.176296713,0.046703399,37.92318682,0.17652853,0.176296713,25.64732661
CENTRAL,MURANG'A,MATHIOYA,FRYMATE,653.5,0.091702442,0.024328953,37.92318682,0.091958067,0.091702442,22.43924225
CENTRAL,NYANDARUA,KINANGOP,FRYMATE,419.5,0.058765571,0.015617438,37.92318682,0.059030465,0.058765571,21.19017114
CENTRAL,NYANDARUA,KIPIPIRI,FRYMATE,1160,0.162995285,0.043185287,37.92318682,0.163230845,0.162995285,25.14289404
CENTRAL,NYANDARUA,NDARAGWA,FRYMATE,135,0.018720529,0.005025874,37.92318682,0.018996693,0.018720529,19.67153554
CENTRAL,NYANDARUA,OL JOROK,FRYMATE,284,0.039693152,0.01057295,37.92318682,0.039963414,0.039693152,20.46688424
CENTRAL,NYANDARUA,OL KALOU,FRYMATE,137,0.019002041,0.005100331,37.92318682,0.019278126,0.019002041,19.68221136
CENTRAL,NYERI,KIENI,FRYMATE,3955.5,0.556478288,0.147258107,37.92318682,0.55660311,0.556478288,40.0650235
CENTRAL,NYERI,MATHIRA,FRYMATE,1664.5,0.234006616,0.061967164,37.92318682,0.234222191,0.234006616,27.83587001
CENTRAL,NYERI,MUKURWENI,FRYMATE,725,0.101766486,0.026990805,37.92318682,0.102019278,0.101766486,22.82090287
CENTRAL,NYERI,NYERI TOWN,FRYMATE,7106.5,1,0.264565727,37.92318682,1,1,56.88478023
CENTRAL,NYERI,OTHAYA,FRYMATE,158.5,0.022028292,0.005900748,37.92318682,0.022303525,0.022028292,19.79697644
CENTRAL,NYERI,TETU,FRYMATE,243,0.033922162,0.009046573,37.92318682,0.034194048,0.033922162,20.2480299
CENTRAL,MURANG'A,KIHARU,HOTEL SOAP,50.4,1,0.642092747,,1,1,
CENTRAL,NYERI,NYERI TOWN,HOTEL SOAP,28.09333333,0,0.357907253,,0.557407407,0,
CENTRAL,NYERI,NYERI TOWN,MEDIMIX BODYWASH,14.688,0,1,,1,0,
CENTRAL,KIAMBU,JUJA,MPISHI POA,24.91,0.002213665,0.001104898,41.53469221,0.003692867,0.002213665,20.85929
CENTRAL,KIAMBU,THIKA TOWN,MPISHI POA,10,0,0.000443556,41.53469221,0.001482484,0,20.76734611
CENTRAL,KIRINYAGA,GACHOKA,MPISHI POA,75.396,0.009709245,0.003344234,41.53469221,0.011177334,0.009709245,21.17061659
CENTRAL,KIRINYAGA,GICHUGU,MPISHI POA,455.5175,0.066145305,0.020204746,41.53469221,0.067529729,0.066145305,23.51467098
CENTRAL,KIRINYAGA,KIRINYAGA CENTRAL,MPISHI POA,107.9811667,0.014547115,0.004789568,41.53469221,0.016008032,0.014547115,21.37155603
CENTRAL,KIRINYAGA,MWEA,MPISHI POA,675.3323333,0.098780878,0.029954762,41.53469221,0.100116921,0.098780878,24.87017948
CENTRAL,KIRINYAGA,NDIA,MPISHI POA,553.9511667,0.080759601,0.024570829,41.53469221,0.08212236,0.080759601,24.12167129
CENTRAL,MURANG'A,GATANGA,MPISHI POA,25.132,0.002246625,0.001114745,41.53469221,0.003725778,0.002246625,20.86065898
CENTRAL,MURANG'A,KANDARA,MPISHI POA,480.7725,0.069894876,0.021324946,41.53469221,0.071273742,0.069894876,23.67040827
CENTRAL,MURANG'A,KANGEMA,MPISHI POA,56.547,0.006910762,0.002508175,41.53469221,0.008383001,0.006910762,21.05438249
CENTRAL,MURANG'A,KIGUMO,MPISHI POA,578.036,0.08433544,0.025639126,41.53469221,0.085692898,0.08433544,24.27019264
CENTRAL,MURANG'A,KIHARU,MPISHI POA,485.829,0.070645607,0.02154923,41.53469221,0.07202336,0.070645607,23.70158965
CENTRAL,MURANG'A,MARAGWA,MPISHI POA,247.9845,0.035333196,0.010999498,41.53469221,0.036763299,0.035333196,22.23489954
CENTRAL,MURANG'A,MATHIOYA,MPISHI POA,760.1451667,0.111372911,0.033716685,41.53469221,0.112690286,0.111372911,25.39318566
CENTRAL,NYANDARUA,KINANGOP,MPISHI POA,761.2901667,0.111542907,0.033767472,41.53469221,0.11286003,0.111542907,25.40024641
CENTRAL,NYANDARUA,KIPIPIRI,MPISHI POA,1661.6985,0.245225161,0.073705612,41.53469221,0.246344102,0.245225161,30.95269769
CENTRAL,NYANDARUA,NDARAGWA,MPISHI POA,616.3155,0.090018739,0.027337036,41.53469221,0.091367771,0.090018739,24.50624672
CENTRAL,NYANDARUA,OL JOROK,MPISHI POA,1330.100333,0.195993286,0.058997381,41.53469221,0.197185213,0.195993286,28.90786692
CENTRAL,NYANDARUA,OL KALOU,MPISHI POA,543.482,0.07920526,0.024106463,41.53469221,0.080570323,0.07920526,24.05711221
CENTRAL,NYERI,KIENI,MPISHI POA,3316.561833,0.4909202,0.147108046,41.53469221,0.491674902,0.4909202,41.15756551
CENTRAL,NYERI,MATHIRA,MPISHI POA,1724.859,0.254602504,0.076507133,41.53469221,0.255707544,0.254602504,31.34218275
CENTRAL,NYERI,MUKURWENI,MPISHI POA,260.4805,0.037188458,0.011553765,41.53469221,0.038615811,0.037188458,22.31195728
CENTRAL,NYERI,NYERI TOWN,MPISHI POA,6745.4365,1,0.299197794,41.53469221,1,1,62.30203832
CENTRAL,NYERI,OTHAYA,MPISHI POA,500.5456667,0.072830568,0.022201997,41.53469221,0.074205082,0.072830568,23.79234133
CENTRAL,NYERI,TETU,MPISHI POA,546.77,0.079693424,0.024252304,41.53469221,0.081057764,0.079693424,24.07738796
CENTRAL,KIAMBU,GATUNDU NORTH,NDUME,4650,0.19195506,0.024352595,10.97780161,0.19195506,0.19195506,7.596145374
CENTRAL,KIAMBU,GATUNDU SOUTH,NDUME,0,0,0,10.97780161,0,0,5.488900805
CENTRAL,KIAMBU,GITHUNGURI,NDUME,3850,0.158930534,0.020162902,10.97780161,0.158930534,0.158930534,7.233608674
CENTRAL,KIAMBU,JUJA,NDUME,16178,0.667838487,0.084726084,10.97780161,0.667838487,0.667838487,12.82029922
CENTRAL,KIAMBU,KABETE,NDUME,20158.8,0.832168531,0.105574,10.97780161,0.832168531,0.832168531,14.62428184
CENTRAL,KIAMBU,KIAMBAA,NDUME,0,0,0,10.97780161,0,0,5.488900805
CENTRAL,KIAMBU,KIAMBU,NDUME,6010,0.248096755,0.031475075,10.97780161,0.248096755,0.248096755,8.212457764
CENTRAL,KIAMBU,KIKUYU,NDUME,10,0.000412807,5.24E-05,10.97780161,0.000412807,0.000412807,5.493432514
CENTRAL,KIAMBU,LARI,NDUME,90,0.003715259,0.000471341,10.97780161,0.003715259,0.003715259,5.529686184
CENTRAL,KIAMBU,LIMURU,NDUME,360,0.014861037,0.001885362,10.97780161,0.014861037,0.014861037,5.65204232
CENTRAL,KIAMBU,ROYSAMBU,NDUME,0,0,0,10.97780161,0,0,5.488900805
CENTRAL,KIAMBU,RUIRU,NDUME,2699.2,0.111424752,0.014136027,10.97780161,0.111424752,0.111424752,6.712099631
CENTRAL,KIAMBU,THIKA TOWN,NDUME,3680,0.151912822,0.019272592,10.97780161,0.151912822,0.151912822,7.156569625
CENTRAL,KIAMBU,WESTLANDS,NDUME,0,0,0,10.97780161,0,0,5.488900805
CENTRAL,KIRINYAGA,GACHOKA,NDUME,13160,0.543253461,0.068920464,10.97780161,0.543253461,0.543253461,11.45262952
CENTRAL,KIRINYAGA,GICHUGU,NDUME,4792,0.197816914,0.025096266,10.97780161,0.197816914,0.197816914,7.660495638
CENTRAL,KIRINYAGA,KIRINYAGA CENTRAL,NDUME,390,0.016099457,0.002042476,10.97780161,0.016099457,0.016099457,5.665637446
CENTRAL,KIRINYAGA,MWEA,NDUME,24224.42,1,0.126866129,10.97780161,1,1,16.46670242
CENTRAL,KIRINYAGA,NDIA,NDUME,12960,0.534997329,0.06787304,10.97780161,0.534997329,0.534997329,11.36199535
CENTRAL,MURANG'A,GATANGA,NDUME,1395,0.057586518,0.007305779,10.97780161,0.057586518,0.057586518,6.121074176
CENTRAL,MURANG'A,KANDARA,NDUME,19481,0.804188501,0.102024282,10.97780161,0.804188501,0.804188501,14.31712262
CENTRAL,MURANG'A,KANGEMA,NDUME,110,0.004540872,0.000576083,10.97780161,0.004540872,0.004540872,5.538749601
CENTRAL,MURANG'A,KIGUMO,NDUME,3450,0.14241827,0.018068055,10.97780161,0.14241827,0.14241827,7.052340324
CENTRAL,MURANG'A,KIHARU,NDUME,5735.12,0.236749528,0.030035496,10.97780161,0.236749528,0.236749528,8.087890154
CENTRAL,MURANG'A,MARAGWA,NDUME,21220,0.875975565,0.111131629,10.97780161,0.875975565,0.875975565,15.10518677
CENTRAL,MURANG'A,MATHIOYA,NDUME,2440,0.100724806,0.012778566,10.97780161,0.100724806,0.100724806,6.59463774
CENTRAL,NYANDARUA,KINANGOP,NDUME,420,0.017337876,0.002199589,10.97780161,0.017337876,0.017337876,5.679232573
CENTRAL,NYANDARUA,KIPIPIRI,NDUME,1250,0.051600823,0.006546397,10.97780161,0.051600823,0.051600823,6.055364399
CENTRAL,NYANDARUA,NDARAGWA,NDUME,89.2,0.003682235,0.000467151,10.97780161,0.003682235,0.003682235,5.529323647
CENTRAL,NYANDARUA,OL JOROK,NDUME,1780,0.073479571,0.009322069,10.97780161,0.073479571,0.073479571,6.295544963
CENTRAL,NYANDARUA,OL KALOU,NDUME,2090,0.086276575,0.010945575,10.97780161,0.086276575,0.086276575,6.436027934
CENTRAL,NYERI,KIENI,NDUME,3450,0.14241827,0.018068055,10.97780161,0.14241827,0.14241827,7.052340324
CENTRAL,NYERI,MATHIRA,NDUME,2640,0.108980937,0.01382599,10.97780161,0.108980937,0.108980937,6.685271915
CENTRAL,NYERI,MUKURWENI,NDUME,1170,0.04829837,0.006127427,10.97780161,0.04829837,0.04829837,6.019110729
CENTRAL,NYERI,NYERI TOWN,NDUME,8862,0.365829192,0.046411333,10.97780161,0.365829192,0.365829192,9.5049011
CENTRAL,NYERI,OTHAYA,NDUME,1890,0.078020444,0.009898152,10.97780161,0.078020444,0.078020444,6.345393759
CENTRAL,NYERI,TETU,NDUME,260,0.010732971,0.00136165,10.97780161,0.010732971,0.010732971,5.606725233
CENTRAL,KIAMBU,GATUNDU NORTH,ONJA,47.5,0.081465517,0.009346714,48.25271697,0.081861267,0.081465517,28.05729103
CENTRAL,KIAMBU,GATUNDU SOUTH,ONJA,29,0.049568966,0.005706415,48.25271697,0.049978458,0.049568966,26.51819575
CENTRAL,KIAMBU,GITHUNGURI,ONJA,217.5,0.374568966,0.042798111,48.25271697,0.374838432,0.374568966,42.20032876
CENTRAL,KIAMBU,JUJA,ONJA,580.25,1,0.114177489,48.25271697,1,1,72.37907546
CENTRAL,KIAMBU,KABETE,ONJA,30.75,0.052586207,0.006050767,48.25271697,0.052994399,0.052586207,26.66378584
CENTRAL,KIAMBU,KIAMBAA,ONJA,21,0.035775862,0.004132231,48.25271697,0.036191297,0.035775862,25.85264103
CENTRAL,KIAMBU,KIAMBU,ONJA,160.75,0.276724138,0.031631248,48.25271697,0.27703576,0.276724138,37.47904999
CENTRAL,KIAMBU,KIKUYU,ONJA,5,0.008189655,0.000983865,48.25271697,0.008616975,0.008189655,24.5215316
CENTRAL,KIAMBU,LARI,ONJA,3,0.004741379,0.000590319,48.25271697,0.005170185,0.004741379,24.35514292
CENTRAL,KIAMBU,LIMURU,ONJA,62.5,0.107327586,0.012298308,48.25271697,0.107712193,0.107327586,29.30520613
CENTRAL,KIAMBU,ROYSAMBU,ONJA,0.25,0,4.92E-05,48.25271697,0.000430849,0,24.12635849
CENTRAL,KIAMBU,RUIRU,ONJA,118.25,0.203448276,0.023268398,48.25271697,0.203791469,0.203448276,33.94329056
CENTRAL,KIAMBU,THIKA TOWN,ONJA,572.75,0.987068966,0.112701692,48.25271697,0.987074537,0.987068966,71.75511791
CENTRAL,KIAMBU,WESTLANDS,ONJA,0.75,0.000862069,0.00014758,48.25271697,0.001292546,0.000862069,24.16795565
CENTRAL,KIRINYAGA,GACHOKA,ONJA,8.5,0.014224138,0.00167257,48.25271697,0.014648858,0.014224138,24.81271179
CENTRAL,KIRINYAGA,GICHUGU,ONJA,97,0.166810345,0.019086974,48.25271697,0.167169324,0.166810345,32.17541084
CENTRAL,KIRINYAGA,KIRINYAGA CENTRAL,ONJA,89.75,0.154310345,0.01766037,48.25271697,0.154674709,0.154310345,31.57225188
CENTRAL,KIRINYAGA,MWEA,ONJA,178.75,0.307758621,0.03517316,48.25271697,0.308056872,0.307758621,38.9765481
CENTRAL,KIRINYAGA,NDIA,ONJA,255.75,0.440517241,0.050324675,48.25271697,0.440758294,0.440517241,45.38251225
CENTRAL,MURANG'A,GATANGA,ONJA,44.75,0.076724138,0.008805588,48.25271697,0.07712193,0.076724138,27.8285066
CENTRAL,MURANG'A,KANDARA,ONJA,294.5,0.507327586,0.057949626,48.25271697,0.507539854,0.507327586,48.60629291
CENTRAL,MURANG'A,KANGEMA,ONJA,85.5,0.146982759,0.016824085,48.25271697,0.14735028,0.146982759,31.21867594
CENTRAL,MURANG'A,KIGUMO,ONJA,257.5,0.443534483,0.050669028,48.25271697,0.443774235,0.443534483,45.52810235
CENTRAL,MURANG'A,KIHARU,ONJA,267.75,0.461206897,0.05268595,48.25271697,0.461439035,0.461206897,46.38084433
CENTRAL,MURANG'A,MARAGWA,ONJA,270.25,0.465517241,0.053177883,48.25271697,0.465747523,0.465517241,46.58883018
CENTRAL,MURANG'A,MATHIOYA,ONJA,124.75,0.214655172,0.024547422,48.25271697,0.214993537,0.214655172,34.48405377
CENTRAL,NYANDARUA,KINANGOP,ONJA,88,0.151293103,0.017316017,48.25271697,0.151658768,0.151293103,31.42666179
CENTRAL,NYANDARUA,KIPIPIRI,ONJA,93,0.159913793,0.018299882,48.25271697,0.160275743,0.159913793,31.84263348
CENTRAL,NYANDARUA,NDARAGWA,ONJA,30.25,0.051724138,0.005952381,48.25271697,0.052132701,0.051724138,26.62218867
CENTRAL,NYANDARUA,OL JOROK,ONJA,41,0.070258621,0.00806769,48.25271697,0.070659199,0.070258621,27.51652782
CENTRAL,NYANDARUA,OL KALOU,ONJA,19,0.032327586,0.003738686,48.25271697,0.032744507,0.032327586,25.68625235
CENTRAL,NYERI,KIENI,ONJA,185.25,0.318965517,0.036452184,48.25271697,0.31925894,0.318965517,39.51731131
CENTRAL,NYERI,MATHIRA,ONJA,149,0.256465517,0.029319166,48.25271697,0.256785868,0.256465517,36.5015165
CENTRAL,NYERI,MUKURWENI,ONJA,52.75,0.090517241,0.010379772,48.25271697,0.090909091,0.090517241,28.49406131
CENTRAL,NYERI,NDIA,ONJA,4.5,0.007327586,0.000885478,48.25271697,0.007755278,0.007327586,24.47993443
CENTRAL,NYERI,NYERI TOWN,ONJA,319,0.549568966,0.062770563,48.25271697,0.549763033,0.549568966,50.64455423
CENTRAL,NYERI,OTHAYA,ONJA,263,0.453017241,0.051751279,48.25271697,0.453252908,0.453017241,45.98567122
CENTRAL,NYERI,TETU,ONJA,13.25,0.022413793,0.002607241,48.25271697,0.022834985,0.022413793,25.2078849
CENTRAL,KIAMBU,GATUNDU NORTH,POPCO,662.888,0.078168372,0.015127035,44.00430178,0.085360197,0.078168372,25.44189551
CENTRAL,KIAMBU,GITHUNGURI,POPCO,69.5,0.001156883,0.001585983,44.00430178,0.008949526,0.001156883,22.05305871
CENTRAL,KIAMBU,JUJA,POPCO,951.518,0.115627549,0.021713542,44.00430178,0.12252713,0.115627549,27.09026043
CENTRAL,KIAMBU,KABETE,POPCO,819.698,0.098519595,0.018705423,44.00430178,0.105552647,0.098519595,26.33743687
CENTRAL,KIAMBU,KIAMBU,POPCO,680.698,0.080479801,0.015533458,44.00430178,0.087653594,0.080479801,25.54360836
CENTRAL,KIAMBU,LARI,POPCO,60.586,0,0.001382566,44.00430178,0.007801669,0,22.00215089
CENTRAL,KIAMBU,RUIRU,POPCO,498.938,0.0568905,0.011385713,44.00430178,0.064248329,0.0568905,24.50557763
CENTRAL,KIAMBU,THIKA TOWN,POPCO,577.264,0.067055859,0.013173104,44.00430178,0.074334381,0.067055859,24.95289715
CENTRAL,KIRINYAGA,GACHOKA,POPCO,659.336,0.077707384,0.015045979,44.00430178,0.084902806,0.077707384,25.42161005
CENTRAL,KIRINYAGA,GICHUGU,POPCO,1563.573,0.195061691,0.035680573,44.00430178,0.201341553,0.195061691,30.5857044
CENTRAL,KIRINYAGA,KIRINYAGA CENTRAL,POPCO,292.252,0.030066236,0.00666916,44.00430178,0.037633338,0.030066236,23.32519461
CENTRAL,KIRINYAGA,MWEA,POPCO,3922.006,0.501145462,0.089499769,44.00430178,0.50503736,0.501145462,44.05470704
CENTRAL,KIRINYAGA,NDIA,POPCO,1040.634667,0.127193349,0.023747175,44.00430178,0.134002698,0.127193349,27.59920541
CENTRAL,MURANG'A,GATANGA,POPCO,190.65,0.016880055,0.004350613,44.00430178,0.024550032,0.016880055,22.74494594
CENTRAL,MURANG'A,KANDARA,POPCO,7765.774,1,0.177214154,44.00430178,1,1,66.00645267
CENTRAL,MURANG'A,KANGEMA,POPCO,222.734,0.021044003,0.005082767,44.00430178,0.028681494,0.021044003,22.92817755
CENTRAL,MURANG'A,KIGUMO,POPCO,2704.933833,0.343190566,0.061726309,44.00430178,0.348314776,0.343190566,37.10401214
CENTRAL,MURANG'A,KIHARU,POPCO,1056.656,0.129272641,0.02411278,44.00430178,0.136065768,0.129272641,27.69070318
CENTRAL,MURANG'A,MARAGWA,POPCO,3914.895833,0.500222685,0.089337515,44.00430178,0.504121783,0.500222685,44.0141009
CENTRAL,MURANG'A,MATHIOYA,POPCO,650.36,0.076542454,0.014841148,44.00430178,0.083746965,0.076542454,25.37034815
CENTRAL,NYANDARUA,KINANGOP,POPCO,85.532,0.003237559,0.001951831,44.00430178,0.01101397,0.003237559,22.14461741
CENTRAL,NYANDARUA,KIPIPIRI,POPCO,71.276,0.001387377,0.001626511,44.00430178,0.009178222,0.001387377,22.06320144
CENTRAL,NYANDARUA,NDARAGWA,POPCO,101.574,0.005319533,0.002317908,44.00430178,0.013079701,0.005319533,22.23623321
CENTRAL,NYANDARUA,OL JOROK,POPCO,1170.748,0.144079807,0.026716348,44.00430178,0.150757413,0.144079807,28.3422822
CENTRAL,NYANDARUA,OL KALOU,POPCO,791.174,0.094817673,0.018054508,44.00430178,0.101879607,0.094817673,26.17453641
CENTRAL,NYERI,KIENI,POPCO,3522.734,0.449326869,0.080388423,44.00430178,0.453623039,0.449326869,41.77446604
CENTRAL,NYERI,MATHIRA,POPCO,1416.616,0.175989217,0.03232703,44.00430178,0.182417876,0.175989217,29.74643349
CENTRAL,NYERI,MUKURWENI,POPCO,718.062,0.085329002,0.0163861,44.00430178,0.092464962,0.085329002,25.75699403
CENTRAL,NYERI,NYERI TOWN,POPCO,6735.432,0.866279447,0.153701857,44.00430178,0.867322691,0.866279447,60.1221731
CENTRAL,NYERI,OTHAYA,POPCO,450.802,0.050643281,0.010287255,44.00430178,0.058049848,0.050643281,24.2306731
CENTRAL,NYERI,TETU,POPCO,452.564,0.050871958,0.010327463,44.00430178,0.058276741,0.050871958,24.24073588
CENTRAL,KIAMBU,GATUNDU NORTH,POPCO BAR,80,0.036649215,0.009779951,,0.041666667,0.036649215,
CENTRAL,KIAMBU,KABETE,POPCO BAR,1550,0.806282723,0.189486553,,0.807291667,0.806282723,
CENTRAL,KIAMBU,KIAMBU,POPCO BAR,100,0.047120419,0.012224939,,0.052083333,0.047120419,
CENTRAL,KIAMBU,LIMURU,POPCO BAR,30,0.010471204,0.003667482,,0.015625,0.010471204,
CENTRAL,KIAMBU,RUIRU,POPCO BAR,630,0.32460733,0.077017115,,0.328125,0.32460733,
CENTRAL,KIRINYAGA,GACHOKA,POPCO BAR,250,0.12565445,0.030562347,,0.130208333,0.12565445,
CENTRAL,KIRINYAGA,GICHUGU,POPCO BAR,80,0.036649215,0.009779951,,0.041666667,0.036649215,
CENTRAL,KIRINYAGA,MWEA,POPCO BAR,1920,1,0.234718826,,1,1,
CENTRAL,KIRINYAGA,NDIA,POPCO BAR,100,0.047120419,0.012224939,,0.052083333,0.047120419,
CENTRAL,MURANG'A,GATANGA,POPCO BAR,520,0.267015707,0.063569682,,0.270833333,0.267015707,
CENTRAL,MURANG'A,KANDARA,POPCO BAR,620,0.319371728,0.075794621,,0.322916667,0.319371728,
CENTRAL,MURANG'A,KIGUMO,POPCO BAR,360,0.183246073,0.04400978,,0.1875,0.183246073,
CENTRAL,MURANG'A,KIHARU,POPCO BAR,20,0.005235602,0.002444988,,0.010416667,0.005235602,
CENTRAL,MURANG'A,MARAGWA,POPCO BAR,200,0.09947644,0.024449878,,0.104166667,0.09947644,
CENTRAL,MURANG'A,MATHIOYA,POPCO BAR,60,0.02617801,0.007334963,,0.03125,0.02617801,
CENTRAL,NYERI,KIENI,POPCO BAR,650,0.335078534,0.079462103,,0.338541667,0.335078534,
CENTRAL,NYERI,MATHIRA,POPCO BAR,90,0.041884817,0.011002445,,0.046875,0.041884817,
CENTRAL,NYERI,MUKURWENI,POPCO BAR,20,0.005235602,0.002444988,,0.010416667,0.005235602,
CENTRAL,NYERI,NYERI TOWN,POPCO BAR,890,0.460732984,0.108801956,,0.463541667,0.460732984,
CENTRAL,NYERI,TETU,POPCO BAR,10,0,0.001222494,,0.005208333,0,
CENTRAL,KIRINYAGA,GICHUGU,POPCO LAUNDRY SOAP,20,0.02,0.011173184,,0.039215686,0.02,
CENTRAL,MURANG'A,GATANGA,POPCO LAUNDRY SOAP,280,0.54,0.156424581,,0.549019608,0.54,
CENTRAL,MURANG'A,KANDARA,POPCO LAUNDRY SOAP,460,0.9,0.25698324,,0.901960784,0.9,
CENTRAL,MURANG'A,KIGUMO,POPCO LAUNDRY SOAP,260,0.5,0.145251397,,0.509803922,0.5,
CENTRAL,MURANG'A,KIHARU,POPCO LAUNDRY SOAP,30,0.04,0.016759777,,0.058823529,0.04,
CENTRAL,MURANG'A,MARAGWA,POPCO LAUNDRY SOAP,10,0,0.005586592,,0.019607843,0,
CENTRAL,MURANG'A,MATHIOYA,POPCO LAUNDRY SOAP,20,0.02,0.011173184,,0.039215686,0.02,
CENTRAL,NYERI,KIENI,POPCO LAUNDRY SOAP,80,0.14,0.044692737,,0.156862745,0.14,
CENTRAL,NYERI,MATHIRA,POPCO LAUNDRY SOAP,120,0.22,0.067039106,,0.235294118,0.22,
CENTRAL,NYERI,NYERI TOWN,POPCO LAUNDRY SOAP,510,1,0.284916201,,1,1,
CENTRAL,KIAMBU,GATUNDU SOUTH,RAINBOW WASHING POWDER,12.5,0.169014085,0.095565749,,0.297619048,0.169014085,
CENTRAL,KIAMBU,JUJA,RAINBOW WASHING POWDER,13.3,0.191549296,0.101681957,,0.316666667,0.191549296,
CENTRAL,KIAMBU,THIKA TOWN,RAINBOW WASHING POWDER,8,0.042253521,0.06116208,,0.19047619,0.042253521,
CENTRAL,MURANG'A,GATANGA,RAINBOW WASHING POWDER,13.5,0.197183099,0.103211009,,0.321428571,0.197183099,
CENTRAL,MURANG'A,KANDARA,RAINBOW WASHING POWDER,6.5,0,0.04969419,,0.154761905,0,
CENTRAL,MURANG'A,MARAGWA,RAINBOW WASHING POWDER,42,1,0.321100917,,1,1,
CENTRAL,NYANDARUA,KINANGOP,RAINBOW WASHING POWDER,22,0.436619718,0.168195719,,0.523809524,0.436619718,
CENTRAL,NYANDARUA,KIPIPIRI,RAINBOW WASHING POWDER,13,0.183098592,0.099388379,,0.30952381,0.183098592,
CENTRAL,KIAMBU,DAGORETTI,SALIT,64.154,0.000498821,0.000105753,33.57641678,0.000505843,0.000498821,16.80495702
CENTRAL,KIAMBU,GATUNDU NORTH,SALIT,3111.386667,0.024525885,0.005128861,33.57641678,0.024532738,0.024525885,17.61169972
CENTRAL,KIAMBU,GATUNDU SOUTH,SALIT,77.0735,0.00060069,0.000127049,33.57641678,0.000607711,0.00060069,16.8083774
CENTRAL,KIAMBU,GITHUNGURI,SALIT,1391.748,0.01096674,0.00229418,33.57641678,0.010973689,0.01096674,17.15643224
CENTRAL,KIAMBU,JUJA,SALIT,6943.609,0.054742498,0.011445959,33.57641678,0.054749138,0.054742498,18.62626531
CENTRAL,KIAMBU,KABETE,SALIT,3813.522,0.030062138,0.006286272,33.57641678,0.030068952,0.030062138,17.79758725
CENTRAL,KIAMBU,KIAMBAA,SALIT,444.6216667,0.003498763,0.000732922,33.57641678,0.003505764,0.003498763,16.90568432
CENTRAL,KIAMBU,KIAMBU,SALIT,3236.5845,0.025513055,0.005335239,33.57641678,0.025519901,0.025513055,17.64484535
CENTRAL,KIAMBU,KIKUYU,SALIT,110.488,0.000864159,0.00018213,33.57641678,0.000871178,0.000864159,16.81722376
CENTRAL,KIAMBU,LARI,SALIT,192.4566667,0.001510472,0.000317249,33.57641678,0.001517487,0.001510472,16.83892464
CENTRAL,KIAMBU,LIMURU,SALIT,1356.996,0.010692725,0.002236895,33.57641678,0.010699675,0.010692725,17.14723178
CENTRAL,KIAMBU,ROYSAMBU,SALIT,0.891,0,1.47E-06,33.57641678,7.03E-06,0,16.78820839
CENTRAL,KIAMBU,RUIRU,SALIT,8263.164333,0.065147033,0.013621136,33.57641678,0.065153601,0.065147033,18.97561232
CENTRAL,KIAMBU,THIKA TOWN,SALIT,4402.501,0.034706166,0.007257155,33.57641678,0.034712948,0.034706166,17.95351709
CENTRAL,KIAMBU,WESTLANDS,SALIT,7.128,4.92E-05,1.17E-05,33.57641678,5.62E-05,4.92E-05,16.78985961
CENTRAL,KIRINYAGA,GACHOKA,SALIT,6784.987,0.053491782,0.011184484,33.57641678,0.053498432,0.053491782,18.58427077
CENTRAL,KIRINYAGA,GICHUGU,SALIT,34928.55517,0.275400438,0.057576805,33.57641678,0.275405528,0.275400438,26.03516827
CENTRAL,KIRINYAGA,KIRINYAGA CENTRAL,SALIT,20834.7025,0.164272102,0.034344266,33.57641678,0.164277973,0.164272102,22.30387695
CENTRAL,KIRINYAGA,MWEA,SALIT,126825.9043,1,0.209061907,33.57641678,1,1,50.36462517
CENTRAL,KIRINYAGA,NDIA,SALIT,48278.914,0.380666414,0.079583756,33.57641678,0.380670765,0.380666414,29.56962256
CENTRAL,MURANG'A,GATANGA,SALIT,6314.079833,0.049778736,0.010408233,33.57641678,0.049785411,0.049778736,18.45959997
CENTRAL,MURANG'A,KANDARA,SALIT,51821.47167,0.408599056,0.085423366,33.57641678,0.40860321,0.408599056,30.50750058
CENTRAL,MURANG'A,KANGEMA,SALIT,3389.388667,0.026717897,0.005587124,33.57641678,0.026724735,0.026717897,17.68529964
CENTRAL,MURANG'A,KIGUMO,SALIT,31237.1345,0.246294029,0.051491806,33.57641678,0.246299324,0.246294029,25.05787936
CENTRAL,MURANG'A,KIHARU,SALIT,31744.22383,0.250292367,0.052327701,33.57641678,0.250297634,0.250292367,25.19212924
CENTRAL,MURANG'A,MARAGWA,SALIT,48077.55567,0.379078727,0.079251834,33.57641678,0.37908309,0.379078728,29.51631374
CENTRAL,MURANG'A,MATHIOYA,SALIT,8559.870333,0.067486524,0.014110231,33.57641678,0.067493075,0.067486524,19.05416405
CENTRAL,NYANDARUA,KINANGOP,SALIT,5842.339333,0.046059119,0.009630608,33.57641678,0.04606582,0.046059119,18.33470855
CENTRAL,NYANDARUA,KIPIPIRI,SALIT,6581.477167,0.051887132,0.010849015,33.57641678,0.051893793,0.051887132,18.53039235
CENTRAL,NYANDARUA,LARI,SALIT,7.5735,5.27E-05,1.25E-05,33.57641678,5.97E-05,5.27E-05,16.78997756
CENTRAL,NYANDARUA,NDARAGWA,SALIT,1293.753,0.010194062,0.002132644,33.57641678,0.010201015,0.010194062,17.13048845
CENTRAL,NYANDARUA,OL JOROK,SALIT,3199.605667,0.025221481,0.005274283,33.57641678,0.025228329,0.025221481,17.63505535
CENTRAL,NYANDARUA,OL KALOU,SALIT,6660.261,0.052508333,0.010978884,33.57641678,0.052514989,0.052508333,18.55125006
CENTRAL,NYERI,KIENI,SALIT,27729.37117,0.218635736,0.045709552,33.57641678,0.218641226,0.218635736,24.129213
CENTRAL,NYERI,MATHIOYA,SALIT,1.782,7.03E-06,2.94E-06,33.57641678,1.41E-05,7.03E-06,16.78844428
CENTRAL,NYERI,MATHIRA,SALIT,17756.80433,0.140003244,0.029270608,33.57641678,0.140009286,0.140003244,21.48901567
CENTRAL,NYERI,MUKURWENI,SALIT,12498.55017,0.098542542,0.020602816,33.57641678,0.098548875,0.098542542,20.09691384
CENTRAL,NYERI,NDIA,SALIT,49.896,0.000386399,8.22E-05,33.57641678,0.000393421,0.000386399,16.80118227
CENTRAL,NYERI,NYERI TOWN,SALIT,58835.1175,0.463900811,0.096984776,33.57641678,0.463904577,0.463900811,32.36433536
CENTRAL,NYERI,OTHAYA,SALIT,2313.517833,0.018234785,0.003813641,33.57641678,0.018241682,0.018234785,17.40046713
CENTRAL,NYERI,TETU,SALIT,11659.657,0.09192797,0.01921997,33.57641678,0.091934349,0.09192797,19.87482022
CENTRAL,KIAMBU,JUJA,SAWA BODY WASH,2.3325,0,0.014188963,,0.037548294,0,
CENTRAL,KIRINYAGA,NDIA,SAWA BODY WASH,12.43,0.168889818,0.075613638,,0.200096587,0.168889818,
CENTRAL,MURANG'A,KANDARA,SAWA BODY WASH,3.11,0.013004391,0.018918618,,0.050064392,0.013004391,
CENTRAL,MURANG'A,KIGUMO,SAWA BODY WASH,3.11,0.013004391,0.018918618,,0.050064392,0.013004391,
CENTRAL,MURANG'A,KIHARU,SAWA BODY WASH,19.16583333,0.281552721,0.116588768,,0.308529191,0.281552721,
CENTRAL,MURANG'A,MARAGWA,SAWA BODY WASH,49.69,0.79209701,0.302272059,,0.799903413,0.79209701,
CENTRAL,NYERI,KIENI,SAWA BODY WASH,12.43,0.168889818,0.075613638,,0.200096587,0.168889818,
CENTRAL,NYERI,NYERI TOWN,SAWA BODY WASH,62.12,1,0.377885697,,1,1,
CENTRAL,KIAMBU,GATUNDU NORTH,SAWA CANDLES,30,0.077644607,0.013460158,,0.078125,0.077644607,
CENTRAL,KIAMBU,GATUNDU SOUTH,SAWA CANDLES,2.4,0.005732152,0.001076813,,0.00625,0.005732152,
CENTRAL,KIAMBU,GITHUNGURI,SAWA CANDLES,12.2,0.031266285,0.005473798,,0.031770833,0.031266285,
CENTRAL,KIAMBU,JUJA,SAWA CANDLES,30.4,0.078686816,0.013639627,,0.079166667,0.078686816,
CENTRAL,KIAMBU,KABETE,SAWA CANDLES,12,0.03074518,0.005384063,,0.03125,0.03074518,
CENTRAL,KIAMBU,KIAMBAA,SAWA CANDLES,54.6,0.14174049,0.024497487,,0.1421875,0.14174049,
CENTRAL,KIAMBU,KIAMBU,SAWA CANDLES,55.6,0.144346014,0.024946159,,0.144791667,0.144346014,
CENTRAL,KIAMBU,LARI,SAWA CANDLES,0.8,0.001563314,0.000358938,,0.002083333,0.001563314,
CENTRAL,KIAMBU,RUIRU,SAWA CANDLES,31,0.08025013,0.01390883,,0.080729167,0.08025013,
CENTRAL,KIAMBU,THIKA TOWN,SAWA CANDLES,54.8,0.142261595,0.024587222,,0.142708333,0.142261595,
CENTRAL,KIAMBU,WESTLANDS,SAWA CANDLES,0.6,0.001042209,0.000269203,,0.0015625,0.001042209,
CENTRAL,KIRINYAGA,GACHOKA,SAWA CANDLES,33.6,0.087024492,0.015075377,,0.0875,0.087024492,
CENTRAL,KIRINYAGA,GICHUGU,SAWA CANDLES,122.6,0.318916102,0.055007179,,0.319270833,0.318916102,
CENTRAL,KIRINYAGA,KIRINYAGA CENTRAL,SAWA CANDLES,45.6,0.118290776,0.02045944,,0.11875,0.118290776,
CENTRAL,KIRINYAGA,MWEA,SAWA CANDLES,338.4,0.881188119,0.151830581,,0.88125,0.881188119,
CENTRAL,KIRINYAGA,NDIA,SAWA CANDLES,384,1,0.172290022,,1,1,
CENTRAL,MURANG'A,GATANGA,SAWA CANDLES,6.4,0.016154247,0.0028715,,0.016666667,0.016154247,
CENTRAL,MURANG'A,KANDARA,SAWA CANDLES,86.8,0.225638353,0.038944724,,0.226041667,0.225638353,
CENTRAL,MURANG'A,KIGUMO,SAWA CANDLES,76.8,0.199583116,0.034458004,,0.2,0.199583116,
CENTRAL,MURANG'A,KIHARU,SAWA CANDLES,264,0.687337155,0.11844939,,0.6875,0.687337155,
CENTRAL,MURANG'A,MARAGWA,SAWA CANDLES,209.4,0.54507556,0.093951902,,0.5453125,0.54507556,
CENTRAL,MURANG'A,MATHIOYA,SAWA CANDLES,0.2,0,8.97E-05,,0.000520833,0,
CENTRAL,NYANDARUA,KINANGOP,SAWA CANDLES,127,0.330380406,0.056981335,,0.330729167,0.330380406,
CENTRAL,NYANDARUA,KIPIPIRI,SAWA CANDLES,129.4,0.336633663,0.058058148,,0.336979167,0.336633663,
CENTRAL,NYANDARUA,LARI,SAWA CANDLES,0.8,0.001563314,0.000358938,,0.002083333,0.001563314,
CENTRAL,NYANDARUA,OL JOROK,SAWA CANDLES,11.8,0.030224075,0.005294329,,0.030729167,0.030224075,
CENTRAL,NYERI,MATHIRA,SAWA CANDLES,2,0.004689943,0.000897344,,0.005208333,0.004689943,
CENTRAL,NYERI,MUKURWENI,SAWA CANDLES,0.4,0.000521105,0.000179469,,0.001041667,0.000521105,
CENTRAL,NYERI,NYERI TOWN,SAWA CANDLES,50,0.129755081,0.022433597,,0.130208333,0.129755081,
CENTRAL,NYERI,TETU,SAWA CANDLES,55.2,0.143303804,0.024766691,,0.14375,0.143303804,
CENTRAL,KIAMBU,DAGORETTI,SAWA GLYCERIN,0.3405,0,7.20E-05,,0.000673453,0,
CENTRAL,KIAMBU,GATUNDU NORTH,SAWA GLYCERIN,90.40198611,0.178246776,0.019110788,,0.178800188,0.178246776,
CENTRAL,KIAMBU,GATUNDU SOUTH,SAWA GLYCERIN,30.16249306,0.059022723,0.006376287,,0.059656426,0.059022723,
CENTRAL,KIAMBU,GITHUNGURI,SAWA GLYCERIN,40.41505556,0.079314262,0.008543657,,0.079934301,0.079314262,
CENTRAL,KIAMBU,JUJA,SAWA GLYCERIN,214.9115417,0.424672056,0.045431845,,0.425059512,0.424672056,
CENTRAL,KIAMBU,KABETE,SAWA GLYCERIN,93.71091667,0.184795705,0.019810289,,0.185344706,0.184795705,
CENTRAL,KIAMBU,KIAMBAA,SAWA GLYCERIN,55.74902778,0.109662764,0.011785226,,0.110262364,0.109662764,
CENTRAL,KIAMBU,KIAMBU,SAWA GLYCERIN,69.35495139,0.136591167,0.01466149,,0.137172632,0.136591167,
CENTRAL,KIAMBU,KIKUYU,SAWA GLYCERIN,17.402,0.033767568,0.003678746,,0.03441828,0.033767568,
CENTRAL,KIAMBU,LARI,SAWA GLYCERIN,7.288652778,0.013751559,0.001540806,,0.014415751,0.013751559,
CENTRAL,KIAMBU,LIMURU,SAWA GLYCERIN,61.473875,0.120993196,0.012995447,,0.121585165,0.120993196,
CENTRAL,KIAMBU,ROYSAMBU,SAWA GLYCERIN,1.349256944,0.001996499,0.00028523,,0.002668607,0.001996499,
CENTRAL,KIAMBU,RUIRU,SAWA GLYCERIN,35.96411111,0.070505097,0.007602737,,0.071131068,0.070505097,
CENTRAL,KIAMBU,THIKA TOWN,SAWA GLYCERIN,505.6034167,1,0.106883492,,1,1,
CENTRAL,KIAMBU,WESTLANDS,SAWA GLYCERIN,2.131076389,0.003543851,0.000450505,,0.004214917,0.003543851,
CENTRAL,KIRINYAGA,GACHOKA,SAWA GLYCERIN,10.8955,0.020890114,0.002303286,,0.021549498,0.020890114,
CENTRAL,KIRINYAGA,GICHUGU,SAWA GLYCERIN,162.0899444,0.320129262,0.034265471,,0.320587122,0.320129262,
CENTRAL,KIRINYAGA,KIRINYAGA CENTRAL,SAWA GLYCERIN,142.7827431,0.281917074,0.03018397,,0.282400669,0.281917074,
CENTRAL,KIRINYAGA,MWEA,SAWA GLYCERIN,243.2130208,0.480685427,0.051414718,,0.481035161,0.480685427,
CENTRAL,KIRINYAGA,NDIA,SAWA GLYCERIN,236.4662361,0.467332409,0.049988462,,0.467691136,0.467332409,
CENTRAL,MURANG'A,GATANGA,SAWA GLYCERIN,43.90815278,0.086227687,0.009282091,,0.08684307,0.086227687,
CENTRAL,MURANG'A,KANDARA,SAWA GLYCERIN,127.44875,0.251568532,0.026942396,,0.252072565,0.251568532,
CENTRAL,MURANG'A,KANGEMA,SAWA GLYCERIN,150.4631181,0.297117823,0.031807585,,0.297591181,0.297117823,
CENTRAL,MURANG'A,KIGUMO,SAWA GLYCERIN,131.1980625,0.258989049,0.027734993,,0.259488085,0.258989049,
CENTRAL,MURANG'A,KIHARU,SAWA GLYCERIN,273.512875,0.540653917,0.057820043,,0.540963265,0.540653917,
CENTRAL,MURANG'A,MARAGWA,SAWA GLYCERIN,156.7955278,0.309650724,0.033146243,,0.310115641,0.309650724,
CENTRAL,MURANG'A,MATHIOYA,SAWA GLYCERIN,112.8962431,0.222766681,0.023866027,,0.223290111,0.222766681,
CENTRAL,NYANDARUA,KINANGOP,SAWA GLYCERIN,75.82484722,0.149396175,0.016029212,,0.149969017,0.149396175,
CENTRAL,NYANDARUA,KIPIPIRI,SAWA GLYCERIN,79.09115278,0.155860741,0.016719702,,0.156429229,0.155860741,
CENTRAL,NYANDARUA,NDARAGWA,SAWA GLYCERIN,61.96683333,0.121968843,0.013099657,,0.122560155,0.121968843,
CENTRAL,NYANDARUA,OL JOROK,SAWA GLYCERIN,207.2472847,0.409503207,0.043811637,,0.409900879,0.409503207,
CENTRAL,NYANDARUA,OL KALOU,SAWA GLYCERIN,61.66479167,0.121371052,0.013035806,,0.121962767,0.121371052,
CENTRAL,NYERI,KIENI,SAWA GLYCERIN,320.7066319,0.634058272,0.067796703,,0.634304717,0.634058272,
CENTRAL,NYERI,MATHIRA,SAWA GLYCERIN,241.0774444,0.476458763,0.050963261,,0.476811344,0.476458763,
CENTRAL,NYERI,MUKURWENI,SAWA GLYCERIN,106.2631667,0.209638711,0.022463808,,0.210170982,0.209638711,
CENTRAL,NYERI,NDIA,SAWA GLYCERIN,2.988604167,0.005241042,0.000631785,,0.005910965,0.005241042,
CENTRAL,NYERI,NYERI TOWN,SAWA GLYCERIN,375.3234931,0.742154195,0.079342592,,0.742327842,0.742154195,
CENTRAL,NYERI,OTHAYA,SAWA GLYCERIN,131.9995764,0.26057538,0.027904431,,0.261073347,0.26057538,
CENTRAL,NYERI,TETU,SAWA GLYCERIN,48.33348611,0.094986164,0.010217597,,0.095595648,0.094986164,
CENTRAL,KIAMBU,JUJA,SAWA HANDWASH,51.41666667,1,0.555665628,,1,1,
CENTRAL,MURANG'A,KIHARU,SAWA HANDWASH,12.33,0.136142626,0.13325168,,0.239805511,0.136142626,
CENTRAL,MURANG'A,MARAGWA,SAWA HANDWASH,6.17,0,0.066679875,,0.12,0,
CENTRAL,NYANDARUA,OL JOROK,SAWA HANDWASH,10.275,0.090724915,0.111043066,,0.199837925,0.090724915,
CENTRAL,NYERI,NYERI TOWN,SAWA HANDWASH,6.17,0,0.066679875,,0.12,0,
CENTRAL,NYERI,OTHAYA,SAWA HANDWASH,6.17,0,0.066679875,,0.12,0,
CENTRAL,KIAMBU,DAGORETTI,SAWA MILKING JELLY,9.844444444,0.010894821,0.000633653,,0.011452313,0.010894821,
CENTRAL,KIAMBU,GATUNDU NORTH,SAWA MILKING JELLY,211.0740556,0.24512278,0.013586112,,0.245548253,0.24512278,
CENTRAL,KIAMBU,GATUNDU SOUTH,SAWA MILKING JELLY,63.09133333,0.072873324,0.004060973,,0.073395883,0.072873324,
CENTRAL,KIAMBU,GITHUNGURI,SAWA MILKING JELLY,186.4602778,0.216472747,0.012001808,,0.216914368,0.216472747,
CENTRAL,KIAMBU,JUJA,SAWA MILKING JELLY,570.2702222,0.663221211,0.036706336,,0.66341103,0.663221211,
CENTRAL,KIAMBU,KABETE,SAWA MILKING JELLY,710.7316111,0.826715957,0.045747354,,0.826813626,0.826715957,
CENTRAL,KIAMBU,KIAMBAA,SAWA MILKING JELLY,331.4216667,0.38520542,0.021332475,,0.385551938,0.38520542,
CENTRAL,KIAMBU,KIAMBU,SAWA MILKING JELLY,510.0115,0.593081049,0.032827689,,0.593310402,0.593081049,
CENTRAL,KIAMBU,KIKUYU,SAWA MILKING JELLY,76.27838889,0.08822284,0.004909778,,0.088736747,0.08822284,
CENTRAL,KIAMBU,LARI,SAWA MILKING JELLY,47.59188889,0.054832226,0.003063327,,0.055364953,0.054832226,
CENTRAL,KIAMBU,LIMURU,SAWA MILKING JELLY,296.3892778,0.344428295,0.01907756,,0.344797797,0.344428295,
CENTRAL,KIAMBU,ROYSAMBU,SAWA MILKING JELLY,2.0825,0.001860046,0.000134043,,0.00242263,0.001860046,
CENTRAL,KIAMBU,RUIRU,SAWA MILKING JELLY,286.2166667,0.332587543,0.018422784,,0.332963718,0.332587543,
CENTRAL,KIAMBU,THIKA TOWN,SAWA MILKING JELLY,786.7338333,0.915181294,0.050639356,,0.915229101,0.915181294,
CENTRAL,KIAMBU,WESTLANDS,SAWA MILKING JELLY,8.993722222,0.009904595,0.000578895,,0.010462644,0.009904595,
CENTRAL,KIRINYAGA,GACHOKA,SAWA MILKING JELLY,41.26966667,0.047473263,0.002656387,,0.048010138,0.047473263,
CENTRAL,KIRINYAGA,GICHUGU,SAWA MILKING JELLY,536.3947778,0.62379075,0.03452589,,0.624002794,0.62379075,
CENTRAL,KIRINYAGA,KIRINYAGA CENTRAL,SAWA MILKING JELLY,312.4015556,0.363066323,0.020108216,,0.36342532,0.363066323,
CENTRAL,KIRINYAGA,MWEA,SAWA MILKING JELLY,737.094,0.857401345,0.04744421,,0.857481718,0.857401345,
CENTRAL,KIRINYAGA,NDIA,SAWA MILKING JELLY,626.572,0.728755554,0.040330289,,0.728908436,0.728755554,
CENTRAL,MURANG'A,GATANGA,SAWA MILKING JELLY,155.8245,0.180813205,0.010029888,,0.181274926,0.180813205,
CENTRAL,MURANG'A,KANDARA,SAWA MILKING JELLY,526.5193333,0.612295895,0.033890242,,0.612514418,0.612295895,
CENTRAL,MURANG'A,KANGEMA,SAWA MILKING JELLY,551.0271667,0.64082261,0.035467727,,0.641025054,0.64082261,
CENTRAL,MURANG'A,KIGUMO,SAWA MILKING JELLY,509.0786667,0.591995246,0.032767646,,0.592225211,0.591995246,
CENTRAL,MURANG'A,KIHARU,SAWA MILKING JELLY,723.3778333,0.841435952,0.046561348,,0.841525324,0.841435952,
CENTRAL,MURANG'A,MARAGWA,SAWA MILKING JELLY,607.7461667,0.706842594,0.039118534,,0.707007827,0.706842594,
CENTRAL,MURANG'A,MATHIOYA,SAWA MILKING JELLY,490.8253889,0.570748731,0.031592745,,0.570990671,0.570748731,
CENTRAL,NYANDARUA,KINANGOP,SAWA MILKING JELLY,672.0058333,0.781639789,0.043254708,,0.781762864,0.781639789,
CENTRAL,NYANDARUA,KIPIPIRI,SAWA MILKING JELLY,600.6888333,0.698627974,0.038664278,,0.698797837,0.698627974,
CENTRAL,NYANDARUA,LARI,SAWA MILKING JELLY,0.4845,0,3.12E-05,,0.000563632,0,
CENTRAL,NYANDARUA,NDARAGWA,SAWA MILKING JELLY,77.13783333,0.089223219,0.004965098,,0.089736563,0.089223219,
CENTRAL,NYANDARUA,OL JOROK,SAWA MILKING JELLY,358.6235556,0.416867971,0.023083367,,0.417196643,0.416867971,
CENTRAL,NYANDARUA,OL KALOU,SAWA MILKING JELLY,859.6031667,1,0.055329705,,1,1,
CENTRAL,NYERI,KIENI,SAWA MILKING JELLY,628.2291667,0.730684469,0.040436955,,0.730836264,0.730684469,
CENTRAL,NYERI,MATHIRA,SAWA MILKING JELLY,840.9244444,0.978258275,0.05412742,,0.978270529,0.978258274,
CENTRAL,NYERI,MUKURWENI,SAWA MILKING JELLY,217.0191667,0.252042791,0.013968779,,0.252464364,0.252042791,
CENTRAL,NYERI,NDIA,SAWA MILKING JELLY,19.44916667,0.02207456,0.001251876,,0.02262575,0.02207456,
CENTRAL,NYERI,NYERI TOWN,SAWA MILKING JELLY,729.8466667,0.848965568,0.046977724,,0.849050696,0.848965568,
CENTRAL,NYERI,OTHAYA,SAWA MILKING JELLY,385.002,0.447572047,0.024781257,,0.447883413,0.447572047,
CENTRAL,NYERI,TETU,SAWA MILKING JELLY,231.679,0.269106596,0.014912382,,0.269518551,0.269106596,
CENTRAL,KIAMBU,DAGORETTI,SAWA PETROLLEUM JELLY,0.085,0,8.90E-05,68.53715579,0.001113276,0,34.2685779
CENTRAL,KIAMBU,GATUNDU NORTH,SAWA PETROLLEUM JELLY,12.21875,0.159097242,0.012798255,68.53715579,0.160033398,0.159097242,45.17265033
CENTRAL,KIAMBU,GATUNDU SOUTH,SAWA PETROLLEUM JELLY,1.97625,0.024797994,0.002069979,68.53715579,0.025883663,0.024797994,35.96816186
CENTRAL,KIAMBU,GITHUNGURI,SAWA PETROLLEUM JELLY,10.09375,0.131234327,0.010572472,68.53715579,0.132201503,0.131234327,43.26300542
CENTRAL,KIAMBU,JUJA,SAWA PETROLLEUM JELLY,32.40625,0.423794929,0.033943198,68.53715579,0.424436404,0.423794929,63.31427696
CENTRAL,KIAMBU,KABETE,SAWA PETROLLEUM JELLY,35.63625,0.466146559,0.037326389,68.53715579,0.466740885,0.466146559,66.21693723
CENTRAL,KIAMBU,KIAMBAA,SAWA PETROLLEUM JELLY,17.78625,0.232098077,0.018629808,68.53715579,0.232952964,0.232098077,50.17591999
CENTRAL,KIAMBU,KIAMBU,SAWA PETROLLEUM JELLY,17.19125,0.224296461,0.018006588,68.53715579,0.225160033,0.224296461,49.64121941
CENTRAL,KIAMBU,KIKUYU,SAWA PETROLLEUM JELLY,12.6225,0.164391195,0.013221154,68.53715579,0.165321458,0.164391195,45.53548286
CENTRAL,KIAMBU,LARI,SAWA PETROLLEUM JELLY,2.55,0.032320981,0.00267094,68.53715579,0.033398274,0.032320981,36.48376599
CENTRAL,KIAMBU,LIMURU,SAWA PETROLLEUM JELLY,17.8925,0.233491223,0.018741097,68.53715579,0.234344559,0.233491223,50.27140223
CENTRAL,KIAMBU,ROYSAMBU,SAWA PETROLLEUM JELLY,0.27625,0.002507662,0.000289352,68.53715579,0.003618146,0.002507662,34.44044594
CENTRAL,KIAMBU,RUIRU,SAWA PETROLLEUM JELLY,15.98,0.2084146,0.016737892,68.53715579,0.209295853,0.2084146,48.55272182
CENTRAL,KIAMBU,THIKA TOWN,SAWA PETROLLEUM JELLY,41.0125,0.536639733,0.042957621,68.53715579,0.53715558,0.536639733,71.04833885
CENTRAL,KIAMBU,WESTLANDS,SAWA PETROLLEUM JELLY,0.765,0.008916133,0.000801282,68.53715579,0.010019482,0.008916133,34.87966427
CENTRAL,KIRINYAGA,GACHOKA,SAWA PETROLLEUM JELLY,0.17,0.001114517,0.000178063,68.53715579,0.002226552,0.001114517,34.34496369
CENTRAL,KIRINYAGA,GICHUGU,SAWA PETROLLEUM JELLY,33.17125,0.433825578,0.03474448,68.53715579,0.434455886,0.433825578,64.00174913
CENTRAL,KIRINYAGA,KIRINYAGA CENTRAL,SAWA PETROLLEUM JELLY,38.675,0.505990527,0.040509259,68.53715579,0.506540495,0.505990527,68.94772945
CENTRAL,KIRINYAGA,MWEA,SAWA PETROLLEUM JELLY,40.5875,0.53106715,0.042512464,68.53715579,0.531589201,0.53106715,70.66640986
CENTRAL,KIRINYAGA,NDIA,SAWA PETROLLEUM JELLY,62.05,0.812482586,0.064992877,68.53715579,0.812691344,0.812482586,89.95382345
CENTRAL,MURANG'A,GATANGA,SAWA PETROLLEUM JELLY,9.52,0.12371134,0.00997151,68.53715579,0.124686891,0.12371134,42.74740129
CENTRAL,MURANG'A,KANDARA,SAWA PETROLLEUM JELLY,62.58125,0.819448314,0.065549323,68.53715579,0.819649318,0.819448314,90.43123467
CENTRAL,MURANG'A,KANGEMA,SAWA PETROLLEUM JELLY,25.075,0.327667874,0.026264245,68.53715579,0.328416365,0.327667874,56.72600203
CENTRAL,MURANG'A,KIGUMO,SAWA PETROLLEUM JELLY,23.375,0.305377542,0.024483618,68.53715579,0.306150849,0.305377542,55.1982861
CENTRAL,MURANG'A,KIHARU,SAWA PETROLLEUM JELLY,49.74625,0.651156311,0.052105591,68.53715579,0.65154467,0.651156311,78.89697942
CENTRAL,MURANG'A,MARAGWA,SAWA PETROLLEUM JELLY,28.3475,0.370576762,0.029691952,68.53715579,0.371277484,0.370576762,59.66685519
CENTRAL,MURANG'A,MATHIOYA,SAWA PETROLLEUM JELLY,36.74125,0.480635274,0.038483796,68.53715579,0.481213471,0.480635274,67.20995258
CENTRAL,NYANDARUA,KINANGOP,SAWA PETROLLEUM JELLY,22.24875,0.290610198,0.023303953,68.53715579,0.291399944,0.290610198,54.1861743
CENTRAL,NYANDARUA,KIPIPIRI,SAWA PETROLLEUM JELLY,21.99375,0.287266648,0.023036859,68.53715579,0.288060117,0.287266648,53.95701691
CENTRAL,NYANDARUA,LARI,SAWA PETROLLEUM JELLY,0.17,0.001114517,0.000178063,68.53715579,0.002226552,0.001114517,34.34496369
CENTRAL,NYANDARUA,NDARAGWA,SAWA PETROLLEUM JELLY,3.29375,0.042073001,0.003449964,68.53715579,0.043139438,0.042073001,37.15214171
CENTRAL,NYANDARUA,OL JOROK,SAWA PETROLLEUM JELLY,29.4525,0.385065478,0.030849359,68.53715579,0.38575007,0.385065478,60.65987054
CENTRAL,NYANDARUA,OL KALOU,SAWA PETROLLEUM JELLY,4.0375,0.051825021,0.004228989,68.53715579,0.052880601,0.051825021,37.82051743
CENTRAL,NYERI,KIENI,SAWA PETROLLEUM JELLY,31.28,0.409027584,0.032763533,68.53715579,0.4096855,0.409027584,62.30216516
CENTRAL,NYERI,MATHIRA,SAWA PETROLLEUM JELLY,76.35125,1,0.0799724,68.53715579,1,1,102.8057337
CENTRAL,NYERI,MUKURWENI,SAWA PETROLLEUM JELLY,44.88,0.587350237,0.047008547,68.53715579,0.58780963,0.587350237,74.52389258
CENTRAL,NYERI,NDIA,SAWA PETROLLEUM JELLY,0.1275,0.000557258,0.000133547,68.53715579,0.001669914,0.000557258,34.30677079
CENTRAL,NYERI,NYERI TOWN,SAWA PETROLLEUM JELLY,69.105,0.904987462,0.072382479,68.53715579,0.905093237,0.904987462,96.29384454
CENTRAL,NYERI,OTHAYA,SAWA PETROLLEUM JELLY,19.38,0.252995263,0.020299145,68.53715579,0.253826886,0.252995263,51.60815367
CENTRAL,NYERI,TETU,SAWA PETROLLEUM JELLY,3.8675,0.049595988,0.004050926,68.53715579,0.05065405,0.049595988,37.66774583
CENTRAL,KIAMBU,DAGORETTI,SAWA SOAP,38.19,0.002047501,0.00026993,,0.002310091,0.002047501,
CENTRAL,KIAMBU,GATUNDU NORTH,SAWA SOAP,2534.148,0.153066311,0.017911546,,0.153289164,0.153066311,
CENTRAL,KIAMBU,GATUNDU SOUTH,SAWA SOAP,1203.630667,0.072562895,0.008507351,,0.072806931,0.072562895,
CENTRAL,KIAMBU,GITHUNGURI,SAWA SOAP,1276.540097,0.076974306,0.00902268,,0.077217181,0.076974306,
CENTRAL,KIAMBU,JUJA,SAWA SOAP,9662.770806,0.584386123,0.068297181,,0.584495483,0.584386123,
CENTRAL,KIAMBU,KABETE,SAWA SOAP,9918.164833,0.599838828,0.070102325,,0.599944122,0.599838828,
CENTRAL,KIAMBU,KIAMBAA,SAWA SOAP,2709.127889,0.163653531,0.019148317,,0.163873598,0.163653531,
CENTRAL,KIAMBU,KIAMBU,SAWA SOAP,3149.396542,0.190292139,0.022260168,,0.190505197,0.190292139,
CENTRAL,KIAMBU,KIKUYU,SAWA SOAP,2420.2385,0.146174177,0.017106425,,0.146398844,0.146174177,
CENTRAL,KIAMBU,LARI,SAWA SOAP,1139.299,0.068670486,0.00805265,,0.068915545,0.068670486,
CENTRAL,KIAMBU,LIMURU,SAWA SOAP,3768.182,0.227731969,0.02663379,,0.227935175,0.227731969,
CENTRAL,KIAMBU,ROYSAMBU,SAWA SOAP,29.485,0.001520802,0.000208402,,0.001783531,0.001520802,
CENTRAL,KIAMBU,RUIRU,SAWA SOAP,5625.300278,0.340097559,0.03976004,,0.340271199,0.340097559,
CENTRAL,KIAMBU,THIKA TOWN,SAWA SOAP,16531.81433,1,0.11684809,,1,1,
CENTRAL,KIAMBU,WESTLANDS,SAWA SOAP,175.7174028,0.010368645,0.001241984,,0.010629045,0.010368645,
CENTRAL,KIRINYAGA,GACHOKA,SAWA SOAP,1132.769,0.068275386,0.008006495,,0.068520549,0.068275386,
CENTRAL,KIRINYAGA,GICHUGU,SAWA SOAP,2650.215417,0.160089011,0.018731919,,0.160310016,0.160089011,
CENTRAL,KIRINYAGA,KIRINYAGA CENTRAL,SAWA SOAP,4955.269486,0.299557112,0.035024212,,0.299741419,0.299557112,
CENTRAL,KIRINYAGA,MWEA,SAWA SOAP,8608.146278,0.520575698,0.060843017,,0.520701848,0.520575698,
CENTRAL,KIRINYAGA,NDIA,SAWA SOAP,4448.4185,0.268889916,0.031441752,,0.269082293,0.268889916,
CENTRAL,MURANG'A,GATANGA,SAWA SOAP,1552.533,0.093673353,0.010973418,,0.093911834,0.093673353,
CENTRAL,MURANG'A,KANDARA,SAWA SOAP,3888.757556,0.235027435,0.027486027,,0.235228722,0.235027435,
CENTRAL,MURANG'A,KANGEMA,SAWA SOAP,1269.219,0.07653134,0.008970934,,0.076774332,0.07653134,
CENTRAL,MURANG'A,KIGUMO,SAWA SOAP,1969.7405,0.118916638,0.013922272,,0.119148477,0.118916638,
CENTRAL,MURANG'A,KIHARU,SAWA SOAP,5805.872833,0.351023165,0.04103634,,0.351193929,0.351023165,
CENTRAL,MURANG'A,MARAGWA,SAWA SOAP,5896.6455,0.356515397,0.041677928,,0.356684716,0.356515397,
CENTRAL,MURANG'A,MATHIOYA,SAWA SOAP,2110.5535,0.127436578,0.014917549,,0.127666175,0.127436578,
CENTRAL,MURANG'A,THIKA TOWN,SAWA SOAP,4.35,0,3.07E-05,,0.000263129,0,
CENTRAL,NYANDARUA,KINANGOP,SAWA SOAP,4629.56425,0.279850203,0.032722104,,0.280039695,0.279850203,
CENTRAL,NYANDARUA,KIPIPIRI,SAWA SOAP,3944.866361,0.238422318,0.027882608,,0.238622711,0.238422318,
CENTRAL,NYANDARUA,LARI,SAWA SOAP,8.7775,0.000267887,6.20E-05,,0.000530946,0.000267887,
CENTRAL,NYANDARUA,NDARAGWA,SAWA SOAP,1455.599389,0.087808351,0.010288284,,0.088048375,0.087808351,
CENTRAL,NYANDARUA,OL JOROK,SAWA SOAP,3503.7845,0.211734506,0.024765009,,0.211941922,0.211734506,
CENTRAL,NYANDARUA,OL KALOU,SAWA SOAP,1618.913667,0.097689738,0.011442602,,0.097927162,0.097689738,
CENTRAL,NYERI,KIENI,SAWA SOAP,4816.969,0.291189193,0.034046694,,0.291375702,0.291189193,
CENTRAL,NYERI,KIHARU,SAWA SOAP,17.4,0.000789595,0.000122984,,0.001052516,0.000789595,
CENTRAL,NYERI,MATHIRA,SAWA SOAP,5314.1205,0.321269518,0.037560598,,0.321448112,0.321269518,
CENTRAL,NYERI,MUKURWENI,SAWA SOAP,2380.354,0.143760952,0.016824519,,0.143986253,0.143760952,
CENTRAL,NYERI,NDIA,SAWA SOAP,49.228,0.002715359,0.000347947,,0.002977774,0.002715359,
CENTRAL,NYERI,NYERI TOWN,SAWA SOAP,6507.4665,0.393473334,0.045995256,,0.393632929,0.393473334,
CENTRAL,NYERI,OTHAYA,SAWA SOAP,1713.408167,0.103407161,0.012110496,,0.103643081,0.103407161,
CENTRAL,NYERI,TETU,SAWA SOAP,1046.306333,0.063043932,0.007395371,,0.063290472,0.063043932,
CENTRAL,MURANG'A,KIHARU,USHINDI BAR,6047.8,1,0.111652448,58.4682421,1,1,87.70236315
CENTRAL,NYERI,NYERI TOWN,USHINDI BAR,3980.95,0.658188283,0.073494959,58.4682421,0.658247627,0.658188283,67.71723293
CENTRAL,KIAMBU,THIKA TOWN,USHINDI BAR,3728.025,0.616360028,0.068825543,58.4682421,0.616426634,0.616360028,65.27160839
CENTRAL,KIAMBU,JUJA,USHINDI BAR,3003.1,0.496473312,0.055442221,58.4682421,0.496560733,0.496473312,58.26204286
CENTRAL,MURANG'A,MARAGWA,USHINDI BAR,3001.225,0.496163228,0.055407606,58.4682421,0.496250703,0.496163228,58.2439128
CENTRAL,NYANDARUA,KINANGOP,USHINDI BAR,2954.075,0.488365651,0.054537138,58.4682421,0.488454479,0.488365651,57.78800216
CENTRAL,NYANDARUA,KIPIPIRI,USHINDI BAR,2600.725,0.429929301,0.04801371,58.4682421,0.430028275,0.429929301,54.3713315
CENTRAL,KIRINYAGA,KIRINYAGA CENTRAL,USHINDI BAR,2567.9,0.424500765,0.047407706,58.4682421,0.424600681,0.424500765,54.05393454
CENTRAL,KIRINYAGA,MWEA,USHINDI BAR,2478.1,0.409649812,0.045749848,58.4682421,0.409752307,0.409649812,53.18562543
CENTRAL,KIRINYAGA,GICHUGU,USHINDI BAR,2454.2,0.405697275,0.045308614,58.4682421,0.405800456,0.405697275,52.95452757
CENTRAL,NYERI,MATHIRA,USHINDI BAR,2130.625,0.352185058,0.039334882,58.4682421,0.35229753,0.352185058,49.82576229
CENTRAL,KIRINYAGA,NDIA,USHINDI BAR,1894.725,0.313172365,0.034979775,58.4682421,0.31329161,0.313172365,47.54475872
CENTRAL,NYERI,OTHAYA,USHINDI BAR,1581.325,0.26134287,0.02919389,58.4682421,0.261471113,0.26134287,44.51437925
CENTRAL,NYERI,KIENI,USHINDI BAR,1547.15,0.255691074,0.028562963,58.4682421,0.255820298,0.255691074,44.18392865
CENTRAL,MURANG'A,MATHIOYA,USHINDI BAR,1139.525,0.188278827,0.021037527,58.4682421,0.188419756,0.188278827,40.24245312
CENTRAL,MURANG'A,KANDARA,USHINDI BAR,1127.525,0.18629429,0.020815987,58.4682421,0.186435563,0.18629429,40.12642072
CENTRAL,MURANG'A,KANGEMA,USHINDI BAR,1092.15,0.18044404,0.020162906,58.4682421,0.180586329,0.18044404,39.78436688
CENTRAL,KIAMBU,KIAMBU,USHINDI BAR,1034.075,0.170839707,0.019090745,58.4682421,0.170983663,0.170839707,39.22281842
CENTRAL,NYANDARUA,OL KALOU,USHINDI BAR,1021.825,0.168813826,0.018864589,58.4682421,0.168958134,0.168813826,39.10436868
CENTRAL,NYANDARUA,OL JOROK,USHINDI BAR,1014.75,0.167643776,0.018733973,58.4682421,0.167788287,0.167643776,39.03595791
CENTRAL,KIAMBU,GATUNDU NORTH,USHINDI BAR,944.725,0.156063174,0.017441195,58.4682421,0.156209696,0.156063174,38.35886052
CENTRAL,NYERI,MUKURWENI,USHINDI BAR,933.45,0.154198536,0.01723304,58.4682421,0.154345382,0.154198536,38.24983841
CENTRAL,NYERI,TETU,USHINDI BAR,884.95,0.146177699,0.016337649,58.4682421,0.146325937,0.146177699,37.78087413
CENTRAL,KIAMBU,KIAMBAA,USHINDI BAR,784.125,0.129503452,0.014476252,58.4682421,0.129654585,0.129503452,36.80596025
CENTRAL,MURANG'A,KIGUMO,USHINDI BAR,734.475,0.12129243,0.01355963,58.4682421,0.121444988,0.12129243,36.3258762
CENTRAL,KIAMBU,LIMURU,USHINDI BAR,648.05,0.106999628,0.011964081,58.4682421,0.107154668,0.106999628,35.4902012
CENTRAL,MURANG'A,GATANGA,USHINDI BAR,550.2,0.090817381,0.010157607,58.4682421,0.090975231,0.090817381,34.54405368
CENTRAL,KIAMBU,KABETE,USHINDI BAR,499.675,0.082461653,0.009224832,58.4682421,0.082620953,0.082461653,34.05550894
CENTRAL,KIAMBU,GATUNDU SOUTH,USHINDI BAR,414.725,0.068412784,0.007656513,58.4682421,0.068574523,0.068412784,33.23409625
CENTRAL,KIAMBU,GITHUNGURI,USHINDI BAR,359.525,0.059283913,0.00663743,58.4682421,0.059447237,0.059283913,32.70034722
CENTRAL,KIAMBU,RUIRU,USHINDI BAR,285.65,0.047066606,0.005273574,58.4682421,0.047232051,0.047066606,31.98602277
CENTRAL,KIAMBU,KIKUYU,USHINDI BAR,275.625,0.045408691,0.005088496,58.4682421,0.045574424,0.045408691,31.88908737
CENTRAL,KIRINYAGA,GACHOKA,USHINDI BAR,186.775,0.030714847,0.003448177,58.4682421,0.030883131,0.030714847,31.02996415
CENTRAL,NYANDARUA,NDARAGWA,USHINDI BAR,122.7,0.020118245,0.002265246,58.4682421,0.020288369,0.020118245,30.41039949
CENTRAL,KIAMBU,LARI,USHINDI BAR,58,0.009418283,0.001070776,58.4682421,0.009590264,0.009418283,29.78479147
CENTRAL,NYERI,NDIA,USHINDI BAR,39.8,0.006408401,0.000734774,58.4682421,0.006580905,0.006408401,29.608809
CENTRAL,KIAMBU,WESTLANDS,USHINDI BAR,16.7,0.002588167,0.00030831,58.4682421,0.002761335,0.002588167,29.38544664
CENTRAL,KIAMBU,ROYSAMBU,USHINDI BAR,7.375,0.001046016,0.000136155,58.4682421,0.001219452,0.001046016,29.29527979
CENTRAL,KIAMBU,DAGORETTI,USHINDI BAR,6.95,0.000975731,0.000128309,58.4682421,0.001149178,0.000975731,29.29117031
CENTRAL,NYANDARUA,LARI,USHINDI BAR,6,0.000818622,0.00011077,58.4682421,0.000992096,0.000818622,29.28198441
CENTRAL,NYERI,MATHIOYA,USHINDI BAR,6,0.000818622,0.00011077,58.4682421,0.000992096,0.000818622,29.28198441
CENTRAL,MURANG'A,THIKA TOWN,USHINDI BAR,1.05,0,1.94E-05,58.4682421,0.000173617,0,29.23412105
CENTRAL,KIAMBU,DAGORETTI,USHINDI DETERGENT,0,0,,64.84676405,,0,32.42338203
CENTRAL,KIAMBU,GATUNDU NORTH,USHINDI DETERGENT,0,0,,64.84676405,,0,32.42338203
CENTRAL,KIAMBU,GATUNDU SOUTH,USHINDI DETERGENT,0,0,,64.84676405,,0,32.42338203
CENTRAL,KIAMBU,JUJA,USHINDI DETERGENT,0,0,,64.84676405,,0,32.42338203
CENTRAL,KIAMBU,KABETE,USHINDI DETERGENT,0,0,,64.84676405,,0,32.42338203
CENTRAL,KIAMBU,KIAMBAA,USHINDI DETERGENT,0,0,,64.84676405,,0,32.42338203
CENTRAL,KIAMBU,KIAMBU,USHINDI DETERGENT,0,0,,64.84676405,,0,32.42338203
CENTRAL,KIAMBU,KIKUYU,USHINDI DETERGENT,0,0,,64.84676405,,0,32.42338203
CENTRAL,KIAMBU,LARI,USHINDI DETERGENT,0,0,,64.84676405,,0,32.42338203
CENTRAL,KIAMBU,LIMURU,USHINDI DETERGENT,0,0,,64.84676405,,0,32.42338203
CENTRAL,KIAMBU,RUIRU,USHINDI DETERGENT,0,0,,64.84676405,,0,32.42338203
CENTRAL,KIAMBU,THIKA TOWN,USHINDI DETERGENT,0,0,,64.84676405,,0,32.42338203
CENTRAL,KIRINYAGA,GICHUGU,USHINDI DETERGENT,0,0,,64.84676405,,0,32.42338203
CENTRAL,KIRINYAGA,KIRINYAGA CENTRAL,USHINDI DETERGENT,0,0,,64.84676405,,0,32.42338203
CENTRAL,KIRINYAGA,MWEA,USHINDI DETERGENT,0,0,,64.84676405,,0,32.42338203
CENTRAL,KIRINYAGA,NDIA,USHINDI DETERGENT,0,0,,64.84676405,,0,32.42338203
CENTRAL,MURANG'A,GATANGA,USHINDI DETERGENT,0,0,,64.84676405,,0,32.42338203
CENTRAL,MURANG'A,KANDARA,USHINDI DETERGENT,0,0,,64.84676405,,0,32.42338203
CENTRAL,MURANG'A,KANGEMA,USHINDI DETERGENT,0,0,,64.84676405,,0,32.42338203
CENTRAL,MURANG'A,KIGUMO,USHINDI DETERGENT,0,0,,64.84676405,,0,32.42338203
CENTRAL,MURANG'A,KIHARU,USHINDI DETERGENT,0,0,,64.84676405,,0,32.42338203
CENTRAL,MURANG'A,MARAGWA,USHINDI DETERGENT,0,0,,64.84676405,,0,32.42338203
CENTRAL,MURANG'A,MATHIOYA,USHINDI DETERGENT,0,0,,64.84676405,,0,32.42338203
CENTRAL,MURANG'A,THIKA TOWN,USHINDI DETERGENT,0,0,,64.84676405,,0,32.42338203
CENTRAL,NYANDARUA,KINANGOP,USHINDI DETERGENT,0,0,,64.84676405,,0,32.42338203
CENTRAL,NYANDARUA,KIPIPIRI,USHINDI DETERGENT,0,0,,64.84676405,,0,32.42338203
CENTRAL,NYANDARUA,OL JOROK,USHINDI DETERGENT,0,0,,64.84676405,,0,32.42338203
CENTRAL,NYERI,KIENI,USHINDI DETERGENT,0,0,,64.84676405,,0,32.42338203
CENTRAL,NYERI,MATHIOYA,USHINDI DETERGENT,0,0,,64.84676405,,0,32.42338203
CENTRAL,NYERI,MATHIRA,USHINDI DETERGENT,0,0,,64.84676405,,0,32.42338203
CENTRAL,NYERI,MUKURWENI,USHINDI DETERGENT,0,0,,64.84676405,,0,32.42338203
CENTRAL,NYERI,NDIA,USHINDI DETERGENT,0,0,,64.84676405,,0,32.42338203
CENTRAL,NYERI,NYERI TOWN,USHINDI DETERGENT,0,0,,64.84676405,,0,32.42338203
CENTRAL,NYERI,OTHAYA,USHINDI DETERGENT,0,0,,64.84676405,,0,32.42338203
CENTRAL,NYERI,TETU,USHINDI DETERGENT,0,0,,64.84676405,,0,32.42338203
CENTRAL,KIRINYAGA,MWEA,USHINDI FLOOR CLEANER,12.09,0,1,,1,0,
CENTRAL,KIAMBU,GATUNDU NORTH,USHINDI LIQUID DISHWASH,88.22233333,0.076818288,0.01203335,,0.076984238,0.076818288,
CENTRAL,KIAMBU,GATUNDU SOUTH,USHINDI LIQUID DISHWASH,124.3633333,0.108361181,0.01696291,,0.108521461,0.108361181,
CENTRAL,KIAMBU,GITHUNGURI,USHINDI LIQUID DISHWASH,97.75008333,0.085133852,0.013332916,,0.085298307,0.085133852,
CENTRAL,KIAMBU,JUJA,USHINDI LIQUID DISHWASH,1145.979167,1,0.156309264,,1,1,
CENTRAL,KIAMBU,KABETE,USHINDI LIQUID DISHWASH,409.5111667,0.35723054,0.055856503,,0.357346083,0.35723054,
CENTRAL,KIAMBU,KIAMBAA,USHINDI LIQUID DISHWASH,158.7111667,0.138339046,0.021647885,,0.138493937,0.138339046,
CENTRAL,KIAMBU,KIAMBU,USHINDI LIQUID DISHWASH,145.4420833,0.126758147,0.019838009,,0.12691512,0.126758147,
CENTRAL,KIAMBU,KIKUYU,USHINDI LIQUID DISHWASH,3.498666667,0.002873751,0.000477211,,0.003052993,0.002873751,
CENTRAL,KIAMBU,LARI,USHINDI LIQUID DISHWASH,8.223333333,0.006997313,0.001121646,,0.007175814,0.006997313,
CENTRAL,KIAMBU,LIMURU,USHINDI LIQUID DISHWASH,10.17825,0.008703512,0.001388293,,0.008881706,0.008703512,
CENTRAL,KIAMBU,ROYSAMBU,USHINDI LIQUID DISHWASH,2.981583333,0.002422454,0.000406682,,0.002601778,0.002422454,
CENTRAL,KIAMBU,RUIRU,USHINDI LIQUID DISHWASH,181.61725,0.158330859,0.024772229,,0.158482157,0.158330859,
CENTRAL,KIAMBU,THIKA TOWN,USHINDI LIQUID DISHWASH,618.3596667,0.539507893,0.08434302,,0.53959067,0.539507893,
CENTRAL,KIAMBU,WESTLANDS,USHINDI LIQUID DISHWASH,6.064916667,0.005113505,0.000827242,,0.005292345,0.005113505,
CENTRAL,KIRINYAGA,GACHOKA,USHINDI LIQUID DISHWASH,0.206,0,2.81E-05,,0.000179759,0,
CENTRAL,KIRINYAGA,GICHUGU,USHINDI LIQUID DISHWASH,82.09733333,0.071472553,0.011197912,,0.071639464,0.071472553,
CENTRAL,KIRINYAGA,KIRINYAGA CENTRAL,USHINDI LIQUID DISHWASH,19.952,0.017233778,0.002721413,,0.017410439,0.017233778,
CENTRAL,KIRINYAGA,MWEA,USHINDI LIQUID DISHWASH,166.9978333,0.145571426,0.02277817,,0.145725017,0.145571426,
CENTRAL,KIRINYAGA,NDIA,USHINDI LIQUID DISHWASH,339.6128333,0.296225155,0.04632251,,0.296351664,0.296225154,
CENTRAL,MURANG'A,GATANGA,USHINDI LIQUID DISHWASH,68.6715,0.059754847,0.009366655,,0.059923864,0.059754847,
CENTRAL,MURANG'A,KANDARA,USHINDI LIQUID DISHWASH,188.5828333,0.164410233,0.025722321,,0.164560438,0.164410233,
CENTRAL,MURANG'A,KANGEMA,USHINDI LIQUID DISHWASH,84.27666667,0.073374616,0.011495169,,0.073541186,0.073374616,
CENTRAL,MURANG'A,KIGUMO,USHINDI LIQUID DISHWASH,266.0055833,0.231982727,0.036282629,,0.232120785,0.231982727,
CENTRAL,MURANG'A,KIHARU,USHINDI LIQUID DISHWASH,464.35225,0.405094362,0.063336717,,0.405201302,0.405094362,
CENTRAL,MURANG'A,MARAGWA,USHINDI LIQUID DISHWASH,439.27275,0.383205649,0.059915924,,0.383316523,0.383205649,
CENTRAL,MURANG'A,MATHIOYA,USHINDI LIQUID DISHWASH,24.26216667,0.020995575,0.003309311,,0.02117156,0.020995575,
CENTRAL,NYANDARUA,KINANGOP,USHINDI LIQUID DISHWASH,389.3765,0.339657544,0.053110175,,0.339776247,0.339657544,
CENTRAL,NYANDARUA,KIPIPIRI,USHINDI LIQUID DISHWASH,293.0375833,0.255575529,0.03996974,,0.255709346,0.255575529,
CENTRAL,NYANDARUA,LARI,USHINDI LIQUID DISHWASH,1.849833333,0.001434694,0.000252314,,0.001614195,0.001434694,
CENTRAL,NYANDARUA,NDARAGWA,USHINDI LIQUID DISHWASH,120.0956667,0.104636476,0.016380808,,0.104797426,0.104636476,
CENTRAL,NYANDARUA,OL JOROK,USHINDI LIQUID DISHWASH,256.2869167,0.223500536,0.034957022,,0.223640119,0.223500536,
CENTRAL,NYANDARUA,OL KALOU,USHINDI LIQUID DISHWASH,146.8298333,0.127969338,0.020027295,,0.128126093,0.127969338,
CENTRAL,NYERI,KIENI,USHINDI LIQUID DISHWASH,178.4338333,0.155552459,0.024338018,,0.155704256,0.155552459,
CENTRAL,NYERI,MATHIRA,USHINDI LIQUID DISHWASH,46.25833333,0.040193238,0.006309544,,0.040365772,0.040193238,
CENTRAL,NYERI,MUKURWENI,USHINDI LIQUID DISHWASH,53.14891667,0.046207154,0.007249406,,0.046378606,0.046207154,
CENTRAL,NYERI,NYERI TOWN,USHINDI LIQUID DISHWASH,436.9166667,0.381149323,0.059594559,,0.381260567,0.381149323,
CENTRAL,NYERI,OTHAYA,USHINDI LIQUID DISHWASH,230.7470833,0.201210056,0.03147344,,0.201353646,0.201210056,
CENTRAL,NYERI,TETU,USHINDI LIQUID DISHWASH,33.312,0.028894026,0.00454369,,0.029068591,0.028894026,
CENTRAL,KIAMBU,DAGORETTI,USHINDI PASTE DISHWASH,0.2,0,4.17E-05,,0.000377644,0,
CENTRAL,KIAMBU,GATUNDU NORTH,USHINDI PASTE DISHWASH,19.6,0.036645259,0.004083333,,0.037009063,0.036645259,
CENTRAL,KIAMBU,GATUNDU SOUTH,USHINDI PASTE DISHWASH,36.2,0.068001511,0.007541667,,0.068353474,0.068001511,
CENTRAL,KIAMBU,GITHUNGURI,USHINDI PASTE DISHWASH,115.4,0.217604836,0.024041667,,0.217900302,0.217604836,
CENTRAL,KIAMBU,JUJA,USHINDI PASTE DISHWASH,529.6,1,0.110333333,,1,1,
CENTRAL,KIAMBU,KABETE,USHINDI PASTE DISHWASH,404.8,0.764261428,0.084333333,,0.764350453,0.764261428,
CENTRAL,KIAMBU,KIAMBAA,USHINDI PASTE DISHWASH,286,0.539856441,0.059583333,,0.540030211,0.539856441,
CENTRAL,KIAMBU,KIAMBU,USHINDI PASTE DISHWASH,397.8,0.751038912,0.082875,,0.751132931,0.751038912,
CENTRAL,KIAMBU,KIKUYU,USHINDI PASTE DISHWASH,26,0.048734416,0.005416667,,0.049093656,0.048734416,
CENTRAL,KIAMBU,LIMURU,USHINDI PASTE DISHWASH,22.4,0.041934265,0.004666667,,0.042296073,0.041934265,
CENTRAL,KIAMBU,ROYSAMBU,USHINDI PASTE DISHWASH,9.6,0.01775595,0.002,,0.018126888,0.01775595,
CENTRAL,KIAMBU,RUIRU,USHINDI PASTE DISHWASH,497.4,0.939176426,0.103625,,0.939199396,0.939176426,
CENTRAL,KIAMBU,THIKA TOWN,USHINDI PASTE DISHWASH,253.6,0.478655081,0.052833333,,0.478851964,0.478655081,
CENTRAL,KIAMBU,WESTLANDS,USHINDI PASTE DISHWASH,2.2,0.003777862,0.000458333,,0.004154079,0.003777862,
CENTRAL,KIRINYAGA,GACHOKA,USHINDI PASTE DISHWASH,9.6,0.01775595,0.002,,0.018126888,0.01775595,
CENTRAL,KIRINYAGA,GICHUGU,USHINDI PASTE DISHWASH,150.4,0.283717416,0.031333333,,0.283987915,0.283717416,
CENTRAL,KIRINYAGA,KIRINYAGA CENTRAL,USHINDI PASTE DISHWASH,12.6,0.023422743,0.002625,,0.023791541,0.023422743,
CENTRAL,KIRINYAGA,MWEA,USHINDI PASTE DISHWASH,233,0.439743105,0.048541667,,0.439954683,0.439743105,
CENTRAL,KIRINYAGA,NDIA,USHINDI PASTE DISHWASH,87.2,0.164336985,0.018166667,,0.164652568,0.164336985,
CENTRAL,MURANG'A,GATANGA,USHINDI PASTE DISHWASH,27,0.050623347,0.005625,,0.050981873,0.050623347,
CENTRAL,MURANG'A,KANDARA,USHINDI PASTE DISHWASH,159.2,0.300340008,0.033166667,,0.30060423,0.300340008,
CENTRAL,MURANG'A,KANGEMA,USHINDI PASTE DISHWASH,18.8,0.035134114,0.003916667,,0.035498489,0.035134114,
CENTRAL,MURANG'A,KIGUMO,USHINDI PASTE DISHWASH,193.8,0.365697015,0.040375,,0.365936556,0.365697015,
CENTRAL,MURANG'A,KIHARU,USHINDI PASTE DISHWASH,197.8,0.373252739,0.041208333,,0.373489426,0.373252739,
CENTRAL,MURANG'A,MARAGWA,USHINDI PASTE DISHWASH,410.4,0.774839441,0.0855,,0.774924471,0.774839441,
CENTRAL,MURANG'A,MATHIOYA,USHINDI PASTE DISHWASH,9,0.016622592,0.001875,,0.016993958,0.016622592,
CENTRAL,NYANDARUA,KINANGOP,USHINDI PASTE DISHWASH,125.2,0.236116358,0.026083333,,0.236404834,0.236116358,
CENTRAL,NYANDARUA,KIPIPIRI,USHINDI PASTE DISHWASH,106,0.199848886,0.022083333,,0.200151057,0.199848886,
CENTRAL,NYANDARUA,NDARAGWA,USHINDI PASTE DISHWASH,8.2,0.015111447,0.001708333,,0.015483384,0.015111447,
CENTRAL,NYANDARUA,OL JOROK,USHINDI PASTE DISHWASH,57.2,0.107669059,0.011916667,,0.108006042,0.107669059,
CENTRAL,NYANDARUA,OL KALOU,USHINDI PASTE DISHWASH,30.6,0.057423498,0.006375,,0.057779456,0.057423498,
CENTRAL,NYERI,KIENI,USHINDI PASTE DISHWASH,43.6,0.0819796,0.009083333,,0.082326284,0.0819796,
CENTRAL,NYERI,MATHIRA,USHINDI PASTE DISHWASH,11.2,0.02077824,0.002333333,,0.021148036,0.02077824,
CENTRAL,NYERI,MUKURWENI,USHINDI PASTE DISHWASH,33.6,0.063090291,0.007,,0.063444109,0.063090291,
CENTRAL,NYERI,NDIA,USHINDI PASTE DISHWASH,1.2,0.001888931,0.00025,,0.002265861,0.001888931,
CENTRAL,NYERI,NYERI TOWN,USHINDI PASTE DISHWASH,161.2,0.304117869,0.033583333,,0.304380665,0.304117869,
CENTRAL,NYERI,OTHAYA,USHINDI PASTE DISHWASH,85.2,0.160559124,0.01775,,0.160876133,0.160559124,
CENTRAL,NYERI,TETU,USHINDI PASTE DISHWASH,27.2,0.051001133,0.005666667,,0.051359517,0.051001133,
CENTRAL,KIAMBU,DAGORETTI,WHITE WASH (PWANI OIL PRODUCTS),75.25,0.008593433,0.001331656,42.318709,0.008713979,0.008593433,21.5230175
CENTRAL,KIAMBU,GATUNDU NORTH,WHITE WASH (PWANI OIL PRODUCTS),506.675,0.058558689,0.008966339,42.318709,0.058673159,0.058558689,23.63748262
CENTRAL,KIAMBU,GATUNDU SOUTH,WHITE WASH (PWANI OIL PRODUCTS),256.125,0.029541375,0.004532498,42.318709,0.029659373,0.029541375,22.40950734
CENTRAL,KIAMBU,GITHUNGURI,WHITE WASH (PWANI OIL PRODUCTS),365.575,0.042217268,0.006469373,42.318709,0.042333725,0.042217268,22.94593478
CENTRAL,KIAMBU,JUJA,WHITE WASH (PWANI OIL PRODUCTS),4944.8475,0.572563264,0.087506154,42.318709,0.572615236,0.572563264,45.38949264
CENTRAL,KIAMBU,KABETE,WHITE WASH (PWANI OIL PRODUCTS),1711.325,0.198074585,0.030284345,42.318709,0.198172091,0.198074585,29.5416152
CENTRAL,KIAMBU,KIAMBAA,WHITE WASH (PWANI OIL PRODUCTS),657.3,0.076003243,0.011631864,42.318709,0.076115592,0.076003243,24.37571362
CENTRAL,KIAMBU,KIAMBU,WHITE WASH (PWANI OIL PRODUCTS),1404.1,0.162493485,0.024847559,42.318709,0.162595318,0.162493485,28.03586902
CENTRAL,KIAMBU,KIKUYU,WHITE WASH (PWANI OIL PRODUCTS),851.175,0.098456772,0.01506276,42.318709,0.098566391,0.098456772,25.32591799
CENTRAL,KIAMBU,LARI,WHITE WASH (PWANI OIL PRODUCTS),296.45,0.034211593,0.005246107,42.318709,0.034329024,0.034211593,22.60714495
CENTRAL,KIAMBU,LIMURU,WHITE WASH (PWANI OIL PRODUCTS),879.2,0.101702473,0.015558702,42.318709,0.101811697,0.101702473,25.46327184
CENTRAL,KIAMBU,ROYSAMBU,WHITE WASH (PWANI OIL PRODUCTS),8.05,0.000810701,0.000142456,42.318709,0.000932193,0.000810701,21.19366233
CENTRAL,KIAMBU,RUIRU,WHITE WASH (PWANI OIL PRODUCTS),3722.350833,0.430980466,0.065872326,42.318709,0.431049653,0.430980466,39.39789142
CENTRAL,KIAMBU,THIKA TOWN,WHITE WASH (PWANI OIL PRODUCTS),4984.275,0.577129538,0.08820388,42.318709,0.577180955,0.577129538,45.58273149
CENTRAL,KIAMBU,WESTLANDS,WHITE WASH (PWANI OIL PRODUCTS),18.375,0.002006486,0.000325172,42.318709,0.002127832,0.002006486,21.24426638
CENTRAL,KIRINYAGA,GACHOKA,WHITE WASH (PWANI OIL PRODUCTS),698.25,0.080745845,0.012356533,42.318709,0.080857618,0.080745845,24.57641442
CENTRAL,KIRINYAGA,GICHUGU,WHITE WASH (PWANI OIL PRODUCTS),1774.745,0.205419538,0.031406653,42.318709,0.205516151,0.205419538,29.85244415
CENTRAL,KIRINYAGA,KIRINYAGA CENTRAL,WHITE WASH (PWANI OIL PRODUCTS),2959.1,0.342584979,0.05236551,42.318709,0.342664914,0.342584979,35.65710853
CENTRAL,KIRINYAGA,MWEA,WHITE WASH (PWANI OIL PRODUCTS),8635.55,1,0.152818418,42.318709,1,1,63.4780635
CENTRAL,KIRINYAGA,NDIA,WHITE WASH (PWANI OIL PRODUCTS),2472.925,0.286278881,0.043761947,42.318709,0.286365663,0.286278881,33.27430717
CENTRAL,MURANG'A,GATANGA,WHITE WASH (PWANI OIL PRODUCTS),418.375,0.048332272,0.007403744,42.318709,0.048447985,0.048332272,23.20471384
CENTRAL,MURANG'A,KANDARA,WHITE WASH (PWANI OIL PRODUCTS),2926.55,0.338815218,0.051789491,42.318709,0.338895612,0.338815218,35.49757712
CENTRAL,MURANG'A,KANGEMA,WHITE WASH (PWANI OIL PRODUCTS),181.65,0.020916092,0.003214557,42.318709,0.02103514,0.020916092,22.04449653
CENTRAL,MURANG'A,KIGUMO,WHITE WASH (PWANI OIL PRODUCTS),1589.975,0.184020499,0.028136883,42.318709,0.184119714,0.184020499,28.94686445
CENTRAL,MURANG'A,KIHARU,WHITE WASH (PWANI OIL PRODUCTS),3003.25,0.347698188,0.053146807,42.318709,0.347777501,0.347698188,35.87349292
CENTRAL,MURANG'A,MARAGWA,WHITE WASH (PWANI OIL PRODUCTS),3810.075,0.441140193,0.067424731,42.318709,0.441208145,0.441140193,39.82783797
CENTRAL,MURANG'A,MATHIOYA,WHITE WASH (PWANI OIL PRODUCTS),161.525,0.018585326,0.002858416,42.318709,0.018704657,0.018585326,21.94586152
CENTRAL,MURANG'A,THIKA TOWN,WHITE WASH (PWANI OIL PRODUCTS),2.1,0.000121605,3.72E-05,42.318709,0.000243181,0.000121605,21.16450067
CENTRAL,NYANDARUA,KINANGOP,WHITE WASH (PWANI OIL PRODUCTS),664.825,0.076874747,0.01176503,42.318709,0.07698699,0.076874747,24.41259453
CENTRAL,NYANDARUA,KIPIPIRI,WHITE WASH (PWANI OIL PRODUCTS),725.55,0.08390758,0.012839646,42.318709,0.084018968,0.08390758,24.71021496
CENTRAL,NYANDARUA,LARI,WHITE WASH (PWANI OIL PRODUCTS),1.05,0,1.86E-05,42.318709,0.00012159,0,21.1593545
CENTRAL,NYANDARUA,NDARAGWA,WHITE WASH (PWANI OIL PRODUCTS),75.125,0.008578957,0.001329444,42.318709,0.008699504,0.008578957,21.52240486
CENTRAL,NYANDARUA,OL JOROK,WHITE WASH (PWANI OIL PRODUCTS),176.025,0.020264636,0.003115014,42.318709,0.020383762,0.020264636,22.01692774
CENTRAL,NYANDARUA,OL KALOU,WHITE WASH (PWANI OIL PRODUCTS),176.225,0.020287799,0.003118554,42.318709,0.020406923,0.020287799,22.01790796
CENTRAL,NYERI,KIENI,WHITE WASH (PWANI OIL PRODUCTS),1253.55,0.145057618,0.022183362,42.318709,0.14516157,0.145057618,27.29800561
CENTRAL,NYERI,MATHIRA,WHITE WASH (PWANI OIL PRODUCTS),778.975,0.090094968,0.013785078,42.318709,0.090205604,0.090094968,24.97205723
CENTRAL,NYERI,MUKURWENI,WHITE WASH (PWANI OIL PRODUCTS),434,0.050141873,0.007680251,42.318709,0.050257366,0.050141873,23.28129382
CENTRAL,NYERI,NDIA,WHITE WASH (PWANI OIL PRODUCTS),18.9,0.002067288,0.000334463,42.318709,0.002188627,0.002067288,21.24683947
CENTRAL,NYERI,NYERI TOWN,WHITE WASH (PWANI OIL PRODUCTS),2266.125,0.26232845,0.040102325,42.318709,0.262418144,0.26232845,32.26075583
CENTRAL,NYERI,OTHAYA,WHITE WASH (PWANI OIL PRODUCTS),265.65,0.030644507,0.004701057,42.318709,0.030762372,0.030644507,22.4561905
CENTRAL,NYERI,TETU,WHITE WASH (PWANI OIL PRODUCTS),357.425,0.04127338,0.006325147,42.318709,0.041389952,0.04127338,22.90599066
CENTRAL,MURANG'A,KIGUMO,,6.21,,,,,,
CENTRAL,MURANG'A,KIHARU,,2.07,,,,,,
CENTRAL,MURANG'A,MARAGWA,,6.21,,,,,,
COAST,KILIFI,GANZE,AFRISENSE,3.53,0.029018563,0.00510088,56.16951953,0.031795357,0.029018563,29.7147185
COAST,KILIFI,GANZE,BELLEZA (PWANI OIL PRODUCTS),10.55804167,0.020042644,0.002567145,,0.022543598,0.020042644,
COAST,KILIFI,GANZE,DETREX,793.52,0.03246356,0.005486506,54.67270314,0.032482571,0.03246356,29.11122214
COAST,KILIFI,GANZE,FRESCO (PWANI OIL PRODUCTS),6.972291667,0.024800336,0.002963465,,0.029288703,0.024800336,
COAST,KILIFI,GANZE,FRESH FRI,128.305,0.002414787,0.000568021,35.23114298,0.002848996,0.002414787,17.70064721
COAST,KILIFI,GANZE,ONJA,10,0.003736112,0.001459428,47.35629313,0.003931977,0.003736112,23.855075
COAST,KILIFI,GANZE,SALIT,44.553,0.000478066,0.0002412,47.68458925,0.000628926,0.000478066,23.865091
COAST,KILIFI,GANZE,SAWA CANDLES,91.2,0.050161632,0.010299731,,0.05079648,0.050161632,
COAST,KILIFI,GANZE,SAWA GLYCERIN,5.1069375,0.010050935,0.002930233,,0.010513559,0.010050935,
COAST,KILIFI,GANZE,SAWA MILKING JELLY,58.41116667,0.021801848,0.0027388,,0.023083331,0.021801848,
COAST,KILIFI,GANZE,SAWA PETROLLEUM JELLY,2.7625,0.027662517,0.004723151,69.1779389,0.035665295,0.027662517,36.50260538
COAST,KILIFI,GANZE,SAWA SOAP,1633.61,0.038661903,0.005649813,,0.043024149,0.038661903,
COAST,KILIFI,GANZE,USHINDI BAR,102.3,0.017030335,0.002541271,47.44673382,0.018127691,0.017030335,24.5314007
COAST,KILIFI,GANZE,USHINDI LIQUID DISHWASH,110.809,0.031856823,0.005852756,,0.032799448,0.031856823,
COAST,KILIFI,GANZE,USHINDI PASTE DISHWASH,15,0.004490097,0.001510087,,0.004612546,0.004490097,
COAST,KILIFI,GANZE,WHITE WASH (PWANI OIL PRODUCTS),621.55,0.026269998,0.002715797,21.09236349,0.026407555,0.026269998,11.10027809
COAST,KILIFI,KALOLENI,4U SOAP,726,0.612565445,0.145498271,,0.620512821,0.612565445,
COAST,KILIFI,KALOLENI,AFRISENSE,15.91,0.140847297,0.022990084,56.16951953,0.143304285,0.140847297,35.99608476
COAST,KILIFI,KALOLENI,BELLEZA (PWANI OIL PRODUCTS),203.1925,0.432409382,0.049405439,,0.433857933,0.432409382,
COAST,KILIFI,KALOLENI,DETREX,12887.67,0.527544719,0.089107109,54.67270314,0.527554002,0.527544719,56.17864738
COAST,KILIFI,KALOLENI,DIVA GLYCERIN,1.126083333,0.014732523,0.008941889,,0.042972125,0.014732523,
COAST,KILIFI,KALOLENI,FRESCO (PWANI OIL PRODUCTS),121.6166875,0.508617066,0.051691292,,0.510878661,0.508617066,
COAST,KILIFI,KALOLENI,FRESH FRI,5048.081833,0.111705378,0.022348431,35.23114298,0.112092017,0.111705378,21.55107964
COAST,KILIFI,KALOLENI,ONJA,253.25,0.099400256,0.036960012,47.35629313,0.099577312,0.099400256,28.38537421
COAST,KILIFI,KALOLENI,POPCO,2179.452,0.549358062,0.072678017,46.66201269,0.554671816,0.549358062,48.96515922
COAST,KILIFI,KALOLENI,SALIT,6633.536,0.093504511,0.035912517,47.68458925,0.09364133,0.093504511,28.30101882
COAST,KILIFI,KALOLENI,SAWA CANDLES,16.8,0.008694683,0.001897319,,0.009357246,0.008694683,
COAST,KILIFI,KALOLENI,SAWA GLYCERIN,11.43711806,0.023088856,0.006562333,,0.023545387,0.023088856,
COAST,KILIFI,KALOLENI,SAWA MILKING JELLY,1748.044722,0.690398882,0.081962841,,0.690804474,0.690398882,
COAST,KILIFI,KALOLENI,SAWA PETROLLEUM JELLY,5.33375,0.061134163,0.009119314,69.1779389,0.068861454,0.061134163,38.81810486
COAST,KILIFI,KALOLENI,SAWA SOAP,12071.9025,0.314826845,0.041750472,,0.317935943,0.314826845,
COAST,KILIFI,KALOLENI,USHINDI BAR,1926.725,0.3406821,0.047862463,47.44673382,0.341418142,0.3406821,39.88761985
COAST,KILIFI,KALOLENI,USHINDI LIQUID DISHWASH,201.74275,0.058799433,0.010655733,,0.059715825,0.058799433,
COAST,KILIFI,KALOLENI,USHINDI PASTE DISHWASH,54.4,0.016607209,0.005476584,,0.016728167,0.016607209,
COAST,KILIFI,KALOLENI,WHITE WASH (PWANI OIL PRODUCTS),9151.55,0.38873202,0.039986727,21.09236349,0.388818373,0.38873202,18.74545882
COAST,KILIFI,KILIFI NORTH,4U SOAP,144.75,0.105366492,0.029009469,,0.123717949,0.105366492,
COAST,KILIFI,KILIFI NORTH,AFRISENSE,52.5275,0.471613748,0.075902679,56.16951953,0.473124817,0.471613748,54.57507741
COAST,KILIFI,KILIFI NORTH,BELLEZA (PWANI OIL PRODUCTS),282.9754375,0.603198294,0.06880434,,0.604210974,0.603198294,
COAST,KILIFI,KILIFI NORTH,DETREX,13136.871,0.537745909,0.090830119,54.67270314,0.537754991,0.537745909,56.73637401
COAST,KILIFI,KILIFI NORTH,FRESCO (PWANI OIL PRODUCTS),141.2387083,0.591424968,0.060031328,,0.593305439,0.591424968,
COAST,KILIFI,KILIFI NORTH,FRESH FRI,18955.22333,0.420646162,0.083916924,35.23114298,0.420898331,0.420646161,32.43541655
COAST,KILIFI,KILIFI NORTH,FRYMATE,27,0.007060974,0.002331284,37.2025893,0.011168101,0.007060974,18.86398115
COAST,KILIFI,KILIFI NORTH,NDUME,19.21,0.013761829,0.004256969,48.19629137,0.013761829,0.013761829,24.76141482
COAST,KILIFI,KILIFI NORTH,ONJA,239.25,0.093894406,0.034916813,47.35629313,0.094072545,0.093894406,28.12463756
COAST,KILIFI,KILIFI NORTH,POPCO,3346.626,0.849948956,0.111599678,46.66201269,0.851718286,0.849948956,62.99133532
COAST,KILIFI,KILIFI NORTH,SALIT,1444.802167,0.02024746,0.007821844,47.68458925,0.020395336,0.02024746,24.80778644
COAST,KILIFI,KILIFI NORTH,SAWA BODY WASH,7.7625,0.087151308,0.054002818,,0.099228753,0.087151308,
COAST,KILIFI,KILIFI NORTH,SAWA CANDLES,1795.4,1,0.202764665,,1,1,
COAST,KILIFI,KILIFI NORTH,SAWA GLYCERIN,35.38478472,0.072412531,0.020302908,,0.072846012,0.072412531,
COAST,KILIFI,KILIFI NORTH,SAWA MILKING JELLY,964.4275556,0.380317379,0.045220366,,0.381129191,0.380317379,
COAST,KILIFI,KILIFI NORTH,SAWA PETROLLEUM JELLY,77.45625,1,0.132429879,69.1779389,1,1,103.7669084
COAST,KILIFI,KILIFI NORTH,SAWA SOAP,18740.948,0.491269168,0.064815253,,0.493577626,0.491269168,
COAST,KILIFI,KILIFI NORTH,USHINDI BAR,1541.55,0.272352315,0.038294194,47.44673382,0.273164638,0.272352315,36.64559471
COAST,KILIFI,KILIFI NORTH,USHINDI DETERGENT,0,0,,58.84357168,,0,29.42178584
COAST,KILIFI,KILIFI NORTH,USHINDI LIQUID DISHWASH,3378.38,1,0.178440686,,1,1,
COAST,KILIFI,KILIFI NORTH,USHINDI PASTE DISHWASH,592.4,0.182064215,0.059638384,,0.182164822,0.182064215,
COAST,KILIFI,KILIFI NORTH,WHITE WASH (PWANI OIL PRODUCTS),12143,0.515846559,0.05305755,21.09236349,0.515914955,0.515846559,21.42660488
COAST,KILIFI,KILIFI NORTH,,3.105,,,,,,
COAST,KILIFI,KILIFI SOUTH,4U SOAP,36,0.010471204,0.00721479,,0.030769231,0.010471204,
COAST,KILIFI,KILIFI SOUTH,AFRISENSE,17.455,0.154803306,0.025222622,56.16951953,0.157220383,0.154803306,36.77998709
COAST,KILIFI,KILIFI SOUTH,BELLEZA (PWANI OIL PRODUCTS),270.6245208,0.576759062,0.065801264,,0.577839217,0.576759062,
COAST,KILIFI,KILIFI SOUTH,DETREX,6677.732,0.273337247,0.04617075,54.67270314,0.273351524,0.273337247,42.28043771
COAST,KILIFI,KILIFI SOUTH,DIVA (PWANI OIL PRODUCTS),4.8,0.006540698,0.004460303,47.26637893,0.008701958,0.006540698,23.94234456
COAST,KILIFI,KILIFI SOUTH,DIVA GLYCERIN,0.751083333,0,0.005964127,,0.028661863,0,
COAST,KILIFI,KILIFI SOUTH,FRESCO (PWANI OIL PRODUCTS),168.2314375,0.705338377,0.07150417,,0.706694561,0.705338378,
COAST,KILIFI,KILIFI SOUTH,FRESH FRI,9411.798667,0.20864335,0.0416671,35.23114298,0.208987796,0.20864335,24.9663152
COAST,KILIFI,KILIFI SOUTH,FRYMATE,1568,0.647117461,0.135387166,37.2025893,0.648577101,0.647117461,42.67573979
COAST,KILIFI,KILIFI SOUTH,NDUME,236.4,0.169354319,0.052386651,48.19629137,0.169354319,0.169354319,32.26039578
COAST,KILIFI,KILIFI SOUTH,ONJA,279.75,0.109822043,0.040827496,47.35629313,0.109997051,0.109822043,28.87891143
COAST,KILIFI,KILIFI SOUTH,POPCO,453.486,0.10485736,0.015122363,46.66201269,0.115412454,0.10485736,28.22386183
COAST,KILIFI,KILIFI SOUTH,RAINBOW WASHING POWDER,216,1,0.380952381,,1,1,
COAST,KILIFI,KILIFI SOUTH,SALIT,7863.113,0.110864273,0.042569178,47.68458925,0.110998472,0.110864273,29.12881194
COAST,KILIFI,KILIFI SOUTH,SAWA BODY WASH,6.479166667,0.070526384,0.045074815,,0.082823785,0.070526384,
COAST,KILIFI,KILIFI SOUTH,SAWA CANDLES,528.2,0.293724222,0.05965261,,0.294196279,0.293724222,
COAST,KILIFI,KILIFI SOUTH,SAWA GLYCERIN,82.8499375,0.170173862,0.047537229,,0.170561657,0.170173862,
COAST,KILIFI,KILIFI SOUTH,SAWA MILKING JELLY,1070.340667,0.422227763,0.050186451,,0.422984671,0.422227763,
COAST,KILIFI,KILIFI SOUTH,SAWA PETROLLEUM JELLY,21.86625,0.276348548,0.037385554,69.1779389,0.282304527,0.276348548,53.7061924
COAST,KILIFI,KILIFI SOUTH,SAWA SOAP,16769.1975,0.439102746,0.057995987,,0.44164792,0.439102746,
COAST,KILIFI,KILIFI SOUTH,USHINDI BAR,3151.3,0.55792088,0.078282568,47.44673382,0.558414403,0.55792088,50.19489039
COAST,KILIFI,KILIFI SOUTH,USHINDI LIQUID DISHWASH,1793.96375,0.530555945,0.094754327,,0.531013015,0.530555945,
COAST,KILIFI,KILIFI SOUTH,USHINDI PASTE DISHWASH,385.4,0.118403248,0.038799179,,0.118511685,0.118403248,
COAST,KILIFI,KILIFI SOUTH,WHITE WASH (PWANI OIL PRODUCTS),8593.375,0.365013704,0.03754784,21.09236349,0.365103407,0.365013704,18.24518347
COAST,KILIFI,MAGARINI,4U SOAP,71.25,0.041230366,0.014279273,,0.060897436,0.041230366,
COAST,KILIFI,MAGARINI,AFRISENSE,20.465,0.181992683,0.029572097,56.16951953,0.184332005,0.181992683,38.30720134
COAST,KILIFI,MAGARINI,BELLEZA (PWANI OIL PRODUCTS),39.84166667,0.082729211,0.009687341,,0.085070183,0.082729211,
COAST,KILIFI,MAGARINI,DETREX,2036.56,0.083348135,0.014081054,54.67270314,0.083366146,0.083348135,31.89321941
COAST,KILIFI,MAGARINI,DIVA (PWANI OIL PRODUCTS),4.8,0.006540698,0.004460303,47.26637893,0.008701958,0.006540698,23.94234456
COAST,KILIFI,MAGARINI,FRESCO (PWANI OIL PRODUCTS),23.6061875,0.094997898,0.010033445,,0.09916318,0.094997898,
COAST,KILIFI,MAGARINI,FRESH FRI,13264.77183,0.294235386,0.05872465,35.23114298,0.294542577,0.294235386,27.98182044
COAST,KILIFI,MAGARINI,FRYMATE,50,0.016614055,0.004317193,37.2025893,0.020681668,0.016614055,19.21938053
COAST,KILIFI,MAGARINI,ONJA,105.75,0.041392193,0.01543345,47.35629313,0.041580655,0.041392193,25.63832741
COAST,KILIFI,MAGARINI,POPCO,493.618,0.115192849,0.016460641,46.66201269,0.125626071,0.115192849,28.70613653
COAST,KILIFI,MAGARINI,SALIT,524.3698333,0.007252352,0.002838824,47.68458925,0.007402189,0.007252352,24.18812004
COAST,KILIFI,MAGARINI,SAWA BODY WASH,2.07,0.013407894,0.014400751,,0.026461001,0.013407894,
COAST,KILIFI,MAGARINI,SAWA CANDLES,491,0.272990748,0.055451404,,0.273476663,0.272990748,
COAST,KILIFI,MAGARINI,SAWA GLYCERIN,4.716194444,0.009246144,0.002706035,,0.009709144,0.009246144,
COAST,KILIFI,MAGARINI,SAWA MILKING JELLY,169.167,0.065628523,0.007931953,,0.066852592,0.065628523,
COAST,KILIFI,MAGARINI,SAWA PETROLLEUM JELLY,15.10875,0.188381743,0.025832001,69.1779389,0.195061728,0.188381743,47.62083014
COAST,KILIFI,MAGARINI,SAWA SOAP,4381.2215,0.111355207,0.015152381,,0.115387594,0.111355207,
COAST,KILIFI,MAGARINI,USHINDI BAR,182.075,0.031182367,0.00452299,47.44673382,0.032263924,0.031182367,25.20286835
COAST,KILIFI,MAGARINI,USHINDI LIQUID DISHWASH,417.4475833,0.122710259,0.022048921,,0.123564425,0.122710259,
COAST,KILIFI,MAGARINI,USHINDI PASTE DISHWASH,120.6,0.036966417,0.012141103,,0.037084871,0.036966417,
COAST,KILIFI,MAGARINI,WHITE WASH (PWANI OIL PRODUCTS),2074.5,0.088009646,0.009064308,21.09236349,0.088138481,0.088009646,12.40251319
COAST,KILIFI,MAGARINI,,1.035,,,,,,
COAST,KILIFI,MALINDI,4U SOAP,111.75,0.076570681,0.022395912,,0.095512821,0.076570681,
COAST,KILIFI,MALINDI,AFRISENSE,19.4975,0.173253241,0.028174051,56.16951953,0.175617555,0.173253241,37.81631105
COAST,KILIFI,MALINDI,BELLEZA (PWANI OIL PRODUCTS),107.1740833,0.226865672,0.026058947,,0.228838792,0.226865672,
COAST,KILIFI,MALINDI,DETREX,8525.303,0.348968654,0.058945108,54.67270314,0.348981446,0.348968654,46.41541122
COAST,KILIFI,MALINDI,FRESCO (PWANI OIL PRODUCTS),67.531625,0.280369903,0.028703273,,0.283682008,0.280369903,
COAST,KILIFI,MALINDI,FRESH FRI,8423.569667,0.186690295,0.037292099,35.23114298,0.187044297,0.186690295,24.19288398
COAST,KILIFI,MALINDI,FRYMATE,10,0,0.000863439,37.2025893,0.004136334,0,18.60129465
COAST,KILIFI,MALINDI,ONJA,178.75,0.070101268,0.026087274,47.35629313,0.070284085,0.070101268,26.99788278
COAST,KILIFI,MALINDI,POPCO,1074.564,0.26480814,0.035833403,46.66201269,0.27347717,0.26480814,35.68748713
COAST,KILIFI,MALINDI,SALIT,681.649,0.009472895,0.003690299,47.68458925,0.009622397,0.009472895,24.29400573
COAST,KILIFI,MALINDI,SAWA BODY WASH,1.035,0,0.007200376,,0.0132305,0,
COAST,KILIFI,MALINDI,SAWA CANDLES,786,0.43740943,0.08876742,,0.437785452,0.43740943,
COAST,KILIFI,MALINDI,SAWA GLYCERIN,24.0605625,0.049088661,0.013805351,,0.049533042,0.049088661,
COAST,KILIFI,MALINDI,SAWA MILKING JELLY,434.9729444,0.170809357,0.020395141,,0.171895634,0.170809357,
COAST,KILIFI,MALINDI,SAWA PETROLLEUM JELLY,29.325,0.373443983,0.050138061,69.1779389,0.378600823,0.373443983,60.42305452
COAST,KILIFI,MALINDI,SAWA SOAP,12765.358,0.333173534,0.044148776,,0.33619938,0.333173534,
COAST,KILIFI,MALINDI,USHINDI BAR,850.5,0.149760511,0.021127574,47.44673382,0.150709691,0.149760511,30.82901401
COAST,KILIFI,MALINDI,USHINDI LIQUID DISHWASH,1080.134,0.319056515,0.057050969,,0.319719511,0.319056515,
COAST,KILIFI,MALINDI,USHINDI PASTE DISHWASH,345.4,0.106101612,0.034772279,,0.106211562,0.106101612,
COAST,KILIFI,MALINDI,WHITE WASH (PWANI OIL PRODUCTS),9045.65,0.384232052,0.039524008,21.09236349,0.38431904,0.384232052,18.65054385
COAST,KILIFI,MALINDI,,0.5175,,,,,,
COAST,KILIFI,RABAI,4U SOAP,1170,1,0.234480685,,1,1,
COAST,KILIFI,RABAI,AFRISENSE,12.83,0.113025609,0.018539458,56.16951953,0.115562161,0.113025609,34.43335389
COAST,KILIFI,RABAI,BELLEZA (PWANI OIL PRODUCTS),161.8567708,0.343923241,0.039354823,,0.345597618,0.343923241,
COAST,KILIFI,RABAI,DETREX,24429.101,1,0.168906138,54.67270314,1,1,82.00905471
COAST,KILIFI,RABAI,FRESCO (PWANI OIL PRODUCTS),162.8528125,0.682639765,0.069218069,,0.684100418,0.682639765,
COAST,KILIFI,RABAI,FRESH FRI,5861.987333,0.129785916,0.025951683,35.23114298,0.130164686,0.129785916,22.18807766
COAST,KILIFI,RABAI,NDUME,20,0.014327777,0.004432035,48.19629137,0.014327777,0.014327777,24.78869138
COAST,KILIFI,RABAI,ONJA,93.5,0.036574575,0.013645651,47.35629313,0.036763983,0.036574575,25.41018285
COAST,KILIFI,RABAI,POPCO,3325.31,0.84445929,0.110888855,46.66201269,0.846293352,0.84445929,62.73517645
COAST,KILIFI,RABAI,SALIT,16077.28533,0.226835926,0.087038915,47.68458925,0.226952621,0.226835926,34.65887258
COAST,KILIFI,RABAI,SAWA GLYCERIN,35.73596528,0.073135838,0.020504406,,0.073568981,0.073135838,
COAST,KILIFI,RABAI,SAWA MILKING JELLY,2058.849778,0.813386105,0.09653596,,0.813630578,0.813386105,
COAST,KILIFI,RABAI,SAWA PETROLLEUM JELLY,6.035,0.070262794,0.010318268,69.1779389,0.077914952,0.070262794,39.44960471
COAST,KILIFI,RABAI,SAWA SOAP,15651.371,0.409528514,0.054130003,,0.412207885,0.409528514,
COAST,KILIFI,RABAI,USHINDI BAR,2538.575,0.449223878,0.063061648,47.44673382,0.449838747,0.449223878,45.03757267
COAST,KILIFI,RABAI,USHINDI LIQUID DISHWASH,250.9643333,0.073383214,0.013255539,,0.074285407,0.073383214,
COAST,KILIFI,RABAI,USHINDI PASTE DISHWASH,16.8,0.005043671,0.001691298,,0.005166052,0.005043671,
COAST,KILIFI,RABAI,WHITE WASH (PWANI OIL PRODUCTS),14352.875,0.609749931,0.062713364,21.09236349,0.609805061,0.609749931,23.40724893
COAST,KILIFI,,AFRISENSE,1.625,0.011810668,,56.16951953,0.014636673,0.011810668,28.74815931
COAST,KILIFI,,BELLEZA (PWANI OIL PRODUCTS),6.474270833,0.01130064,,,0.013823905,0.01130064,
COAST,KILIFI,,DETREX,185.28,0.007564897,,54.67270314,0.007584397,0.007564897,27.74994493
COAST,KILIFI,,FRESCO (PWANI OIL PRODUCTS),2.191291667,0.004623792,,,0.009205021,0.004623792,
COAST,KILIFI,,FRESH FRI,122.071,0.002276302,,35.23114298,0.002710571,0.002276302,17.69576821
COAST,KILIFI,,ONJA,9.5,0.003539475,,47.35629313,0.003735378,0.003539475,23.84576298
COAST,KILIFI,,SALIT,16.04,7.55E-05,,47.68458925,0.000226426,7.55E-05,23.84589508
COAST,KILIFI,,SAWA CANDLES,14.4,0.007357039,,,0.008020497,0.007357039,
COAST,KILIFI,,SAWA GLYCERIN,0.227,0,,,0.000467321,0,
COAST,KILIFI,,SAWA MILKING JELLY,17.59933333,0.005652387,,,0.006955027,0.005652387,
COAST,KILIFI,,SAWA PETROLLEUM JELLY,1.12625,0.006362379,,69.1779389,0.014540466,0.006362379,35.02910571
COAST,KILIFI,,SAWA SOAP,399.438,0.006009528,,,0.010519941,0.006009528,
COAST,KILIFI,,USHINDI BAR,38.05,0.005632429,,47.44673382,0.006742509,0.005632429,23.99060725
COAST,KILIFI,,USHINDI LIQUID DISHWASH,23.434,0.00596863,,,0.006936461,0.00596863,
COAST,KILIFI,,WHITE WASH (PWANI OIL PRODUCTS),172.5,0.007188688,,21.09236349,0.007328941,0.007188688,10.69780818
COAST,KWALE,KINANGO,4U SOAP,655.5,0.55104712,0.131369307,,0.56025641,0.55104712,
COAST,KWALE,KINANGO,AFRISENSE,15.505,0.137188926,0.022404855,56.16951953,0.139656376,0.137188926,35.7905958
COAST,KWALE,KINANGO,BELLEZA (PWANI OIL PRODUCTS),296.7208125,0.632622601,0.072146473,,0.633560187,0.632622601,
COAST,KWALE,KINANGO,DETREX,8546.319,0.349828957,0.059090416,54.67270314,0.349841732,0.349828957,46.46244627
COAST,KWALE,KINANGO,DIVA (PWANI OIL PRODUCTS),25.2,0.043604651,0.023416592,47.26637893,0.045685279,0.043604651,25.69422343
COAST,KWALE,KINANGO,DIVA GLYCERIN,9.008666667,0.324413427,0.071535109,,0.343776997,0.324413427,
COAST,KWALE,KINANGO,FRESCO (PWANI OIL PRODUCTS),163.0520208,0.683480454,0.069302739,,0.684937238,0.683480454,
COAST,KWALE,KINANGO,FRESH FRI,2952.839667,0.065160532,0.013072556,35.23114298,0.06556743,0.065160532,19.91125152
COAST,KWALE,KINANGO,FRYMATE,225,0.089300548,0.019427368,37.2025893,0.093067505,0.089300548,21.92350627
COAST,KWALE,KINANGO,MPISHI POA,5,0,0.021639776,47.19936714,0.049737387,0,23.59968357
COAST,KWALE,KINANGO,NDUME,33.6,0.024070665,0.007445818,48.19629137,0.024070665,0.024070665,25.25826245
COAST,KWALE,KINANGO,ONJA,236.25,0.092714581,0.034478984,47.35629313,0.092892952,0.092714581,28.06876542
COAST,KWALE,KINANGO,POPCO,3642.528,0.926154772,0.121467099,46.66201269,0.927025519,0.926154772,66.54725206
COAST,KWALE,KINANGO,SALIT,6100.706,0.08598176,0.033027891,47.68458925,0.086119714,0.08598176,27.94229951
COAST,KWALE,KINANGO,SAWA CANDLES,60,0.032772266,0.006776139,,0.033418737,0.032772266,
COAST,KWALE,KINANGO,SAWA GLYCERIN,50.35177083,0.103239198,0.028890591,,0.103658273,0.103239198,
COAST,KWALE,KINANGO,SAWA MILKING JELLY,2371.308667,0.937027759,0.111186626,,0.937110255,0.937027759,
COAST,KWALE,KINANGO,SAWA PETROLLEUM JELLY,16.76625,0.209958506,0.028665892,69.1779389,0.216460905,0.209958506,49.11346617
COAST,KWALE,KINANGO,SAWA SOAP,12887.424,0.336403023,0.044570939,,0.339414215,0.336403023,
COAST,KWALE,KINANGO,USHINDI BAR,1754,0.310040802,0.04357174,47.44673382,0.31081105,0.310040802,38.43379031
COAST,KWALE,KINANGO,USHINDI LIQUID DISHWASH,169.992,0.049392056,0.008978708,,0.050317608,0.049392056,
COAST,KWALE,KINANGO,USHINDI PASTE DISHWASH,9.2,0.00270636,0.000926187,,0.002829028,0.00270636,
COAST,KWALE,KINANGO,WHITE WASH (PWANI OIL PRODUCTS),13295.37,0.564813776,0.058092708,21.09236349,0.564875254,0.564813776,22.45943921
COAST,KWALE,LUNGA LUNGA,AFRISENSE,16.2125,0.143579784,0.023427199,56.16951953,0.146028958,0.143579784,36.14956725
COAST,KWALE,LUNGA LUNGA,BELLEZA (PWANI OIL PRODUCTS),140.0434583,0.297228145,0.034051004,,0.299021693,0.297228145,
COAST,KWALE,LUNGA LUNGA,DETREX,3138.751,0.128466973,0.021701753,54.67270314,0.128484098,0.128466973,34.35998826
COAST,KWALE,LUNGA LUNGA,DIVA (PWANI OIL PRODUCTS),4.4,0.005813953,0.004088611,47.26637893,0.007976795,0.005813953,23.90799399
COAST,KWALE,LUNGA LUNGA,FRESCO (PWANI OIL PRODUCTS),68.52766667,0.28457335,0.029126625,,0.287866109,0.28457335,
COAST,KWALE,LUNGA LUNGA,FRESH FRI,1092.399333,0.023831702,0.004836176,35.23114298,0.024256589,0.023831702,18.45518958
COAST,KWALE,LUNGA LUNGA,FRYKING,12,0,0.5,,1,0,
COAST,KWALE,LUNGA LUNGA,FRYMATE,144,0.055657086,0.012433515,37.2025893,0.059563203,0.055657086,20.67188236
COAST,KWALE,LUNGA LUNGA,MPISHI POA,100.528,1,0.435080673,47.19936714,1,1,70.79905071
COAST,KWALE,LUNGA LUNGA,ONJA,153,0.059974437,0.022329247,47.35629313,0.060159245,0.059974437,26.51831359
COAST,KWALE,LUNGA LUNGA,POPCO,791.202,0.191831843,0.026384152,46.66201269,0.201361375,0.191831843,32.28226622
COAST,KWALE,LUNGA LUNGA,SALIT,1157.8905,0.016196703,0.006268567,47.68458925,0.01634519,0.016196703,24.61462774
COAST,KWALE,LUNGA LUNGA,SAWA BODY WASH,4.14,0.040223681,0.028801503,,0.052922002,0.040223681,
COAST,KWALE,LUNGA LUNGA,SAWA CANDLES,715.2,0.397948947,0.080771576,,0.398351342,0.397948947,
COAST,KWALE,LUNGA LUNGA,SAWA GLYCERIN,43.50504167,0.089137372,0.024962109,,0.089563037,0.089137372,
COAST,KWALE,LUNGA LUNGA,SAWA MILKING JELLY,384.5225,0.150845847,0.018029605,,0.151958277,0.150845847,
COAST,KWALE,LUNGA LUNGA,SAWA PETROLLEUM JELLY,26.775,0.340248963,0.04577823,69.1779389,0.345679012,0.340248963,58.1266914
COAST,KWALE,LUNGA LUNGA,SAWA SOAP,6627.8635,0.170794407,0.022922354,,0.174557079,0.170794407,
COAST,KWALE,LUNGA LUNGA,USHINDI BAR,228.975,0.039502395,0.00568805,47.44673382,0.040574664,0.039502395,25.59762653
COAST,KWALE,LUNGA LUNGA,USHINDI LIQUID DISHWASH,60.474,0.01694315,0.003194141,,0.017900295,0.01694315,
COAST,KWALE,LUNGA LUNGA,USHINDI PASTE DISHWASH,5.8,0.001660721,0.0005839,,0.001783518,0.001660721,
COAST,KWALE,LUNGA LUNGA,WHITE WASH (PWANI OIL PRODUCTS),16515.875,0.701661461,0.072164363,21.09236349,0.701703607,0.701661461,25.34588033
COAST,KWALE,MATUGA,4U SOAP,48,0.020942408,0.00961972,,0.041025641,0.020942408,
COAST,KWALE,MATUGA,AFRISENSE,19.6325,0.174472698,0.028369127,56.16951953,0.176833525,0.174472698,37.88480737
COAST,KWALE,MATUGA,BELLEZA (PWANI OIL PRODUCTS),107.8713125,0.228358209,0.026228476,,0.23032752,0.228358209,
COAST,KWALE,MATUGA,DETREX,4581.84,0.187540672,0.031679467,54.67270314,0.187556636,0.187540672,37.58970706
COAST,KWALE,MATUGA,DIVA (PWANI OIL PRODUCTS),54.4,0.096656977,0.050550104,47.26637893,0.09862219,0.096656977,28.20181475
COAST,KWALE,MATUGA,DIVA GLYCERIN,2.252166667,0.058972652,0.017883777,,0.085944249,0.058972652,
COAST,KWALE,MATUGA,FRESCO (PWANI OIL PRODUCTS),68.82647917,0.285834384,0.02925363,,0.289121339,0.285834384,
COAST,KWALE,MATUGA,FRESH FRI,2236.020167,0.049236715,0.009899115,35.23114298,0.049650544,0.049236715,19.35023724
COAST,KWALE,MATUGA,FRYMATE,550,0.224289749,0.047489121,37.2025893,0.227498345,0.224289749,26.94545407
COAST,KWALE,MATUGA,NDUME,165.6,0.11863399,0.036697248,48.19629137,0.11863399,0.11863399,29.81586402
COAST,KWALE,MATUGA,ONJA,523.75,0.205781142,0.076437536,47.35629313,0.205937285,0.205781142,33.42317867
COAST,KWALE,MATUGA,POPCO,532.82,0.125288828,0.017767907,46.66201269,0.135603004,0.125288828,29.17723523
COAST,KWALE,MATUGA,SALIT,2512.1885,0.035317336,0.01360044,47.68458925,0.035462938,0.035317336,25.52638729
COAST,KWALE,MATUGA,SAWA BODY WASH,3.6275,0.033584506,0.025236099,,0.046370667,0.033584506,
COAST,KWALE,MATUGA,SAWA CANDLES,499.2,0.27756103,0.056377476,,0.27804389,0.27756103,
COAST,KWALE,MATUGA,SAWA GLYCERIN,21.94116667,0.044723459,0.012589295,,0.04516988,0.04472346,
COAST,KWALE,MATUGA,SAWA MILKING JELLY,787.0617778,0.310132792,0.036903987,,0.311036549,0.310132792,
COAST,KWALE,MATUGA,SAWA PETROLLEUM JELLY,22.5675,0.285477178,0.038584508,69.1779389,0.291358025,0.285477178,54.33769226
COAST,KWALE,MATUGA,SAWA SOAP,6353.46,0.163534539,0.021973335,,0.167330153,0.163534539,
COAST,KWALE,MATUGA,USHINDI BAR,1618.025,0.285918929,0.040193936,47.44673382,0.286716106,0.285918929,37.28928621
COAST,KWALE,MATUGA,USHINDI LIQUID DISHWASH,221.6113333,0.064686262,0.01170516,,0.065596923,0.064686262,
COAST,KWALE,MATUGA,USHINDI PASTE DISHWASH,54.2,0.016545701,0.005456449,,0.016666667,0.016545701,
COAST,KWALE,MATUGA,WHITE WASH (PWANI OIL PRODUCTS),8454.575,0.359115729,0.036941368,21.09236349,0.359206265,0.359115729,18.12078123
COAST,KWALE,MSAMBWENI,4U SOAP,273,0.217277487,0.05471216,,0.233333333,0.217277487,
COAST,KWALE,MSAMBWENI,AFRISENSE,17.4,0.15430649,0.025143146,56.16951953,0.156724988,0.15430649,36.75208118
COAST,KWALE,MSAMBWENI,BELLEZA (PWANI OIL PRODUCTS),164.7452917,0.35010661,0.040057155,,0.351765206,0.35010661,
COAST,KWALE,MSAMBWENI,DETREX,9056.692,0.370721376,0.062619204,54.67270314,0.370733741,0.370721376,47.60469133
COAST,KWALE,MSAMBWENI,DIVA (PWANI OIL PRODUCTS),551.6,1,0.512563188,47.26637893,1,1,70.8995684
COAST,KWALE,MSAMBWENI,DIVA GLYCERIN,12.76227778,0.471880525,0.101341405,,0.487017413,0.471880525,
COAST,KWALE,MSAMBWENI,FRESCO (PWANI OIL PRODUCTS),130.0830417,0.544346364,0.055289785,,0.546443515,0.544346364,
COAST,KWALE,MSAMBWENI,FRESH FRI,4839.976,0.107082402,0.021427123,35.23114298,0.107471053,0.107082402,21.38820691
COAST,KWALE,MSAMBWENI,FRYKING,12,0,0.5,,1,0,
COAST,KWALE,MSAMBWENI,FRYMATE,1218,0.501744476,0.105166816,37.2025893,0.503805427,0.501744476,37.26748832
COAST,KWALE,MSAMBWENI,MPISHI POA,100.528,1,0.435080673,47.19936714,1,1,70.79905071
COAST,KWALE,MSAMBWENI,NDUME,38.4,0.027509331,0.008509507,48.19629137,0.027509331,0.027509331,25.42399342
COAST,KWALE,MSAMBWENI,ONJA,893.25,0.351096254,0.130363398,47.35629313,0.351223828,0.351096254,40.30476369
COAST,KWALE,MSAMBWENI,POPCO,3256.576667,0.82675789,0.10859681,46.66201269,0.828800678,0.82675789,61.9091935
COAST,KWALE,MSAMBWENI,POPCO LAUNDRY SOAP,36,0,1,,1,0,
COAST,KWALE,MSAMBWENI,RAINBOW WASHING POWDER,3,0,0.005291005,,0.013888889,0,
COAST,KWALE,MSAMBWENI,SALIT,3456.6455,0.048651636,0.018713525,47.68458925,0.048795225,0.048651636,26.16222791
COAST,KWALE,MSAMBWENI,SAWA CANDLES,720,0.400624234,0.081313667,,0.401024841,0.400624234,
COAST,KWALE,MSAMBWENI,SAWA GLYCERIN,61.7375,0.12668975,0.035423439,,0.127097866,0.12668975,
COAST,KWALE,MSAMBWENI,SAWA MILKING JELLY,944.2618333,0.372337694,0.04427483,,0.37315996,0.372337694,
COAST,KWALE,MSAMBWENI,SAWA PETROLLEUM JELLY,46.6225,0.598616874,0.079712251,69.1779389,0.601920439,0.598616874,76.00005099
COAST,KWALE,MSAMBWENI,SAWA SOAP,13499.5545,0.352598103,0.046687982,,0.355535807,0.352598103,
COAST,KWALE,MSAMBWENI,USHINDI BAR,1283.55,0.226583289,0.031885124,47.44673382,0.227446707,0.226583289,34.47400391
COAST,KWALE,MSAMBWENI,USHINDI LIQUID DISHWASH,348.0638333,0.102152663,0.018384181,,0.103026845,0.102152663,
COAST,KWALE,MSAMBWENI,USHINDI PASTE DISHWASH,274,0.084143191,0.027584263,,0.084255843,0.084143191,
COAST,KWALE,MSAMBWENI,WHITE WASH (PWANI OIL PRODUCTS),16490.775,0.700594897,0.072054692,21.09236349,0.700637193,0.700594897,25.32338396
COAST,KWALE,,AFRISENSE,1.6925,0.012420397,,56.16951953,0.015244658,0.012420397,28.78240747
COAST,KWALE,,BELLEZA (PWANI OIL PRODUCTS),13.24735417,0.025799574,,,0.028285836,0.025799574,
COAST,KWALE,,DETREX,301.92,0.012339624,,54.67270314,0.01235903,0.012339624,28.01099217
COAST,KWALE,,FRESCO (PWANI OIL PRODUCTS),6.972291667,0.024800336,,,0.029288703,0.024800336,
COAST,KWALE,,FRESH FRI,75.2905,0.001237095,,35.23114298,0.001671816,0.001237095,17.65915574
COAST,KWALE,,FRYMATE,12,0.000830703,,37.2025893,0.0049636,0.000830703,18.63219894
COAST,KWALE,,ONJA,14.75,0.005604169,,47.35629313,0.005799666,0.005604169,23.94353922
COAST,KWALE,,SALIT,155.038,0.002037947,,47.68458925,0.002188571,0.002037947,23.93947327
COAST,KWALE,,SAWA CANDLES,19.2,0.010032326,,,0.010693996,0.010032326,
COAST,KWALE,,SAWA GLYCERIN,4.236916667,0.008259002,,,0.008722463,0.008259002,
COAST,KWALE,,SAWA MILKING JELLY,34.79583333,0.012457134,,,0.013750859,0.012457134,
COAST,KWALE,,SAWA PETROLLEUM JELLY,2.40125,0.022959889,,69.1779389,0.031001372,0.022959889,36.17728727
COAST,KWALE,,SAWA SOAP,760.804,0.015570155,,,0.020037184,0.015570155,
COAST,KWALE,,USHINDI BAR,36.375,0.005335285,,47.44673382,0.006445697,0.005335285,23.97650874
COAST,KWALE,,USHINDI LIQUID DISHWASH,22.10125,0.005573752,,,0.006541967,0.005573752,
COAST,KWALE,,USHINDI PASTE DISHWASH,0.4,0,,,0.000123001,0,
COAST,KWALE,,WHITE WASH (PWANI OIL PRODUCTS),1562.925,0.066271485,,21.09236349,0.066403391,0.066271485,11.944004
COAST,LAMU,LAMU WEST,AFRISENSE,0.625,0.002777652,0.00090313,56.16951953,0.00562949,0.002777652,28.24077916
COAST,LAMU,LAMU WEST,BELLEZA (PWANI OIL PRODUCTS),22.01252083,0.0445629,0.005352256,,0.047001276,0.0445629,
COAST,LAMU,LAMU WEST,DETREX,344.64,0.014088392,0.002382888,54.67270314,0.014107764,0.014088392,28.10660207
COAST,LAMU,LAMU WEST,FRESCO (PWANI OIL PRODUCTS),14.14379167,0.055065153,0.0060116,,0.059414226,0.055065153,
COAST,LAMU,LAMU WEST,FRESH FRI,96.231,0.001702278,0.000426026,35.23114298,0.002136797,0.001702278,17.6755447
COAST,LAMU,LAMU WEST,ONJA,16.5,0.0062924,0.002408056,47.35629313,0.006487762,0.0062924,23.9761313
COAST,LAMU,LAMU WEST,SALIT,10.692,0,5.79E-05,47.68458925,0.000150932,0,23.84229463
COAST,LAMU,LAMU WEST,SAWA CANDLES,7.2,0.003344109,0.000813137,,0.004010248,0.003344109,
COAST,LAMU,LAMU WEST,SAWA MILKING JELLY,34.2275,0.012232242,0.001604869,,0.013526262,0.012232242,
COAST,LAMU,LAMU WEST,SAWA PETROLLEUM JELLY,4.5475,0.050899032,0.007775033,69.1779389,0.058710562,0.050899032,38.11005956
COAST,LAMU,LAMU WEST,SAWA SOAP,1031.424,0.022729923,0.003567163,,0.027164464,0.022729923,
COAST,LAMU,LAMU WEST,USHINDI BAR,52.8,0.008249069,0.001311624,47.44673382,0.009356228,0.008249069,24.11475827
COAST,LAMU,LAMU WEST,USHINDI LIQUID DISHWASH,94.977,0.027165986,0.005016535,,0.028113179,0.027165986,
COAST,LAMU,LAMU WEST,USHINDI PASTE DISHWASH,28.8,0.008734162,0.002899368,,0.008856089,0.008734162,
COAST,LAMU,LAMU WEST,WHITE WASH (PWANI OIL PRODUCTS),357.6,0.015054072,0.001562495,21.09236349,0.015193213,0.015054072,10.8637077
COAST,LAMU,,BELLEZA (PWANI OIL PRODUCTS),3.685354167,0.00533049,,,0.007868992,0.00533049,
COAST,LAMU,,DETREX,123.84,0.005049814,,54.67270314,0.005069364,0.005049814,27.61243857
COAST,LAMU,,FRESCO (PWANI OIL PRODUCTS),1.4940625,0.001681379,,,0.006276151,0.001681379,
COAST,LAMU,,FRESH FRI,98.011,0.00174182,,35.23114298,0.002176322,0.00174182,17.6769378
COAST,LAMU,,SAWA MILKING JELLY,3.315,0,,,0.001310045,0,
COAST,LAMU,,SAWA PETROLLEUM JELLY,0.6375,0,,69.1779389,0.008230453,0,34.58896945
COAST,LAMU,,SAWA SOAP,172.294,0,,,0.004537682,0,
COAST,LAMU,,USHINDI BAR,6.3,0,,47.44673382,0.001116368,0,23.72336691
COAST,LAMU,,WHITE WASH (PWANI OIL PRODUCTS),111.6,0.004600888,,21.09236349,0.004741506,0.004600888,10.64322535
COAST,MOMBASA,CHANGAMWE,4U SOAP,204,0.157068063,0.040883812,,0.174358974,0.157068063,
COAST,MOMBASA,CHANGAMWE,AFRISENSE,110.65,0.996635202,0.159890179,56.16951953,0.996644824,0.996635202,84.06528019
COAST,MOMBASA,CHANGAMWE,BELLEZA (PWANI OIL PRODUCTS),339.5506042,0.724307036,0.082560364,,0.725010634,0.724307036,
COAST,MOMBASA,CHANGAMWE,DETREX,4150.107,0.169867427,0.028694406,54.67270314,0.169883738,0.169867427,36.62346299
COAST,MOMBASA,CHANGAMWE,DIVA GLYCERIN,6.7565,0.235933169,0.053651332,,0.257832748,0.235933169,
COAST,MOMBASA,CHANGAMWE,FRESCO (PWANI OIL PRODUCTS),181.5783958,0.761664565,0.077177088,,0.762761506,0.761664565,
COAST,MOMBASA,CHANGAMWE,FRESH FRI,4166.440333,0.092120116,0.018445304,35.23114298,0.092515279,0.092120116,20.86106846
COAST,MOMBASA,CHANGAMWE,NDUME,150,0.107458324,0.033240261,48.19629137,0.107458324,0.107458324,29.27723838
COAST,MOMBASA,CHANGAMWE,ONJA,92,0.035984662,0.013426737,47.35629313,0.036174187,0.035984662,25.38224678
COAST,MOMBASA,CHANGAMWE,POPCO,46.332,0,0.00154503,46.66201269,0.011791521,0,23.33100635
COAST,MOMBASA,CHANGAMWE,SALIT,7750.935,0.10928049,0.041961871,47.68458925,0.109414928,0.10928049,29.05328989
COAST,MOMBASA,CHANGAMWE,SAWA CANDLES,48.6,0.026418459,0.005488673,,0.027069177,0.026418459,
COAST,MOMBASA,CHANGAMWE,SAWA GLYCERIN,105.9892986,0.217832715,0.060814018,,0.218198238,0.217832715,
COAST,MOMBASA,CHANGAMWE,SAWA MILKING JELLY,925.695,0.364990699,0.043404262,,0.36582259,0.364990699,
COAST,MOMBASA,CHANGAMWE,SAWA PETROLLEUM JELLY,30.83375,0.393084371,0.052717628,69.1779389,0.398079561,0.393084371,61.78173603
COAST,MOMBASA,CHANGAMWE,SAWA SOAP,17450.267,0.457121739,0.060351455,,0.459585148,0.457121739,
COAST,MOMBASA,CHANGAMWE,USHINDI BAR,4329.95,0.767012595,0.107561833,47.44673382,0.767272695,0.767012595,60.11560936
COAST,MOMBASA,CHANGAMWE,USHINDI LIQUID DISHWASH,237.16475,0.069294558,0.012526667,,0.070200732,0.069294558,
COAST,MOMBASA,CHANGAMWE,USHINDI PASTE DISHWASH,183.6,0.056341493,0.01848347,,0.056457565,0.056341493,
COAST,MOMBASA,CHANGAMWE,WHITE WASH (PWANI OIL PRODUCTS),16085.55,0.683375826,0.070284104,21.09236349,0.683420555,0.683375826,24.96019307
COAST,MOMBASA,JOMVU,4U SOAP,90,0.057591623,0.018036976,,0.076923077,0.057591623,
COAST,MOMBASA,JOMVU,AFRISENSE,55.9225,0.502280836,0.080808482,56.16951953,0.503704204,0.502280836,56.29763302
COAST,MOMBASA,JOMVU,BELLEZA (PWANI OIL PRODUCTS),204.5869583,0.435394456,0.049744496,,0.436835389,0.435394456,
COAST,MOMBASA,JOMVU,DETREX,3819.146,0.156319344,0.026406097,54.67270314,0.156335921,0.156319344,35.88275264
COAST,MOMBASA,JOMVU,DIVA (PWANI OIL PRODUCTS),9.6,0.015261628,0.008920607,47.26637893,0.017403916,0.015261628,24.35455135
COAST,MOMBASA,JOMVU,DIVA GLYCERIN,14.07604167,0.523494009,0.111773608,,0.537151558,0.523494009,
COAST,MOMBASA,JOMVU,FRESCO (PWANI OIL PRODUCTS),85.460375,0.356031946,0.03632361,,0.358995816,0.356031946,
COAST,MOMBASA,JOMVU,FRESH FRI,6433.213667,0.142475448,0.028480567,35.23114298,0.142848694,0.142475448,22.63514436
COAST,MOMBASA,JOMVU,NDUME,319.2,0.228671314,0.070735275,48.19629137,0.228671314,0.228671314,35.11925495
COAST,MOMBASA,JOMVU,ONJA,66.75,0.026054469,0.009741681,47.35629313,0.026245945,0.026054469,24.91198962
COAST,MOMBASA,JOMVU,POPCO,670.056,0.160632223,0.022344306,46.66201269,0.170529646,0.160632223,30.82642919
COAST,MOMBASA,JOMVU,SALIT,9173.86,0.129370032,0.049665277,47.68458925,0.129501438,0.129370032,30.01125148
COAST,MOMBASA,JOMVU,SAWA CANDLES,17.4,0.009029094,0.00196508,,0.009691434,0.009029094,
COAST,MOMBASA,JOMVU,SAWA GLYCERIN,75.44732639,0.154927116,0.043289796,,0.155322036,0.154927116,
COAST,MOMBASA,JOMVU,SAWA MILKING JELLY,756.1335556,0.297894329,0.035453815,,0.298814119,0.297894329,
COAST,MOMBASA,JOMVU,SAWA PETROLLEUM JELLY,20.84625,0.263070539,0.035641622,69.1779389,0.269135802,0.263070539,52.78764715
COAST,MOMBASA,JOMVU,SAWA SOAP,16329.18,0.427461244,0.056474194,,0.430059243,0.427461244,
COAST,MOMBASA,JOMVU,USHINDI BAR,2704.4,0.478641121,0.067180966,47.44673382,0.47922315,0.478641121,46.43332478
COAST,MOMBASA,JOMVU,USHINDI LIQUID DISHWASH,453.36175,0.133351208,0.02394585,,0.134195014,0.133351208,
COAST,MOMBASA,JOMVU,USHINDI PASTE DISHWASH,138.6,0.042502153,0.013953207,,0.042619926,0.042502153,
COAST,MOMBASA,JOMVU,WHITE WASH (PWANI OIL PRODUCTS),9743.3,0.413877026,0.042572315,21.09236349,0.413959827,0.413877026,19.27582643
COAST,MOMBASA,KISAUNI,4U SOAP,24,0,0.00480986,,0.020512821,0,
COAST,MOMBASA,KISAUNI,AFRISENSE,31.53,0.281943002,0.045561115,56.16951953,0.283996487,0.281943002,43.9213627
COAST,MOMBASA,KISAUNI,BELLEZA (PWANI OIL PRODUCTS),173.908875,0.369722814,0.042285244,,0.371331348,0.369722814,
COAST,MOMBASA,KISAUNI,DETREX,3540.893,0.144928893,0.024482217,54.67270314,0.144945694,0.144928893,35.26000592
COAST,MOMBASA,KISAUNI,DIVA (PWANI OIL PRODUCTS),110.4,0.198401163,0.102586976,47.26637893,0.200145033,0.198401163,33.01089401
COAST,MOMBASA,KISAUNI,FRESCO (PWANI OIL PRODUCTS),89.24533333,0.372005044,0.037932348,,0.374895397,0.372005044,
COAST,MOMBASA,KISAUNI,FRESH FRI,12989.77533,0.288126464,0.057507209,35.23114298,0.288436315,0.288126464,27.76659615
COAST,MOMBASA,KISAUNI,FRYMATE,1619,0.668300382,0.139790702,37.2025893,0.669672402,0.668300382,43.4637993
COAST,MOMBASA,KISAUNI,NDUME,596.4,0.427254297,0.132163276,48.19629137,0.427254297,0.427254297,44.69021825
COAST,MOMBASA,KISAUNI,ONJA,229.5,0.090059974,0.03349387,47.35629313,0.090238868,0.090059974,27.94305311
COAST,MOMBASA,KISAUNI,POPCO,358.156,0.080306325,0.0119434,46.66201269,0.091150913,0.080306325,27.07826111
COAST,MOMBASA,KISAUNI,RAINBOW WASHING POWDER,162,0.746478873,0.285714286,,0.75,0.746478873,
COAST,MOMBASA,KISAUNI,SALIT,7580.644,0.106876239,0.041039953,47.68458925,0.10701104,0.106876239,28.93864419
COAST,MOMBASA,KISAUNI,SAWA BODY WASH,1.555,0.006736333,0.010817956,,0.019877708,0.006736333,
COAST,MOMBASA,KISAUNI,SAWA CANDLES,351.6,0.195295954,0.039708174,,0.195833797,0.195295954,
COAST,MOMBASA,KISAUNI,SAWA GLYCERIN,102.6352917,0.210924654,0.058889572,,0.211293405,0.210924654,
COAST,MOMBASA,KISAUNI,SAWA MILKING JELLY,577.1328889,0.227062808,0.027060778,,0.22807539,0.227062808,
COAST,MOMBASA,KISAUNI,SAWA PETROLLEUM JELLY,23.22625,0.294052559,0.039710798,69.1779389,0.299862826,0.294052559,54.93091939
COAST,MOMBASA,KISAUNI,SAWA SOAP,13018.3145,0.33986598,0.045023622,,0.342861459,0.33986598,
COAST,MOMBASA,KISAUNI,USHINDI BAR,2445.5,0.432712436,0.060749538,47.44673382,0.433345737,0.432712436,44.25415867
COAST,MOMBASA,KISAUNI,USHINDI DETERGENT,0,0,,58.84357168,,0,29.42178584
COAST,MOMBASA,KISAUNI,USHINDI LIQUID DISHWASH,1596.155833,0.471947766,0.084306425,,0.4724619,0.471947766,
COAST,MOMBASA,KISAUNI,USHINDI PASTE DISHWASH,746.4,0.229425514,0.075141948,,0.229520295,0.229425514,
COAST,MOMBASA,KISAUNI,WHITE WASH (PWANI OIL PRODUCTS),6571.375,0.279093632,0.028712926,21.09236349,0.279195473,0.279093632,16.43292609
COAST,MOMBASA,LIKONI,4U SOAP,366,0.298429319,0.073350368,,0.312820513,0.298429319,
COAST,MOMBASA,LIKONI,AFRISENSE,52.15,0.468203785,0.075357188,56.16951953,0.469724605,0.468203785,54.3835414
COAST,MOMBASA,LIKONI,BELLEZA (PWANI OIL PRODUCTS),326.2036458,0.695735608,0.079315105,,0.696512123,0.695735608,
COAST,MOMBASA,LIKONI,DETREX,13844.365,0.566707593,0.095721829,54.67270314,0.566716106,0.566707593,58.31978755
COAST,MOMBASA,LIKONI,DIVA (PWANI OIL PRODUCTS),71.2,0.127180233,0.066161166,47.26637893,0.129079043,0.127180233,29.64453853
COAST,MOMBASA,LIKONI,DIVA GLYCERIN,6.944180556,0.243306524,0.055141647,,0.264994769,0.243306524,
COAST,MOMBASA,LIKONI,FRESCO (PWANI OIL PRODUCTS),153.3904167,0.64270702,0.065196224,,0.644351464,0.64270702,
COAST,MOMBASA,LIKONI,FRESH FRI,8625.523833,0.191176615,0.038186173,35.23114298,0.191528663,0.191176615,24.35094214
COAST,MOMBASA,LIKONI,FRYMATE,261,0.104253198,0.022535746,37.2025893,0.107958306,0.104253198,22.47978357
COAST,MOMBASA,LIKONI,NDUME,38.4,0.027509331,0.008509507,48.19629137,0.027509331,0.027509331,25.42399342
COAST,MOMBASA,LIKONI,ONJA,2543.25,1,0.371169002,47.35629313,1,1,71.0344397
COAST,MOMBASA,LIKONI,POPCO,3929.264,1,0.131028862,46.66201269,1,1,69.99301904
COAST,MOMBASA,LIKONI,SALIT,11208.3755,0.158094305,0.0606797,47.68458925,0.158221375,0.158094305,31.38095662
COAST,MOMBASA,LIKONI,SAWA BODY WASH,31.07,0.389088004,0.216150408,,0.397170676,0.389088004,
COAST,MOMBASA,LIKONI,SAWA CANDLES,484.2,0.269200758,0.054683441,,0.269689206,0.269200758,
COAST,MOMBASA,LIKONI,SAWA GLYCERIN,84.43520833,0.173438956,0.048446818,,0.173825225,0.173438956,
COAST,MOMBASA,LIKONI,SAWA MILKING JELLY,1120.320056,0.442004875,0.0525299,,0.442735873,0.442004875,
COAST,MOMBASA,LIKONI,SAWA PETROLLEUM JELLY,59.5425,0.766804979,0.101802064,69.1779389,0.76872428,0.766804979,87.63495745
COAST,MOMBASA,LIKONI,SAWA SOAP,30409.641,0.799986703,0.105171232,,0.8008943,0.799986703,
COAST,MOMBASA,LIKONI,USHINDI BAR,2655.925,0.470041689,0.065976781,47.44673382,0.470633317,0.470041689,46.0253098
COAST,MOMBASA,LIKONI,USHINDI LIQUID DISHWASH,653.2145833,0.192565271,0.034501761,,0.193351424,0.192565271,
COAST,MOMBASA,LIKONI,USHINDI PASTE DISHWASH,288.4,0.08857178,0.029033947,,0.088683887,0.08857178,
COAST,MOMBASA,LIKONI,WHITE WASH (PWANI OIL PRODUCTS),23536.825,1,0.102841659,21.09236349,1,1,31.63854524
COAST,MOMBASA,LIKONI,,0,,,,,,
COAST,MOMBASA,MVITA,4U SOAP,619.5,0.519633508,0.124154517,,0.529487179,0.519633508,
COAST,MOMBASA,MVITA,AFRISENSE,111.0225,1,0.160428445,56.16951953,1,1,84.2542793
COAST,MOMBASA,MVITA,BELLEZA (PWANI OIL PRODUCTS),131.9755208,0.279957356,0.032089317,,0.281794981,0.279957356,
COAST,MOMBASA,MVITA,DETREX,13707.608,0.561109364,0.094776272,54.67270314,0.561117988,0.561109364,58.01371727
COAST,MOMBASA,MVITA,DIVA (PWANI OIL PRODUCTS),36.96,0.06497093,0.034344335,47.26637893,0.067005076,0.06497093,26.70413007
COAST,MOMBASA,MVITA,DIVA GLYCERIN,3.004333333,0.088522819,0.023856506,,0.114647453,0.088522819,
COAST,MOMBASA,MVITA,FRESCO (PWANI OIL PRODUCTS),137.8521667,0.577133249,0.058591931,,0.579079498,0.577133249,
COAST,MOMBASA,MVITA,FRESH FRI,45035.15917,1,0.199375759,35.23114298,1,1,52.84671447
COAST,MOMBASA,MVITA,FRYMATE,289,0.115883037,0.024953374,37.2025893,0.11954004,0.115883037,22.91244368
COAST,MOMBASA,MVITA,NDUME,1395.89,1,0.309331649,48.19629137,1,1,72.29443706
COAST,MOMBASA,MVITA,ONJA,136.75,0.053583718,0.019957677,47.35629313,0.053769783,0.053583718,26.21567284
COAST,MOMBASA,MVITA,POPCO,755.598,0.182662483,0.025196868,46.66201269,0.192300136,0.182662483,31.85440544
COAST,MOMBASA,MVITA,SALIT,70839.831,1,0.38351139,47.68458925,1,1,71.52688388
COAST,MOMBASA,MVITA,SAWA BODY WASH,78.22833333,1,0.544225496,,1,1,
COAST,MOMBASA,MVITA,SAWA CANDLES,230,0.127522015,0.025975199,,0.128105158,0.127522015,
COAST,MOMBASA,MVITA,SAWA GLYCERIN,42.30561806,0.086666986,0.024273909,,0.087093805,0.086666986,
COAST,MOMBASA,MVITA,SAWA MILKING JELLY,1070.264611,0.422197667,0.050182885,,0.422954614,0.422197667,
COAST,MOMBASA,MVITA,SAWA PETROLLEUM JELLY,50.46875,0.64868603,0.08628833,69.1779389,0.651577503,0.64868603,79.46373203
COAST,MOMBASA,MVITA,SAWA SOAP,37969.606,1,0.131317244,,1,1,
COAST,MOMBASA,MVITA,USHINDI BAR,4322.375,0.765668795,0.10737366,47.44673382,0.765930395,0.765668795,60.05185044
COAST,MOMBASA,MVITA,USHINDI DETERGENT,0,0,,58.84357168,,0,29.42178584
COAST,MOMBASA,MVITA,USHINDI FLOOR CLEANER,24.18,0,1,,1,0,
COAST,MOMBASA,MVITA,USHINDI LIQUID DISHWASH,1358.973167,0.401673308,0.071778812,,0.402255864,0.401673308,
COAST,MOMBASA,MVITA,USHINDI PASTE DISHWASH,1669.8,0.513408783,0.168102928,,0.513468635,0.513408783,
COAST,MOMBASA,MVITA,WHITE WASH (PWANI OIL PRODUCTS),22109,0.939327979,0.09660293,21.09236349,0.93933655,0.939327979,30.35882892
COAST,MOMBASA,MVITA,,6.21,,,,,,
COAST,MOMBASA,NYALI,4U SOAP,106.5,0.071989529,0.021343755,,0.091025641,0.071989529,
COAST,MOMBASA,NYALI,AFRISENSE,31.155,0.278555621,0.045019237,56.16951953,0.280618793,0.278555621,43.73109515
COAST,MOMBASA,NYALI,BELLEZA (PWANI OIL PRODUCTS),355.1884583,0.757782516,0.086362646,,0.758400681,0.757782516,
COAST,MOMBASA,NYALI,DETREX,5667.15,0.231968477,0.039183449,54.67270314,0.231983567,0.231968477,40.01869523
COAST,MOMBASA,NYALI,DIVA (PWANI OIL PRODUCTS),145.2,0.261627907,0.134924175,47.26637893,0.263234228,0.261627907,35.99939325
COAST,MOMBASA,NYALI,DIVA GLYCERIN,1.502166667,0.029507606,0.011928253,,0.057323727,0.029507606,
COAST,MOMBASA,NYALI,FRESCO (PWANI OIL PRODUCTS),176.4985833,0.740226986,0.075017992,,0.741422594,0.740226986,
COAST,MOMBASA,NYALI,FRESH FRI,26312.14433,0.584076795,0.116486848,35.23114298,0.584257829,0.584076794,38.19326454
COAST,MOMBASA,NYALI,FRYMATE,2417.6,1,0.208744906,37.2025893,1,1,55.80388395
COAST,MOMBASA,NYALI,NDUME,967.9,0.693392746,0.214488322,48.19629137,0.693392746,0.693392746,57.5171045
COAST,MOMBASA,NYALI,ONJA,437.75,0.171959493,0.063886457,47.35629313,0.172122284,0.171959493,31.82151071
COAST,MOMBASA,NYALI,POPCO,516.744,0.121148658,0.017231822,46.66201269,0.131511652,0.121148658,28.98404655
COAST,MOMBASA,NYALI,RAINBOW WASHING POWDER,186,0.85915493,0.328042328,,0.861111111,0.85915493,
COAST,MOMBASA,NYALI,SALIT,18133.666,0.255868902,0.098171711,47.68458925,0.255981215,0.255868902,36.0432981
COAST,MOMBASA,NYALI,SAWA BODY WASH,7.775,0.087313239,0.054089779,,0.099388542,0.087313239,
COAST,MOMBASA,NYALI,SAWA CANDLES,697.8,0.388251031,0.078806496,,0.388659909,0.388251031,
COAST,MOMBASA,NYALI,SAWA GLYCERIN,151.7399375,0.312062757,0.087064594,,0.312384245,0.312062757,
COAST,MOMBASA,NYALI,SAWA MILKING JELLY,945.9292778,0.372997511,0.044353013,,0.373818912,0.372997511,
COAST,MOMBASA,NYALI,SAWA PETROLLEUM JELLY,40.63,0.520608575,0.069466647,69.1779389,0.524554184,0.520608575,70.60359767
COAST,MOMBASA,NYALI,SAWA SOAP,23049.8775,0.605270118,0.079717614,,0.607061277,0.605270118,
COAST,MOMBASA,NYALI,USHINDI BAR,5643.3,1,0.140187229,47.44673382,1,1,71.17010073
COAST,MOMBASA,NYALI,USHINDI DETERGENT,0,0,,58.84357168,,0,29.42178584
COAST,MOMBASA,NYALI,USHINDI LIQUID DISHWASH,3276.159667,0.969713307,0.173041569,,0.969742796,0.969713308,
COAST,MOMBASA,NYALI,USHINDI PASTE DISHWASH,1333.4,0.409952024,0.134236701,,0.4100246,0.409952024,
COAST,MOMBASA,NYALI,WHITE WASH (PWANI OIL PRODUCTS),9728.775,0.413259821,0.04250885,21.09236349,0.413342709,0.413259821,19.26280811
COAST,MOMBASA,,AFRISENSE,0.3175,0,,56.16951953,0.002859781,0,28.08475977
COAST,MOMBASA,,BELLEZA (PWANI OIL PRODUCTS),1.19525,0,,,0.002552105,0,
COAST,MOMBASA,,DETREX,105.876,0.004314447,,54.67270314,0.004334011,0.004314447,27.57223407
COAST,MOMBASA,,FRESCO (PWANI OIL PRODUCTS),1.095645833,0,,,0.00460251,0,
COAST,MOMBASA,,FRESH FRI,209.8358333,0.004225958,,35.23114298,0.004659378,0.004225958,17.7644568
COAST,MOMBASA,,ONJA,0.5,0,,47.35629313,0.000196599,0,23.67814657
COAST,MOMBASA,,SALIT,101.1285,0.001276826,,47.68458925,0.001427566,0.001276826,23.90317956
COAST,MOMBASA,,SAWA CANDLES,1.2,0,,,0.000668375,0,
COAST,MOMBASA,,SAWA GLYCERIN,0.378291667,0.000311607,,,0.000778782,0.000311607,
COAST,MOMBASA,,SAWA MILKING JELLY,5.525,0.000874509,,,0.002183408,0.000874509,
COAST,MOMBASA,,SAWA PETROLLEUM JELLY,1.29625,0.00857538,,69.1779389,0.016735254,0.00857538,35.18219659
COAST,MOMBASA,,SAWA SOAP,290.788,0.003134985,,,0.007658441,0.003134985,
COAST,MOMBASA,,USHINDI BAR,162.15,0.027647685,,47.44673382,0.028733188,0.027647685,25.03515926
COAST,MOMBASA,,USHINDI LIQUID DISHWASH,5.5495,0.000669661,,,0.001642651,0.000669661,
COAST,MOMBASA,,USHINDI PASTE DISHWASH,0.6,6.15E-05,,,0.000184502,6.15E-05,
COAST,MOMBASA,,WHITE WASH (PWANI OIL PRODUCTS),202.125,0.008447532,,21.09236349,0.008587607,0.008447532,10.72436017
COAST,TAITA TAVETA,MWATATE,4U SOAP,34.5,0.009162304,0.006914174,,0.029487179,0.009162304,
COAST,TAITA TAVETA,MWATATE,AFRISENSE,12.6325,0.111241588,0.018254069,56.16951953,0.113783242,0.111241588,34.33314631
COAST,TAITA TAVETA,MWATATE,BELLEZA (PWANI OIL PRODUCTS),93.32910417,0.197228145,0.022692596,,0.199276903,0.197228145,
COAST,TAITA TAVETA,MWATATE,DETREX,615.6826667,0.025183684,0.004256914,54.67270314,0.025202838,0.025183684,28.71321164
COAST,TAITA TAVETA,MWATATE,DIVA GLYCERIN,15.43091667,0.576722614,0.122532262,,0.588854532,0.576722614,
COAST,TAITA TAVETA,MWATATE,FRESCO (PWANI OIL PRODUCTS),41.63454167,0.171080286,0.017696118,,0.174895397,0.171080286,
COAST,TAITA TAVETA,MWATATE,FRESH FRI,6161.38,0.136436787,0.027277128,35.23114298,0.136812662,0.136436787,22.42239545
COAST,TAITA TAVETA,MWATATE,FRYMATE,365,0.147449742,0.031515507,37.2025893,0.150976175,0.147449742,24.08680686
COAST,TAITA TAVETA,MWATATE,MPISHI POA,15,0.10468135,0.064919327,47.19936714,0.14921216,0.10468135,28.54057704
COAST,TAITA TAVETA,MWATATE,NDUME,58.8,0.042123663,0.013030182,48.19629137,0.042123663,0.042123663,26.12835002
COAST,TAITA TAVETA,MWATATE,ONJA,73.25,0.028610756,0.010690309,47.35629313,0.02880173,0.028610756,25.03304592
COAST,TAITA TAVETA,MWATATE,POPCO,718.154,0.173019255,0.023948226,46.66201269,0.182770616,0.173019255,31.404433
COAST,TAITA TAVETA,MWATATE,SALIT,1837.7315,0.025795026,0.009949077,47.68458925,0.025942065,0.025795026,25.07231986
COAST,TAITA TAVETA,MWATATE,SAWA CANDLES,190,0.105227957,0.021457773,,0.105826,0.105227957,
COAST,TAITA TAVETA,MWATATE,SAWA GLYCERIN,102.8369097,0.211339915,0.059005256,,0.211708472,0.211339915,
COAST,TAITA TAVETA,MWATATE,SAWA MILKING JELLY,867.6559444,0.342024334,0.04068291,,0.342886312,0.342024334,
COAST,TAITA TAVETA,MWATATE,SAWA PETROLLEUM JELLY,16.575,0.20746888,0.028338904,69.1779389,0.21399177,0.20746888,48.94123893
COAST,TAITA TAVETA,MWATATE,SAWA SOAP,3884.751528,0.098220147,0.013435348,,0.102312137,0.098220147,
COAST,TAITA TAVETA,MWATATE,USHINDI BAR,254.325,0.043999468,0.006317778,47.44673382,0.045066716,0.043999468,25.81099795
COAST,TAITA TAVETA,MWATATE,USHINDI LIQUID DISHWASH,223.5554167,0.065262271,0.011807843,,0.066172372,0.065262271,
COAST,TAITA TAVETA,MWATATE,USHINDI PASTE DISHWASH,155.6,0.047730348,0.01566464,,0.047847478,0.047730348,
COAST,TAITA TAVETA,MWATATE,WHITE WASH (PWANI OIL PRODUCTS),3035.4948,0.12884483,0.013263272,21.09236349,0.128967896,0.12884483,13.26382373
COAST,TAITA TAVETA,TAVETA,AFRISENSE,17.4125,0.154419403,0.025161209,56.16951953,0.156837578,0.154419403,36.75842343
COAST,TAITA TAVETA,TAVETA,BELLEZA (PWANI OIL PRODUCTS),103.389125,0.218763326,0.02513865,,0.220757125,0.218763326,
COAST,TAITA TAVETA,TAVETA,DETREX,979.9166667,0.040093817,0.006775278,54.67270314,0.040112678,0.040093817,29.52838894
COAST,TAITA TAVETA,TAVETA,DIVA GLYCERIN,23.10094444,0.878052906,0.183437643,,0.881548137,0.878052906,
COAST,TAITA TAVETA,TAVETA,FRESCO (PWANI OIL PRODUCTS),52.8898125,0.218579235,0.022479997,,0.222175732,0.218579235,
COAST,TAITA TAVETA,TAVETA,FRESH FRI,3561.437667,0.078680258,0.015766889,35.23114298,0.079081272,0.078680258,20.38756692
COAST,TAITA TAVETA,TAVETA,ONJA,55.75,0.021728444,0.008136311,47.35629313,0.021920771,0.021728444,24.70712511
COAST,TAITA TAVETA,TAVETA,SALIT,752.924,0.01047919,0.004076166,47.68458925,0.01062854,0.01047919,24.34199049
COAST,TAITA TAVETA,TAVETA,SAWA CANDLES,43,0.023297291,0.004856233,,0.023950095,0.023297291,
COAST,TAITA TAVETA,TAVETA,SAWA GLYCERIN,153.2524792,0.315178055,0.087932453,,0.315498087,0.315178055,
COAST,TAITA TAVETA,TAVETA,SAWA MILKING JELLY,520.8515,0.204791961,0.02442184,,0.205833719,0.204791961,
COAST,TAITA TAVETA,TAVETA,SAWA PETROLLEUM JELLY,12.9625,0.1604426,0.022162476,69.1779389,0.167352538,0.1604426,45.68805785
COAST,TAITA TAVETA,TAVETA,SAWA SOAP,3364.793056,0.084463653,0.01163708,,0.088618066,0.084463653,
COAST,TAITA TAVETA,TAVETA,USHINDI BAR,178.5,0.030548164,0.004434182,47.44673382,0.031630429,0.030548164,25.17277751
COAST,TAITA TAVETA,TAVETA,USHINDI LIQUID DISHWASH,174.0185833,0.050585086,0.009191386,,0.051509476,0.050585086,
COAST,TAITA TAVETA,TAVETA,USHINDI PASTE DISHWASH,111.6,0.034198548,0.01123505,,0.034317343,0.034198548,
COAST,TAITA TAVETA,TAVETA,WHITE WASH (PWANI OIL PRODUCTS),2425.4446,0.1029222,0.010597723,21.09236349,0.103048929,0.1029222,12.7170542
COAST,TAITA TAVETA,VOI,4U SOAP,273,0.217277487,0.05471216,,0.233333333,0.217277487,
COAST,TAITA TAVETA,VOI,AFRISENSE,38.6175,0.3459645,0.055802612,56.16951953,0.347834898,0.3459645,47.51741952
COAST,TAITA TAVETA,VOI,BELLEZA (PWANI OIL PRODUCTS),468.3387917,1,0.113874694,,1,1,
COAST,TAITA TAVETA,VOI,DETREX,2063.372333,0.084445714,0.014266438,54.67270314,0.084463703,0.084445714,31.953227
COAST,TAITA TAVETA,VOI,DIVA (PWANI OIL PRODUCTS),32.4,0.056686047,0.030107047,47.26637893,0.058738216,0.056686047,26.31253362
COAST,TAITA TAVETA,VOI,DIVA GLYCERIN,26.20497222,1,0.208085793,,1,1,
COAST,TAITA TAVETA,VOI,FRESCO (PWANI OIL PRODUCTS),238.0539583,1,0.101181152,,1,1,
COAST,TAITA TAVETA,VOI,FRESH FRI,32366.50283,0.718571598,0.14329018,35.23114298,0.718694092,0.718571598,42.93167018
COAST,TAITA TAVETA,VOI,FRYMATE,2264,0.936202027,0.195482489,37.2025893,0.936465917,0.936202027,53.43043416
COAST,TAITA TAVETA,VOI,NDUME,372,0.266496644,0.082435846,48.19629137,0.266496644,0.266496644,36.94229557
COAST,TAITA TAVETA,VOI,ONJA,176.75,0.069314718,0.025795388,47.35629313,0.06949769,0.069314718,26.96063468
COAST,TAITA TAVETA,VOI,POPCO,3660.282,0.93072709,0.12205914,46.66201269,0.931543923,0.93072709,66.76060562
COAST,TAITA TAVETA,VOI,SALIT,8970.327833,0.126496467,0.048563398,47.68458925,0.126628307,0.126496467,29.87422669
COAST,TAITA TAVETA,VOI,SAWA CANDLES,742,0.412885966,0.083798252,,0.413278378,0.412885966,
COAST,TAITA TAVETA,VOI,SAWA GLYCERIN,485.7477292,1,0.278709941,,1,1,
COAST,TAITA TAVETA,VOI,SAWA MILKING JELLY,2530.447889,1,0.118648393,,1,1,
COAST,TAITA TAVETA,VOI,SAWA PETROLLEUM JELLY,37.1025,0.474688797,0.063435547,69.1779389,0.479012346,0.474688797,67.42696202
COAST,TAITA TAVETA,VOI,SAWA SOAP,16345.49988,0.427893017,0.056530636,,0.430489057,0.427893017,
COAST,TAITA TAVETA,VOI,USHINDI BAR,1669.275,0.295010644,0.041467056,47.44673382,0.295797672,0.295010644,37.72065841
COAST,TAITA TAVETA,VOI,USHINDI LIQUID DISHWASH,2332.837083,0.690217828,0.123216763,,0.690519445,0.690217828,
COAST,TAITA TAVETA,VOI,USHINDI PASTE DISHWASH,3252,1,0.327386945,,1,1,
COAST,TAITA TAVETA,VOI,WHITE WASH (PWANI OIL PRODUCTS),18916.007,0.803649351,0.082651485,21.09236349,0.803677089,0.803649351,27.49704597
COAST,TAITA TAVETA,WUNDANYI,4U SOAP,36,0.010471204,0.00721479,,0.030769231,0.010471204,
COAST,TAITA TAVETA,WUNDANYI,AFRISENSE,3.5625,0.029312136,0.005147842,56.16951953,0.03208809,0.029312136,29.73120835
COAST,TAITA TAVETA,WUNDANYI,BELLEZA (PWANI OIL PRODUCTS),38.845625,0.080597015,0.009445158,,0.082943428,0.080597015,
COAST,TAITA TAVETA,WUNDANYI,DETREX,219.8133333,0.008978539,0.001519819,54.67270314,0.008998012,0.008978539,27.82723258
COAST,TAITA TAVETA,WUNDANYI,DIVA (PWANI OIL PRODUCTS),1.2,0,0.001115076,47.26637893,0.002175489,0,23.63318947
COAST,TAITA TAVETA,WUNDANYI,DIVA GLYCERIN,3.013166667,0.088869852,0.023926649,,0.11498454,0.088869852,
COAST,TAITA TAVETA,WUNDANYI,FRESCO (PWANI OIL PRODUCTS),29.88125,0.121479613,0.012700563,,0.125523013,0.121479613,
COAST,TAITA TAVETA,WUNDANYI,FRESH FRI,7193.632833,0.159367812,0.031847029,35.23114298,0.159733705,0.159367812,23.23028165
COAST,TAITA TAVETA,WUNDANYI,FRYMATE,562,0.229273966,0.048525247,37.2025893,0.232461946,0.229273966,27.13087984
COAST,TAITA TAVETA,WUNDANYI,MPISHI POA,10,0.052340675,0.043279551,47.19936714,0.099474773,0.052340675,26.0701303
COAST,TAITA TAVETA,WUNDANYI,NDUME,100.8,0.072211994,0.022337455,48.19629137,0.072211994,0.072211994,27.57849598
COAST,TAITA TAVETA,WUNDANYI,ONJA,16.5,0.0062924,0.002408056,47.35629313,0.006487762,0.0062924,23.9761313
COAST,TAITA TAVETA,WUNDANYI,POPCO,237.006,0.049105676,0.007903421,46.66201269,0.060318166,0.049105676,25.62237601
COAST,TAITA TAVETA,WUNDANYI,SALIT,1436.341667,0.020128011,0.00777604,47.68458925,0.020275905,0.020128011,24.80209055
COAST,TAITA TAVETA,WUNDANYI,SAWA CANDLES,146.6,0.081038903,0.016556366,,0.081653114,0.081038903,
COAST,TAITA TAVETA,WUNDANYI,SAWA GLYCERIN,52.69822917,0.108072068,0.03023693,,0.108488884,0.108072068,
COAST,TAITA TAVETA,WUNDANYI,SAWA MILKING JELLY,830.362,0.327266921,0.03893426,,0.328148232,0.327266921,
COAST,TAITA TAVETA,WUNDANYI,SAWA PETROLLEUM JELLY,3.6975,0.039834025,0.006321756,69.1779389,0.047736626,0.039834025,37.34460519
COAST,TAITA TAVETA,WUNDANYI,SAWA SOAP,1351.4315,0.031196332,0.004673903,,0.035592455,0.031196332,
COAST,TAITA TAVETA,WUNDANYI,USHINDI BAR,70.55,0.011397907,0.001752558,47.44673382,0.012501551,0.011397907,24.26416035
COAST,TAITA TAVETA,WUNDANYI,USHINDI LIQUID DISHWASH,137.9318333,0.039893002,0.007285341,,0.040827803,0.039893002,
COAST,TAITA TAVETA,WUNDANYI,USHINDI PASTE DISHWASH,59.6,0.018206421,0.006000081,,0.018327183,0.018206421,
COAST,TAITA TAVETA,WUNDANYI,WHITE WASH (PWANI OIL PRODUCTS),1509.7786,0.064013156,0.006596817,21.09236349,0.064145381,0.064013156,11.89637049
COAST,TANA RIVER,BURA,AFRISENSE,10.7825,0.094530509,0.015580803,56.16951953,0.097119953,0.094530509,33.39449304
COAST,TANA RIVER,BURA,BELLEZA (PWANI OIL PRODUCTS),20.12004167,0.040511727,0.004892107,,0.042960442,0.040511727,
COAST,TANA RIVER,BURA,DETREX,291.572,0.011916023,0.002015969,54.67270314,0.011935437,0.011916023,27.98783274
COAST,TANA RIVER,BURA,DIVA (PWANI OIL PRODUCTS),24,0.041424419,0.022301517,47.26637893,0.04350979,0.041424419,25.59117173
COAST,TANA RIVER,BURA,FRESCO (PWANI OIL PRODUCTS),5.6774375,0.019335855,0.002413107,,0.023849372,0.019335855,
COAST,TANA RIVER,BURA,FRESH FRI,19.602,0,8.68E-05,35.23114298,0.00043526,0,17.61557149
COAST,TANA RIVER,BURA,NDUME,0,0,0,48.19629137,0,0,24.09814569
COAST,TANA RIVER,BURA,ONJA,3.25,0.001081506,0.000474314,47.35629313,0.001277892,0.001081506,23.72936269
COAST,TANA RIVER,BURA,SALIT,142.5666667,0.00186187,0.000771825,47.68458925,0.002012521,0.00186187,23.93107714
COAST,TANA RIVER,BURA,SAWA GLYCERIN,2.951,0.005610471,0.00169321,,0.00607517,0.005610471,
COAST,TANA RIVER,BURA,SAWA MILKING JELLY,27.0045,0.009374062,0.001266195,,0.010671826,0.009374062,
COAST,TANA RIVER,BURA,SAWA PETROLLEUM JELLY,5.9925,0.069709544,0.010245604,69.1779389,0.077366255,0.069709544,39.411332
COAST,TANA RIVER,BURA,SAWA SOAP,270.314,0.002593306,0.000934876,,0.007119221,0.002593306,
COAST,TANA RIVER,BURA,USHINDI BAR,323.7,0.056306546,0.008041147,47.44673382,0.057360055,0.056306546,26.39492861
COAST,TANA RIVER,BURA,USHINDI DETERGENT,0,0,,58.84357168,,0,29.42178584
COAST,TANA RIVER,BURA,USHINDI LIQUID DISHWASH,14.802,0.003411069,0.000781818,,0.00438139,0.003411069,
COAST,TANA RIVER,BURA,WHITE WASH (PWANI OIL PRODUCTS),1377.475,0.05839123,0.006018731,21.09236349,0.058524249,0.05839123,11.77779078
COAST,TANA RIVER,DUJIS,DETREX,0.48,0,3.32E-06,54.67270314,1.96E-05,0,27.33635157
COAST,TANA RIVER,DUJIS,USHINDI LIQUID DISHWASH,3.289333333,0,0.000173737,,0.000973642,0,
COAST,TANA RIVER,DUJIS,WHITE WASH (PWANI OIL PRODUCTS),3.325,0,1.45E-05,21.09236349,0.000141268,0,10.54618175
COAST,TANA RIVER,GARSEN,AFRISENSE,1.375,0.009552414,0.001986887,56.16951953,0.012384877,0.009552414,28.62131427
COAST,TANA RIVER,GARSEN,BELLEZA (PWANI OIL PRODUCTS),25.10025,0.051172708,0.006103025,,0.053594215,0.051172708,
COAST,TANA RIVER,GARSEN,DETREX,859.2,0.035152209,0.005940626,54.67270314,0.035171167,0.035152209,29.25821788
COAST,TANA RIVER,GARSEN,FRESCO (PWANI OIL PRODUCTS),12.15170833,0.04665826,0.005164896,,0.051046025,0.04665826,
COAST,TANA RIVER,GARSEN,FRESH FRI,199.592,0.003998395,0.000883616,35.23114298,0.004431915,0.003998395,17.75643953
COAST,TANA RIVER,GARSEN,ONJA,12.75,0.004817619,0.001860771,47.35629313,0.00501327,0.004817619,23.90629113
COAST,TANA RIVER,GARSEN,SALIT,106.92,0.001358593,0.000578842,47.68458925,0.00150932,0.001358593,23.90707859
COAST,TANA RIVER,GARSEN,SAWA CANDLES,158.4,0.08761565,0.017889007,,0.088225465,0.08761565,
COAST,TANA RIVER,GARSEN,SAWA GLYCERIN,1.135,0.001870157,0.000651235,,0.002336604,0.001870157,
COAST,TANA RIVER,GARSEN,SAWA MILKING JELLY,68.65483333,0.025855322,0.003219108,,0.027131495,0.025855322,
COAST,TANA RIVER,GARSEN,SAWA PETROLLEUM JELLY,2.38,0.022683264,0.004069176,69.1779389,0.030727023,0.022683264,36.15815091
COAST,TANA RIVER,GARSEN,SAWA SOAP,1663.764,0.039459684,0.0057541,,0.043818311,0.039459684,
COAST,TANA RIVER,GARSEN,USHINDI BAR,184.4,0.03159482,0.004580746,47.44673382,0.032675917,0.03159482,25.22243792
COAST,TANA RIVER,GARSEN,USHINDI DETERGENT,0,0,,58.84357168,,0,29.42178584
COAST,TANA RIVER,GARSEN,USHINDI LIQUID DISHWASH,291.6815,0.085447235,0.015406155,,0.086337683,0.085447235,
COAST,TANA RIVER,GARSEN,USHINDI PASTE DISHWASH,91.2,0.027924714,0.009181331,,0.02804428,0.027924714,
COAST,TANA RIVER,GARSEN,WHITE WASH (PWANI OIL PRODUCTS),676.5,0.028604967,0.002955895,21.09236349,0.028742194,0.028604967,11.14952811
EASTERN,EMBU,GACHOKA,4U SOAP,519,0.582116285,0.06525667,,0.587795597,0.582116285,
EASTERN,EMBU,GACHOKA,AFRISENSE,1.6925,0.012939831,0.00249669,,0.015148464,0.012939831,
EASTERN,EMBU,GACHOKA,BELLEZA (PWANI OIL PRODUCTS),260.5645,0.458742978,0.030403403,,0.4590279,0.458742978,
EASTERN,EMBU,GACHOKA,DETREX,2370.7115,0.108283468,0.01892253,,0.108303021,0.108283468,
EASTERN,EMBU,GACHOKA,DIRIA,720,0.072704612,0.028266332,,0.074626866,0.072704612,
EASTERN,EMBU,GACHOKA,DIVA (PWANI OIL PRODUCTS),4.8,0.028220859,0.005553627,,0.029411765,0.028220859,
EASTERN,EMBU,GACHOKA,FRESCO (PWANI OIL PRODUCTS),202.2960625,0.525974026,0.036968274,,0.526711618,0.525974026,
EASTERN,EMBU,GACHOKA,FRESH FRI,9071.073167,0.325920745,0.030042067,,0.326007086,0.325920745,
EASTERN,EMBU,GACHOKA,FRYKING,888,1,0.39995496,,1,1,
EASTERN,EMBU,GACHOKA,FRYMATE,584,0.245873889,0.039538269,,0.246830093,0.245873889,
EASTERN,EMBU,GACHOKA,MPISHI POA,815.8053333,0.798283863,0.186535479,,0.799111495,0.798283863,
EASTERN,EMBU,GACHOKA,NDUME,19106,0.162361899,0.03027132,,0.162504388,0.162361899,
EASTERN,EMBU,GACHOKA,ONJA,80.5,0.255583127,0.019661721,,0.263502455,0.255583127,
EASTERN,EMBU,GACHOKA,POPCO,1470.088,0.019216376,0.009667244,,0.019354437,0.019216376,
EASTERN,EMBU,GACHOKA,POPCO BAR,1420,1,0.321995465,,1,1,
EASTERN,EMBU,GACHOKA,POPCO LAUNDRY SOAP,260,0.313912607,0.049422141,,0.322420635,0.313912607,
EASTERN,EMBU,GACHOKA,SALIT,64654.57,0.799873203,0.104944181,,0.799879821,0.799873203,
EASTERN,EMBU,GACHOKA,SAWA CANDLES,240,0.360517605,0.048687467,,0.360902256,0.360517605,
EASTERN,EMBU,GACHOKA,SAWA GLYCERIN,380.2374792,0.230650471,0.027955371,,0.230827149,0.230650471,
EASTERN,EMBU,GACHOKA,SAWA HANDWASH,6.17,0.294117647,0.046160752,,0.333333333,0.294117647,
EASTERN,EMBU,GACHOKA,SAWA MILKING JELLY,383.2595,0.200604467,0.016352804,,0.200818087,0.200604467,
EASTERN,EMBU,GACHOKA,SAWA PETROLLEUM JELLY,12.92,0.131685393,0.015042803,,0.135957066,0.131685393,
EASTERN,EMBU,GACHOKA,SAWA SOAP,2665.613431,0.173506977,0.016736264,,0.173547334,0.173506977,
EASTERN,EMBU,GACHOKA,USHINDI BAR,1082.15,0.211608039,0.024483503,,0.211854991,0.211608039,
EASTERN,EMBU,GACHOKA,USHINDI DETERGENT,0,0,,,,0,
EASTERN,EMBU,GACHOKA,USHINDI LIQUID DISHWASH,59.223,0.020133778,0.002827382,,0.022810515,0.020133778,
EASTERN,EMBU,GACHOKA,USHINDI PASTE DISHWASH,55.2,0.058848983,0.00565018,,0.059662776,0.058848983,
EASTERN,EMBU,GACHOKA,WHITE WASH (PWANI OIL PRODUCTS),4959.975,0.179360537,0.029114718,,0.179422878,0.179360537,
EASTERN,EMBU,MANYATTA,4U SOAP,210,0.227335354,0.026404433,,0.237836369,0.227335354,
EASTERN,EMBU,MANYATTA,AFRISENSE,34.9825,0.311565114,0.051604409,,0.313105547,0.311565114,
EASTERN,EMBU,MANYATTA,BELLEZA (PWANI OIL PRODUCTS),567.6441458,1,0.066234325,,1,1,
EASTERN,EMBU,MANYATTA,DETREX,2201.4155,0.10054922,0.017571244,,0.100568943,0.10054922,
EASTERN,EMBU,MANYATTA,DIRIA,588,0.058994599,0.023084171,,0.060945274,0.058994599,
EASTERN,EMBU,MANYATTA,DIVA (PWANI OIL PRODUCTS),18,0.109202454,0.020826102,,0.110294118,0.109202454,
EASTERN,EMBU,MANYATTA,FRESCO (PWANI OIL PRODUCTS),384.0736667,1,0.070186935,,1,1,
EASTERN,EMBU,MANYATTA,FRESH FRI,19027.21667,0.683782386,0.063015357,,0.683822889,0.683782386,
EASTERN,EMBU,MANYATTA,FRYKING,564,0.630136986,0.254025448,,0.635135135,0.630136986,
EASTERN,EMBU,MANYATTA,FRYMATE,592,0.249259416,0.040079889,,0.250211327,0.249259416,
EASTERN,EMBU,MANYATTA,MPISHI POA,584.4985,0.570776814,0.133646721,,0.572537897,0.570776814,
EASTERN,EMBU,MANYATTA,NDUME,14193.95,0.120575785,0.022488726,,0.120725382,0.120575785,
EASTERN,EMBU,MANYATTA,ONJA,109.75,0.35235732,0.026805886,,0.359247136,0.35235732,
EASTERN,EMBU,MANYATTA,POPCO,1551.992,0.020294835,0.010205842,,0.020432743,0.020294835,
EASTERN,EMBU,MANYATTA,POPCO BAR,960,0.673758865,0.217687075,,0.676056338,0.673758865,
EASTERN,EMBU,MANYATTA,POPCO LAUNDRY SOAP,40,0.037669513,0.007603406,,0.049603175,0.037669513,
EASTERN,EMBU,MANYATTA,SALIT,50917.113,0.629913399,0.082646203,,0.629925637,0.629913399,
EASTERN,EMBU,MANYATTA,SAWA CANDLES,350.8,0.527234427,0.071164848,,0.527518797,0.527234427,
EASTERN,EMBU,MANYATTA,SAWA GLYCERIN,385.1622639,0.2336408,0.028317445,,0.233816791,0.233640799,
EASTERN,EMBU,MANYATTA,SAWA MILKING JELLY,848.5922778,0.444492006,0.036207486,,0.444640453,0.444492006,
EASTERN,EMBU,MANYATTA,SAWA PETROLLEUM JELLY,51.935,0.544269663,0.060468108,,0.546511628,0.544269663,
EASTERN,EMBU,MANYATTA,SAWA SOAP,3886.541333,0.253000548,0.024401956,,0.253037023,0.253000548,
EASTERN,EMBU,MANYATTA,USHINDI BAR,3279.325,0.641888815,0.0741943,,0.642000989,0.641888815,
EASTERN,EMBU,MANYATTA,USHINDI DETERGENT,0,0,,,,0,
EASTERN,EMBU,MANYATTA,USHINDI LIQUID DISHWASH,47.44758333,0.015585898,0.002265209,,0.018275059,0.015585898,
EASTERN,EMBU,MANYATTA,USHINDI PASTE DISHWASH,62.4,0.066637819,0.00638716,,0.067444877,0.066637819,
EASTERN,EMBU,MANYATTA,WHITE WASH (PWANI OIL PRODUCTS),4794.4,0.173370547,0.028142804,,0.173433343,0.173370547,
EASTERN,EMBU,RUNYENJES,4U SOAP,303,0.334114081,0.038097825,,0.343163903,0.334114081,
EASTERN,EMBU,RUNYENJES,AFRISENSE,12.9375,0.113812204,0.019084744,,0.115795127,0.113812204,
EASTERN,EMBU,RUNYENJES,BELLEZA (PWANI OIL PRODUCTS),322.7175,0.568293539,0.037655591,,0.568520793,0.568293539,
EASTERN,EMBU,RUNYENJES,DETREX,2006.496,0.091644368,0.016015437,,0.091664287,0.091644368,
EASTERN,EMBU,RUNYENJES,DIRIA,480,0.047777316,0.018844221,,0.049751244,0.047777316,
EASTERN,EMBU,RUNYENJES,DIVA (PWANI OIL PRODUCTS),9.6,0.057668712,0.011107254,,0.058823529,0.057668712,
EASTERN,EMBU,RUNYENJES,FRESCO (PWANI OIL PRODUCTS),212.8541042,0.553506494,0.038897687,,0.554201245,0.553506494,
EASTERN,EMBU,RUNYENJES,FRESH FRI,19568.34733,0.703232679,0.064807502,,0.703270691,0.703232679,
EASTERN,EMBU,RUNYENJES,FRYKING,348.25,0.383847032,0.156851706,,0.392173423,0.383847032,
EASTERN,EMBU,RUNYENJES,FRYMATE,1699.5,0.717943292,0.115060424,,0.71830093,0.717943292,
EASTERN,EMBU,RUNYENJES,MPISHI POA,1020.8905,1,0.233428602,,1,1,
EASTERN,EMBU,RUNYENJES,NDUME,18230.26,0.154912102,0.028883808,,0.155055859,0.154912102,
EASTERN,EMBU,RUNYENJES,ONJA,42.5,0.129859388,0.010380412,,0.139116203,0.129859388,
EASTERN,EMBU,RUNYENJES,POPCO,3980.765333,0.05227534,0.026177366,,0.052408747,0.05227534,
EASTERN,EMBU,RUNYENJES,POPCO BAR,1390,0.978723404,0.315192744,,0.978873239,0.978723404,
EASTERN,EMBU,RUNYENJES,POPCO LAUNDRY SOAP,20,0.012556504,0.003801703,,0.024801587,0.012556504,
EASTERN,EMBU,RUNYENJES,SALIT,64434.508,0.797150596,0.104586987,,0.797157304,0.797150596,
EASTERN,EMBU,RUNYENJES,SAWA CANDLES,393,0.590731267,0.079725727,,0.590977444,0.590731267,
EASTERN,EMBU,RUNYENJES,SAWA GLYCERIN,359.7117569,0.218187254,0.026446303,,0.218366794,0.218187254,
EASTERN,EMBU,RUNYENJES,SAWA MILKING JELLY,745.4177222,0.390416751,0.031805264,,0.390579648,0.390416752,
EASTERN,EMBU,RUNYENJES,SAWA PETROLLEUM JELLY,33.8725,0.353258427,0.039437874,,0.356440072,0.353258427,
EASTERN,EMBU,RUNYENJES,SAWA SOAP,3571.41,0.232482617,0.022423379,,0.232520094,0.232482617,
EASTERN,EMBU,RUNYENJES,USHINDI BAR,2401.225,0.469927297,0.054327402,,0.470093334,0.469927297,
EASTERN,EMBU,RUNYENJES,USHINDI LIQUID DISHWASH,9.358416667,0.00087517,0.000446783,,0.003604517,0.00087517,
EASTERN,EMBU,RUNYENJES,USHINDI PASTE DISHWASH,31.2,0.032886196,0.00319358,,0.033722438,0.032886196,
EASTERN,EMBU,RUNYENJES,WHITE WASH (PWANI OIL PRODUCTS),4604.025,0.16648337,0.027025315,,0.166546689,0.16648337,
EASTERN,EMBU,SIAKAGO,4U SOAP,124.5,0.129167815,0.015654057,,0.14100299,0.129167815,
EASTERN,EMBU,SIAKAGO,AFRISENSE,4.0275,0.033885762,0.005941164,,0.036047526,0.033885762,
EASTERN,EMBU,SIAKAGO,BELLEZA (PWANI OIL PRODUCTS),121.2182708,0.213132022,0.014144091,,0.213546236,0.213132022,
EASTERN,EMBU,SIAKAGO,DETREX,547.504,0.024990663,0.004370064,,0.025012043,0.024990663,
EASTERN,EMBU,SIAKAGO,DIRIA,132,0.011632738,0.005182161,,0.013681592,0.011632738,
EASTERN,EMBU,SIAKAGO,DIVA (PWANI OIL PRODUCTS),1.2,0.006134969,0.001388407,,0.007352941,0.006134969,
EASTERN,EMBU,SIAKAGO,FRESCO (PWANI OIL PRODUCTS),81.97422917,0.212207792,0.014980251,,0.21343361,0.212207792,
EASTERN,EMBU,SIAKAGO,FRESH FRI,4692.1435,0.168525369,0.015539693,,0.16863187,0.168525369,
EASTERN,EMBU,SIAKAGO,FRYKING,132,0.136986301,0.059452764,,0.148648649,0.136986301,
EASTERN,EMBU,SIAKAGO,FRYMATE,263,0.110029623,0.017805761,,0.111158073,0.110029623,
EASTERN,EMBU,SIAKAGO,MPISHI POA,85.86766667,0.080337221,0.019633809,,0.084110555,0.080337221,
EASTERN,EMBU,SIAKAGO,NDUME,3070,0.025945918,0.004864072,,0.026111613,0.025945918,
EASTERN,EMBU,SIAKAGO,ONJA,17.5,0.047146402,0.004274287,,0.057283142,0.047146402,
EASTERN,EMBU,SIAKAGO,POPCO,552.388,0.0071327,0.003632483,,0.007272462,0.0071327,
EASTERN,EMBU,SIAKAGO,POPCO BAR,50,0.028368794,0.011337868,,0.035211268,0.028368794,
EASTERN,EMBU,SIAKAGO,POPCO LAUNDRY SOAP,130,0.150678051,0.024711071,,0.161210317,0.150678051,
EASTERN,EMBU,SIAKAGO,SALIT,12085.55,0.149489342,0.019616682,,0.149517467,0.149489342,
EASTERN,EMBU,SIAKAGO,SAWA CANDLES,65.6,0.098104123,0.013307908,,0.098646617,0.098104123,
EASTERN,EMBU,SIAKAGO,SAWA GLYCERIN,155.6226319,0.094264352,0.011441503,,0.09447235,0.094264352,
EASTERN,EMBU,SIAKAGO,SAWA MILKING JELLY,278.6956667,0.145801072,0.011891305,,0.146029337,0.145801072,
EASTERN,EMBU,SIAKAGO,SAWA PETROLLEUM JELLY,15.8525,0.162696629,0.018457123,,0.166815742,0.162696629,
EASTERN,EMBU,SIAKAGO,SAWA SOAP,1114.911167,0.07254208,0.007000058,,0.072587367,0.07254208,
EASTERN,EMBU,SIAKAGO,USHINDI BAR,597.5,0.116697266,0.01351836,,0.116973948,0.116697266,
EASTERN,EMBU,SIAKAGO,USHINDI LIQUID DISHWASH,9.879666667,0.001076487,0.000471668,,0.003805283,0.001076487,
EASTERN,EMBU,SIAKAGO,USHINDI PASTE DISHWASH,4.8,0.004327131,0.00049132,,0.005188067,0.004327131,
EASTERN,EMBU,SIAKAGO,WHITE WASH (PWANI OIL PRODUCTS),1639.245,0.059226827,0.009622257,,0.059298294,0.059226827,
EASTERN,ISIOLO,ISIOLO NORTH,4U SOAP,342,0.378892257,0.043001505,,0.387333515,0.378892257,
EASTERN,ISIOLO,ISIOLO NORTH,AFRISENSE,18.3175,0.162073064,0.027021047,,0.163947998,0.162073064,
EASTERN,ISIOLO,ISIOLO NORTH,BELLEZA (PWANI OIL PRODUCTS),93.92672917,0.16502809,0.010959636,,0.165467626,0.16502809,
EASTERN,ISIOLO,ISIOLO NORTH,DETREX,21889.61556,1,0.174718396,,1,1,
EASTERN,ISIOLO,ISIOLO NORTH,DIRIA,9648,1,0.378768844,,1,1,
EASTERN,ISIOLO,ISIOLO NORTH,DIVA (PWANI OIL PRODUCTS),3.6,0.020858896,0.00416522,,0.022058824,0.020858896,
EASTERN,ISIOLO,ISIOLO NORTH,DIVA GLYCERIN,7.953708333,0.058284562,0.023218349,,0.070893361,0.058284562,
EASTERN,ISIOLO,ISIOLO NORTH,FRESCO (PWANI OIL PRODUCTS),257.6759792,0.67038961,0.047088589,,0.67090249,0.67038961,
EASTERN,ISIOLO,ISIOLO NORTH,FRESH FRI,2775.549167,0.099635683,0.009192213,,0.099751008,0.099635683,
EASTERN,ISIOLO,ISIOLO NORTH,FRYMATE,490.5,0.206305544,0.033208084,,0.207311919,0.206305544,
EASTERN,ISIOLO,ISIOLO NORTH,MPISHI POA,126.1791667,0.119986505,0.028851112,,0.12359716,0.119986505,
EASTERN,ISIOLO,ISIOLO NORTH,NDUME,96980,0.824824986,0.153653961,,0.824854785,0.824824986,
EASTERN,ISIOLO,ISIOLO NORTH,ONJA,223.75,0.729528536,0.054649814,,0.732405892,0.729528536,
EASTERN,ISIOLO,ISIOLO NORTH,POPCO,75956.12433,1,0.49948467,,1,1,
EASTERN,ISIOLO,ISIOLO NORTH,POPCO LAUNDRY SOAP,144,0.168257157,0.027372263,,0.178571429,0.168257157,
EASTERN,ISIOLO,ISIOLO NORTH,RAINBOW WASHING POWDER,0.5,0.000399,0.000243134,,0.000524934,0.000399,
EASTERN,ISIOLO,ISIOLO NORTH,SALIT,69352.83533,0.858000137,0.112570178,,0.858004832,0.858000136,
EASTERN,ISIOLO,ISIOLO NORTH,SAWA BODY WASH,34.18,1,0.28086033,,1,1,
EASTERN,ISIOLO,ISIOLO NORTH,SAWA CANDLES,97.2,0.14565152,0.019718424,,0.146165414,0.14565152,
EASTERN,ISIOLO,ISIOLO NORTH,SAWA GLYCERIN,70.57844444,0.042625528,0.005188985,,0.042845385,0.042625528,
EASTERN,ISIOLO,ISIOLO NORTH,SAWA MILKING JELLY,1048.334444,0.549179722,0.044730026,,0.549300193,0.549179722,
EASTERN,ISIOLO,ISIOLO NORTH,SAWA PETROLLEUM JELLY,6.205,0.060674157,0.007224504,,0.06529517,0.060674157,
EASTERN,ISIOLO,ISIOLO NORTH,SAWA SOAP,5262.612806,0.342595384,0.033041729,,0.342627484,0.342595384,
EASTERN,ISIOLO,ISIOLO NORTH,USHINDI BAR,958.6,0.187412793,0.0216882,,0.187667324,0.187412793,
EASTERN,ISIOLO,ISIOLO NORTH,USHINDI DETERGENT,0,0,,,,0,
EASTERN,ISIOLO,ISIOLO NORTH,USHINDI LIQUID DISHWASH,808.43625,0.309493535,0.03859579,,0.311379817,0.309493535,
EASTERN,ISIOLO,ISIOLO NORTH,USHINDI PASTE DISHWASH,597,0.644958892,0.061107927,,0.645265888,0.644958892,
EASTERN,ISIOLO,ISIOLO NORTH,WHITE WASH (PWANI OIL PRODUCTS),20373.075,0.736958681,0.119588572,,0.736978663,0.736958681,
EASTERN,KITUI,KITUI CENTRAL,4U SOAP,282,0.310002756,0.035457381,,0.319380266,0.310002756,
EASTERN,KITUI,KITUI CENTRAL,AFRISENSE,6.8475,0.059182346,0.010101085,,0.061287508,0.059182346,
EASTERN,KITUI,KITUI CENTRAL,BELLEZA (PWANI OIL PRODUCTS),439.3539792,0.773876404,0.051265065,,0.773995438,0.773876405,
EASTERN,KITUI,KITUI CENTRAL,DETREX,6488.92,0.296422852,0.051793221,,0.296438281,0.296422852,
EASTERN,KITUI,KITUI CENTRAL,FRESCO (PWANI OIL PRODUCTS),211.0612292,0.548831169,0.03857005,,0.549533195,0.548831169,
EASTERN,KITUI,KITUI CENTRAL,FRESH FRI,15305.79333,0.550020286,0.050690547,,0.550077923,0.550020286,
EASTERN,KITUI,KITUI CENTRAL,NDUME,4270,0.036154148,0.006765337,,0.036318106,0.036154148,
EASTERN,KITUI,KITUI CENTRAL,ONJA,259,0.846153846,0.063259449,,0.847790507,0.846153846,
EASTERN,KITUI,KITUI CENTRAL,POPCO,2630.294,0.034493213,0.017296716,,0.034629123,0.034493213,
EASTERN,KITUI,KITUI CENTRAL,RAINBOW WASHING POWDER,15,0.015624016,0.007294017,,0.015748031,0.015624016,
EASTERN,KITUI,KITUI CENTRAL,SALIT,1632.387333,0.020162824,0.002649612,,0.020195227,0.020162824,
EASTERN,KITUI,KITUI CENTRAL,SAWA CANDLES,138.6,0.207944628,0.028117012,,0.208421053,0.207944628,
EASTERN,KITUI,KITUI CENTRAL,SAWA GLYCERIN,1111.981535,0.674965407,0.081753793,,0.67504005,0.674965407,
EASTERN,KITUI,KITUI CENTRAL,SAWA MILKING JELLY,1265.852056,0.663183801,0.054011003,,0.663273808,0.663183802,
EASTERN,KITUI,KITUI CENTRAL,SAWA PETROLLEUM JELLY,9.6475,0.097078652,0.011232619,,0.101520572,0.097078652,
EASTERN,KITUI,KITUI CENTRAL,SAWA SOAP,15252.6755,0.993039815,0.095765126,,0.993040155,0.993039816,
EASTERN,KITUI,KITUI CENTRAL,USHINDI BAR,1011.75,0.197821351,0.022890712,,0.198072622,0.197821351,
EASTERN,KITUI,KITUI CENTRAL,USHINDI DETERGENT,0,0,,,,0,
EASTERN,KITUI,KITUI CENTRAL,USHINDI LIQUID DISHWASH,729.7083333,0.279087385,0.034837218,,0.281056728,0.279087384,
EASTERN,KITUI,KITUI CENTRAL,USHINDI PASTE DISHWASH,312.2,0.336867157,0.031956273,,0.337440553,0.336867157,
EASTERN,KITUI,KITUI CENTRAL,WHITE WASH (PWANI OIL PRODUCTS),11706.975,0.423446067,0.068719151,,0.423489865,0.423446067,
EASTERN,KITUI,KITUI EAST,AFRISENSE,5.5925,0.047924469,0.008249772,,0.050054821,0.047924469,
EASTERN,KITUI,KITUI EAST,BELLEZA (PWANI OIL PRODUCTS),49.602875,0.08690309,0.005787804,,0.087383752,0.08690309,
EASTERN,KITUI,KITUI EAST,DETREX,1671.667,0.076347784,0.013342901,,0.076368038,0.076347784,
EASTERN,KITUI,KITUI EAST,FRESCO (PWANI OIL PRODUCTS),27.39114583,0.06987013,0.005005552,,0.071317427,0.06987013,
EASTERN,KITUI,KITUI EAST,FRESH FRI,1237.609,0.044356268,0.00409878,,0.044478674,0.044356268,
EASTERN,KITUI,KITUI EAST,NDUME,160.075,0.001191598,0.000253621,,0.001361504,0.001191598,
EASTERN,KITUI,KITUI EAST,ONJA,7.25,0.013234078,0.001770776,,0.023731588,0.013234078,
EASTERN,KITUI,KITUI EAST,POPCO,204.904,0.002557257,0.001347441,,0.002697663,0.002557257,
EASTERN,KITUI,KITUI EAST,POPCO LAUNDRY SOAP,194.4,0.231541939,0.036952555,,0.241071429,0.231541939,
EASTERN,KITUI,KITUI EAST,RAINBOW WASHING POWDER,6,0.006174006,0.002917607,,0.006299213,0.006174006,
EASTERN,KITUI,KITUI EAST,SALIT,154.148,0.001874049,0.000250206,,0.001907056,0.001874049,
EASTERN,KITUI,KITUI EAST,SAWA CANDLES,7.2,0.010231718,0.001460624,,0.010827068,0.010231718,
EASTERN,KITUI,KITUI EAST,SAWA GLYCERIN,65.52366667,0.039556267,0.004817354,,0.039776829,0.039556267,
EASTERN,KITUI,KITUI EAST,SAWA MILKING JELLY,90.14783333,0.046980466,0.003846401,,0.047235138,0.046980466,
EASTERN,KITUI,KITUI EAST,SAWA PETROLLEUM JELLY,0.95625,0.005168539,0.001113365,,0.010062612,0.005168539,
EASTERN,KITUI,KITUI EAST,SAWA SOAP,1040.449,0.067693912,0.006532541,,0.067739436,0.067693912,
EASTERN,KITUI,KITUI EAST,USHINDI BAR,148.575,0.028782649,0.00336149,,0.029086869,0.028782649,
EASTERN,KITUI,KITUI EAST,USHINDI DETERGENT,0,0,,,,0,
EASTERN,KITUI,KITUI EAST,USHINDI LIQUID DISHWASH,127.4366667,0.046479134,0.006083991,,0.049083902,0.046479134,
EASTERN,KITUI,KITUI EAST,USHINDI PASTE DISHWASH,75,0.080268282,0.007676875,,0.081063554,0.080268282,
EASTERN,KITUI,KITUI EAST,WHITE WASH (PWANI OIL PRODUCTS),803.425,0.028989453,0.00471605,,0.029063216,0.028989453,
EASTERN,KITUI,KITUI RURAL,4U SOAP,100.5,0.101612014,0.012636407,,0.113821691,0.101612014,
EASTERN,KITUI,KITUI RURAL,AFRISENSE,2.645,0.021484156,0.00390177,,0.02367367,0.021484156,
EASTERN,KITUI,KITUI RURAL,BELLEZA (PWANI OIL PRODUCTS),155.4821042,0.273525281,0.018142092,,0.273907703,0.273525281,
EASTERN,KITUI,KITUI RURAL,DETREX,2727.739,0.124594185,0.02177225,,0.124613381,0.124594185,
EASTERN,KITUI,KITUI RURAL,DIVA (PWANI OIL PRODUCTS),0.2,0,0.000231401,,0.00122549,0,
EASTERN,KITUI,KITUI RURAL,DIVA GLYCERIN,3.013166667,0.013650687,0.008795992,,0.026857097,0.013650687,
EASTERN,KITUI,KITUI RURAL,FRESCO (PWANI OIL PRODUCTS),85.85879167,0.222337662,0.015690129,,0.223547718,0.222337662,
EASTERN,KITUI,KITUI RURAL,FRESH FRI,5458.334,0.196065167,0.018077203,,0.196168141,0.196065167,
EASTERN,KITUI,KITUI RURAL,NDUME,1964,0.016537333,0.003111738,,0.016704628,0.016537333,
EASTERN,KITUI,KITUI RURAL,ONJA,53,0.164598842,0.012944984,,0.173486088,0.164598842,
EASTERN,KITUI,KITUI RURAL,POPCO,1373.944,0.017950415,0.009035005,,0.018088653,0.017950415,
EASTERN,KITUI,KITUI RURAL,POPCO LAUNDRY SOAP,110,0.125565043,0.020909367,,0.13640873,0.125565043,
EASTERN,KITUI,KITUI RURAL,SALIT,428.5916667,0.005269465,0.000695669,,0.00530236,0.005269465,
EASTERN,KITUI,KITUI RURAL,SAWA CANDLES,44.4,0.066205236,0.009007181,,0.066766917,0.066205236,
EASTERN,KITUI,KITUI RURAL,SAWA GLYCERIN,303.0156528,0.183761383,0.022277959,,0.183948829,0.183761383,
EASTERN,KITUI,KITUI RURAL,SAWA MILKING JELLY,311.5847222,0.163038694,0.013294605,,0.163262353,0.163038694,
EASTERN,KITUI,KITUI RURAL,SAWA PETROLLEUM JELLY,3.50625,0.032134831,0.00408234,,0.036896243,0.032134831,
EASTERN,KITUI,KITUI RURAL,SAWA SOAP,4244.153833,0.276284392,0.026647254,,0.27631973,0.276284392,
EASTERN,KITUI,KITUI RURAL,USHINDI BAR,342.95,0.066847813,0.007759199,,0.067140109,0.066847813,
EASTERN,KITUI,KITUI RURAL,USHINDI DETERGENT,0,0,,,,0,
EASTERN,KITUI,KITUI RURAL,USHINDI LIQUID DISHWASH,248.1970833,0.093118999,0.011849249,,0.09559636,0.093118999,
EASTERN,KITUI,KITUI RURAL,USHINDI PASTE DISHWASH,63,0.067286889,0.006448575,,0.068093385,0.067286889,
EASTERN,KITUI,KITUI RURAL,WHITE WASH (PWANI OIL PRODUCTS),3396.89,0.122812971,0.019939514,,0.122879607,0.122812971,
EASTERN,KITUI,KITUI SOUTH,4U SOAP,186,0.199779554,0.023386783,,0.210655069,0.199779554,
EASTERN,KITUI,KITUI SOUTH,AFRISENSE,19.08,0.168913009,0.028145848,,0.170772639,0.168913009,
EASTERN,KITUI,KITUI SOUTH,BELLEZA (PWANI OIL PRODUCTS),177.8930417,0.313026685,0.020757063,,0.313388314,0.313026685,
EASTERN,KITUI,KITUI SOUTH,DETREX,3693.113,0.168697068,0.029477666,,0.168715297,0.168697068,
EASTERN,KITUI,KITUI SOUTH,DIRIA,24,0.000415455,0.000942211,,0.002487562,0.000415455,
EASTERN,KITUI,KITUI SOUTH,DIVA (PWANI OIL PRODUCTS),57,0.348466258,0.065949323,,0.349264706,0.348466258,
EASTERN,KITUI,KITUI SOUTH,FRESCO (PWANI OIL PRODUCTS),76.29679167,0.197402597,0.013942736,,0.198651452,0.197402597,
EASTERN,KITUI,KITUI SOUTH,FRESH FRI,8755.966,0.314594596,0.028998478,,0.314682388,0.314594596,
EASTERN,KITUI,KITUI SOUTH,FRYKING,24,0.01369863,0.010809594,,0.027027027,0.01369863,
EASTERN,KITUI,KITUI SOUTH,NDUME,2240,0.018885226,0.003549029,,0.019052121,0.018885226,
EASTERN,KITUI,KITUI SOUTH,ONJA,89.75,0.286186931,0.021920987,,0.293780687,0.286186931,
EASTERN,KITUI,KITUI SOUTH,POPCO,703.892,0.009127606,0.004628768,,0.009267087,0.009127606,
EASTERN,KITUI,KITUI SOUTH,POPCO BAR,20,0.007092199,0.004535147,,0.014084507,0.007092199,
EASTERN,KITUI,KITUI SOUTH,POPCO LAUNDRY SOAP,440,0.539929684,0.08363747,,0.545634921,0.539929684,
EASTERN,KITUI,KITUI SOUTH,SALIT,544.4166667,0.006702452,0.000883671,,0.0067353,0.006702452,
EASTERN,KITUI,KITUI SOUTH,SAWA CANDLES,69.2,0.103520915,0.01403822,,0.10406015,0.103520915,
EASTERN,KITUI,KITUI SOUTH,SAWA GLYCERIN,339.2442639,0.205759393,0.024941516,,0.205941787,0.205759393,
EASTERN,KITUI,KITUI SOUTH,SAWA MILKING JELLY,602.9773333,0.315761714,0.025727659,,0.315944561,0.315761714,
EASTERN,KITUI,KITUI SOUTH,SAWA PETROLLEUM JELLY,15.1725,0.155505618,0.017665397,,0.159660107,0.155505618,
EASTERN,KITUI,KITUI SOUTH,SAWA SOAP,5420.132167,0.352851334,0.034030727,,0.352882934,0.352851335,
EASTERN,KITUI,KITUI SOUTH,USHINDI BAR,840.725,0.164328903,0.019021293,,0.164590665,0.164328903,
EASTERN,KITUI,KITUI SOUTH,USHINDI DETERGENT,0,0,,,,0,
EASTERN,KITUI,KITUI SOUTH,USHINDI LIQUID DISHWASH,456.02225,0.173384851,0.021771091,,0.175642946,0.173384851,
EASTERN,KITUI,KITUI SOUTH,USHINDI PASTE DISHWASH,230,0.247944613,0.023542417,,0.248594898,0.247944613,
EASTERN,KITUI,KITUI SOUTH,WHITE WASH (PWANI OIL PRODUCTS),3914.6,0.141542113,0.022978437,,0.141607326,0.141542113,
EASTERN,KITUI,KITUI WEST,4U SOAP,174,0.186001653,0.021877959,,0.19706442,0.186001653,
EASTERN,KITUI,KITUI WEST,AFRISENSE,1.385,0.010181427,0.002043082,,0.012396232,0.010181427,
EASTERN,KITUI,KITUI WEST,BELLEZA (PWANI OIL PRODUCTS),51.6945625,0.090589888,0.006031868,,0.091068609,0.090589888,
EASTERN,KITUI,KITUI WEST,DETREX,1411.172,0.064447132,0.011263684,,0.064467647,0.064447132,
EASTERN,KITUI,KITUI WEST,FRESCO (PWANI OIL PRODUCTS),29.48283333,0.075324675,0.005387794,,0.076763485,0.075324675,
EASTERN,KITUI,KITUI WEST,FRESH FRI,6775.255,0.243400314,0.022438653,,0.243497225,0.243400314,
EASTERN,KITUI,KITUI WEST,NDUME,630,0.005189184,0.000998165,,0.005358409,0.005189184,
EASTERN,KITUI,KITUI WEST,ONJA,200.5,0.652605459,0.048971118,,0.656301146,0.652605459,
EASTERN,KITUI,KITUI WEST,POPCO,555.984,0.00718005,0.00365613,,0.007319805,0.00718005,
EASTERN,KITUI,KITUI WEST,SALIT,981.896,0.012114946,0.001593766,,0.012147615,0.012114946,
EASTERN,KITUI,KITUI WEST,SAWA CANDLES,16.8,0.024676497,0.003408123,,0.025263158,0.024676497,
EASTERN,KITUI,KITUI WEST,SAWA GLYCERIN,348.1602708,0.211173192,0.025597028,,0.211354343,0.211173192,
EASTERN,KITUI,KITUI WEST,SAWA MILKING JELLY,428.947,0.224549937,0.018302184,,0.224757158,0.224549937,
EASTERN,KITUI,KITUI WEST,SAWA PETROLLEUM JELLY,1.80625,0.014157303,0.002103023,,0.019007156,0.014157303,
EASTERN,KITUI,KITUI WEST,SAWA SOAP,2686.943,0.174895727,0.016870183,,0.174936017,0.174895727,
EASTERN,KITUI,KITUI WEST,USHINDI BAR,427.9,0.08348388,0.009681182,,0.083770966,0.08348388,
EASTERN,KITUI,KITUI WEST,USHINDI DETERGENT,0,0,,,,0,
EASTERN,KITUI,KITUI WEST,USHINDI LIQUID DISHWASH,134.1379167,0.049067278,0.006403917,,0.051664977,0.049067278,
EASTERN,KITUI,KITUI WEST,USHINDI PASTE DISHWASH,54.2,0.0577672,0.005547822,,0.058581928,0.0577672,
EASTERN,KITUI,KITUI WEST,WHITE WASH (PWANI OIL PRODUCTS),2351.7,0.085001239,0.01380432,,0.085070748,0.085001239,
EASTERN,KITUI,MWINGI EAST,4U SOAP,57,0.051667126,0.007166918,,0.064555586,0.051667126,
EASTERN,KITUI,MWINGI EAST,AFRISENSE,20.565,0.182234083,0.030336445,,0.184063905,0.182234083,
EASTERN,KITUI,MWINGI EAST,BELLEZA (PWANI OIL PRODUCTS),165.2433125,0.290730337,0.019281057,,0.291103702,0.290730337,
EASTERN,KITUI,MWINGI EAST,DETREX,4806.831,0.219577013,0.038367134,,0.219594126,0.219577013,
EASTERN,KITUI,MWINGI EAST,DIVA (PWANI OIL PRODUCTS),14.4,0.087116564,0.016660882,,0.088235294,0.087116564,
EASTERN,KITUI,MWINGI EAST,DIVA GLYCERIN,3.004333333,0.013570884,0.008770206,,0.026778363,0.013570884,
EASTERN,KITUI,MWINGI EAST,FRESCO (PWANI OIL PRODUCTS),46.3159375,0.119220779,0.008463933,,0.120591286,0.119220779,
EASTERN,KITUI,MWINGI EAST,FRESH FRI,5370.074333,0.19289278,0.0177849,,0.19299616,0.192892779,
EASTERN,KITUI,MWINGI EAST,NDUME,229.6,0.001783038,0.000363776,,0.001952842,0.001783038,
EASTERN,KITUI,MWINGI EAST,ONJA,6.5,0.010752688,0.001587592,,0.021276596,0.010752688,
EASTERN,KITUI,MWINGI EAST,POPCO,1968.204,0.025775243,0.012942837,,0.025912381,0.025775243,
EASTERN,KITUI,MWINGI EAST,SALIT,753.802,0.009292967,0.001223535,,0.009325729,0.009292967,
EASTERN,KITUI,MWINGI EAST,SAWA CANDLES,16.6,0.024375564,0.00336755,,0.024962406,0.024375564,
EASTERN,KITUI,MWINGI EAST,SAWA GLYCERIN,169.7886875,0.10286598,0.012483003,,0.103072003,0.10286598,
EASTERN,KITUI,MWINGI EAST,SAWA MILKING JELLY,152.9918333,0.079917902,0.006527811,,0.080163772,0.079917902,
EASTERN,KITUI,MWINGI EAST,SAWA PETROLLEUM JELLY,2.74125,0.024044944,0.003191647,,0.028846154,0.024044944,
EASTERN,KITUI,MWINGI EAST,SAWA SOAP,913.1405,0.059404965,0.005733225,,0.059450893,0.059404965,
EASTERN,KITUI,MWINGI EAST,USHINDI BAR,63.7,0.012161269,0.001441204,,0.012470695,0.012161269,
EASTERN,KITUI,MWINGI EAST,USHINDI DETERGENT,0,0,,,,0,
EASTERN,KITUI,MWINGI EAST,USHINDI LIQUID DISHWASH,166.80025,0.061682064,0.007963259,,0.064245302,0.061682064,
EASTERN,KITUI,MWINGI EAST,USHINDI PASTE DISHWASH,96,0.10298572,0.0098264,,0.103761349,0.10298572,
EASTERN,KITUI,MWINGI EAST,WHITE WASH (PWANI OIL PRODUCTS),1012.345,0.03654753,0.005942397,,0.036620719,0.03654753,
EASTERN,KITUI,MWINGI NORTH,4U SOAP,70.5,0.067167264,0.008864345,,0.079845067,0.067167264,
EASTERN,KITUI,MWINGI NORTH,AFRISENSE,0.25,0,0.000368787,,0.002237587,0,
EASTERN,KITUI,MWINGI NORTH,BELLEZA (PWANI OIL PRODUCTS),233.07375,0.410287921,0.027195704,,0.410598351,0.410287921,
EASTERN,KITUI,MWINGI NORTH,DETREX,7384.098,0.337318848,0.058938347,,0.33733338,0.337318848,
EASTERN,KITUI,MWINGI NORTH,DIVA (PWANI OIL PRODUCTS),16.8,0.101840491,0.019437695,,0.102941176,0.101840491,
EASTERN,KITUI,MWINGI NORTH,FRESCO (PWANI OIL PRODUCTS),66.336375,0.171428571,0.012122536,,0.172717842,0.171428571,
EASTERN,KITUI,MWINGI NORTH,FRESH FRI,10286.605,0.369611579,0.03406773,,0.369692324,0.369611579,
EASTERN,KITUI,MWINGI NORTH,FRYKING,24,0.01369863,0.010809594,,0.027027027,0.01369863,
EASTERN,KITUI,MWINGI NORTH,MPISHI POA,6.283,0.002059929,0.00143662,,0.006154431,0.002059929,
EASTERN,KITUI,MWINGI NORTH,NDUME,538.4,0.004409955,0.000853035,,0.004579313,0.004409955,
EASTERN,KITUI,MWINGI NORTH,ONJA,21,0.05872622,0.005129145,,0.068739771,0.05872622,
EASTERN,KITUI,MWINGI NORTH,POPCO,1220.676,0.015932281,0.00802712,,0.016070804,0.015932281,
EASTERN,KITUI,MWINGI NORTH,POPCO LAUNDRY SOAP,144,0.168257157,0.027372263,,0.178571429,0.168257157,
EASTERN,KITUI,MWINGI NORTH,SALIT,817.9683333,0.010086833,0.001327687,,0.010119569,0.010086833,
EASTERN,KITUI,MWINGI NORTH,SAWA CANDLES,14.6,0.021366235,0.002961821,,0.021954887,0.021366235,
EASTERN,KITUI,MWINGI NORTH,SAWA GLYCERIN,172.4477014,0.104480533,0.012678496,,0.104686185,0.104480533,
EASTERN,KITUI,MWINGI NORTH,SAWA MILKING JELLY,247.5856667,0.129495878,0.010563912,,0.1297285,0.129495878,
EASTERN,KITUI,MWINGI NORTH,SAWA PETROLLEUM JELLY,0.4675,0,0.000544312,,0.004919499,0,
EASTERN,KITUI,MWINGI NORTH,SAWA SOAP,1360.0515,0.088502957,0.008539191,,0.088547465,0.088502957,
EASTERN,KITUI,MWINGI NORTH,USHINDI BAR,184.3,0.035778806,0.004169763,,0.036080834,0.035778806,
EASTERN,KITUI,MWINGI NORTH,USHINDI DETERGENT,0,0,,,,0,
EASTERN,KITUI,MWINGI NORTH,USHINDI LIQUID DISHWASH,190.9531667,0.071010359,0.009116351,,0.073548115,0.071010359,
EASTERN,KITUI,MWINGI NORTH,USHINDI PASTE DISHWASH,156,0.167892687,0.0159679,,0.168612192,0.167892687,
EASTERN,KITUI,MWINGI NORTH,WHITE WASH (PWANI OIL PRODUCTS),1687.875,0.06098611,0.009907712,,0.061057443,0.06098611,
EASTERN,KITUI,MWINGI WEST,4U SOAP,74.25,0.071472858,0.009335853,,0.084092145,0.071472858,
EASTERN,KITUI,MWINGI WEST,AFRISENSE,25.74,0.228656007,0.037970342,,0.230381956,0.228656007,
EASTERN,KITUI,MWINGI WEST,BELLEZA (PWANI OIL PRODUCTS),560.57225,0.987535112,0.065409156,,0.987541674,0.987535112,
EASTERN,KITUI,MWINGI WEST,DETREX,13302.874,0.607716735,0.106180796,,0.607725337,0.607716735,
EASTERN,KITUI,MWINGI WEST,DIVA (PWANI OIL PRODUCTS),114,0.698159509,0.131898646,,0.698529412,0.698159509,
EASTERN,KITUI,MWINGI WEST,DIVA GLYCERIN,1.502166667,0,0.004385103,,0.013389181,0,
EASTERN,KITUI,MWINGI WEST,FRESCO (PWANI OIL PRODUCTS),180.0843333,0.468051948,0.032909227,,0.468879668,0.468051948,
EASTERN,KITUI,MWINGI WEST,FRESH FRI,23752.443,0.853624981,0.078664615,,0.85364373,0.853624981,
EASTERN,KITUI,MWINGI WEST,FRYKING,12,0,0.005404797,,0.013513514,0,
EASTERN,KITUI,MWINGI WEST,NDUME,1639.075,0.013773242,0.002596931,,0.013941007,0.013773242,
EASTERN,KITUI,MWINGI WEST,ONJA,81.25,0.258064516,0.019844904,,0.265957447,0.258064516,
EASTERN,KITUI,MWINGI WEST,POPCO,4906.67,0.06446705,0.032266081,,0.064598741,0.06446705,
EASTERN,KITUI,MWINGI WEST,POPCO LAUNDRY SOAP,806.4,1,0.153284672,,1,1,
EASTERN,KITUI,MWINGI WEST,SALIT,2698.043,0.033347115,0.004379333,,0.033379081,0.033347115,
EASTERN,KITUI,MWINGI WEST,SAWA CANDLES,53.2,0.079446283,0.010792389,,0.08,0.079446283,
EASTERN,KITUI,MWINGI WEST,SAWA GLYCERIN,543.7992014,0.329965136,0.039980563,,0.330119007,0.329965136,
EASTERN,KITUI,MWINGI WEST,SAWA MILKING JELLY,820.5206111,0.429779246,0.035009732,,0.429931624,0.429779246,
EASTERN,KITUI,MWINGI WEST,SAWA PETROLLEUM JELLY,18.445,0.19011236,0.02147558,,0.194096601,0.19011236,
EASTERN,KITUI,MWINGI WEST,SAWA SOAP,5255.376,0.342124201,0.032996293,,0.342156325,0.342124202,
EASTERN,KITUI,MWINGI WEST,USHINDI BAR,1360,0.266020416,0.030769822,,0.266250324,0.266020416,
EASTERN,KITUI,MWINGI WEST,USHINDI DETERGENT,0,0,,,,0,
EASTERN,KITUI,MWINGI WEST,USHINDI LIQUID DISHWASH,722.7351667,0.276394221,0.03450431,,0.278370922,0.276394221,
EASTERN,KITUI,MWINGI WEST,USHINDI PASTE DISHWASH,466.8,0.504110775,0.047780871,,0.504539559,0.504110775,
EASTERN,KITUI,MWINGI WEST,WHITE WASH (PWANI OIL PRODUCTS),6167.21,0.223034554,0.036201105,,0.223093577,0.223034554,
EASTERN,MACHAKOS,EMBAKASI EAST,FRESH FRI,8.019,0.00016013,2.66E-05,,0.000288196,0.00016013,
EASTERN,MACHAKOS,EMBAKASI EAST,SAWA SOAP,2.7,0.000126963,1.70E-05,,0.000175786,0.000126963,
EASTERN,MACHAKOS,EMBAKASI EAST,USHINDI BAR,1.6,0,3.62E-05,,0.000313236,0,
EASTERN,MACHAKOS,KAITI,AFRISENSE,0.375,0.001121303,0.000553181,,0.00335638,0.001121303,
EASTERN,MACHAKOS,KAITI,BELLEZA (PWANI OIL PRODUCTS),7.1715,0.012113764,0.000836791,,0.012633795,0.012113764,
EASTERN,MACHAKOS,KAITI,DETREX,12.56,0.000551872,0.000100251,,0.000573788,0.000551872,
EASTERN,MACHAKOS,KAITI,FRESCO (PWANI OIL PRODUCTS),2.6893125,0.005454545,0.000491454,,0.007002075,0.005454545,
EASTERN,MACHAKOS,KAITI,FRESH FRI,136.327,0.004772007,0.000451495,,0.004899483,0.004772007,
EASTERN,MACHAKOS,KAITI,ONJA,3.25,0,0.000793796,,0.010638298,0,
EASTERN,MACHAKOS,KAITI,SAWA CANDLES,0.4,0,8.11E-05,,0.000601504,0,
EASTERN,MACHAKOS,KAITI,SAWA GLYCERIN,46.00191667,0.027702662,0.003382099,,0.027925946,0.027702662,
EASTERN,MACHAKOS,KAITI,SAWA MILKING JELLY,41.44111111,0.021452579,0.001768197,,0.021714073,0.021452579,
EASTERN,MACHAKOS,KAITI,SAWA PETROLLEUM JELLY,1.0625,0.006292135,0.001237073,,0.01118068,0.006292135,
EASTERN,MACHAKOS,KAITI,SAWA SOAP,102.9845,0.006656401,0.000646596,,0.006704905,0.006656401,
EASTERN,MACHAKOS,KAITI,USHINDI BAR,21.3,0.003857923,0.00048191,,0.00416995,0.003857923,
EASTERN,MACHAKOS,KAITI,USHINDI DETERGENT,0,0,,,,0,
EASTERN,MACHAKOS,KAITI,USHINDI LIQUID DISHWASH,7.092416667,0,0.000338601,,0.002731737,0,
EASTERN,MACHAKOS,KAITI,USHINDI PASTE DISHWASH,0.8,0,8.19E-05,,0.000864678,0,
EASTERN,MACHAKOS,KAITI,WHITE WASH (PWANI OIL PRODUCTS),32.7,0.001107013,0.000191947,,0.001182895,0.001107013,
EASTERN,MACHAKOS,KAJIADO EAST,AFRISENSE,1.71,0.013096813,0.002522505,,0.015305095,0.013096813,
EASTERN,MACHAKOS,KAJIADO EAST,BELLEZA (PWANI OIL PRODUCTS),3.386541667,0.005442416,0.000395151,,0.005965959,0.005442416,
EASTERN,MACHAKOS,KAJIADO EAST,DETREX,87.2525,0.003964181,0.000696431,,0.003986022,0.003964181,
EASTERN,MACHAKOS,KAJIADO EAST,DIRIA,240,0.022850021,0.009422111,,0.024875622,0.022850021,
EASTERN,MACHAKOS,KAJIADO EAST,DIVA (PWANI OIL PRODUCTS),0.6,0.002453988,0.000694203,,0.003676471,0.002453988,
EASTERN,MACHAKOS,KAJIADO EAST,FRESCO (PWANI OIL PRODUCTS),4.980208333,0.011428571,0.0009101,,0.012966805,0.011428571,
EASTERN,MACHAKOS,KAJIADO EAST,FRESH FRI,1155.2045,0.041394337,0.003825868,,0.041517122,0.041394337,
EASTERN,MACHAKOS,KAJIADO EAST,ONJA,4.5,0.004135649,0.001099102,,0.014729951,0.004135649,
EASTERN,MACHAKOS,KAJIADO EAST,SALIT,2.673,0,4.34E-06,,3.31E-05,0,
EASTERN,MACHAKOS,KAJIADO EAST,SAWA GLYCERIN,5.826041667,0.003307873,0.000428335,,0.00353676,0.003307873,
EASTERN,MACHAKOS,KAJIADO EAST,SAWA HANDWASH,1.028333333,0,0.007693459,,0.055555556,0,
EASTERN,MACHAKOS,KAJIADO EAST,SAWA MILKING JELLY,8.250333333,0.004056819,0.000352023,,0.004322962,0.004056819,
EASTERN,MACHAKOS,KAJIADO EAST,SAWA PETROLLEUM JELLY,1.08375,0.006516854,0.001261814,,0.011404293,0.006516854,
EASTERN,MACHAKOS,KAJIADO EAST,SAWA SOAP,207.486,0.013460404,0.001302717,,0.013508576,0.013460404,
EASTERN,MACHAKOS,KAJIADO EAST,USHINDI BAR,43.425,0.008190742,0.000982485,,0.008501412,0.008190742,
EASTERN,MACHAKOS,KAJIADO EAST,USHINDI LIQUID DISHWASH,46.24916667,0.015123048,0.002207995,,0.017813473,0.015123048,
EASTERN,MACHAKOS,KAJIADO EAST,USHINDI PASTE DISHWASH,18.6,0.019255733,0.001903865,,0.020103761,0.019255733,
EASTERN,MACHAKOS,KAJIADO EAST,WHITE WASH (PWANI OIL PRODUCTS),217.95,0.007808783,0.001279352,,0.007884156,0.007808783,
EASTERN,MACHAKOS,KANGUNDO,AFRISENSE,4.3975,0.037204817,0.006486969,,0.039359155,0.037204817,
EASTERN,MACHAKOS,KANGUNDO,BELLEZA (PWANI OIL PRODUCTS),61.2565625,0.10744382,0.007147589,,0.107913669,0.10744382,
EASTERN,MACHAKOS,KANGUNDO,DETREX,243.0933333,0.011083733,0.001940321,,0.011105418,0.011083733,
EASTERN,MACHAKOS,KANGUNDO,DIVA (PWANI OIL PRODUCTS),9.6,0.057668712,0.011107254,,0.058823529,0.057668712,
EASTERN,MACHAKOS,KANGUNDO,FRESCO (PWANI OIL PRODUCTS),39.94127083,0.102597403,0.007299004,,0.103993776,0.102597403,
EASTERN,MACHAKOS,KANGUNDO,FRESH FRI,1654.625667,0.059345432,0.005479878,,0.059465918,0.059345432,
EASTERN,MACHAKOS,KANGUNDO,MPISHI POA,25.132,0.020599287,0.005746481,,0.024617723,0.020599287,
EASTERN,MACHAKOS,KANGUNDO,NDUME,380,0.003062469,0.000602067,,0.003232056,0.003062469,
EASTERN,MACHAKOS,KANGUNDO,ONJA,15.5,0.040529363,0.003785797,,0.050736498,0.040529363,
EASTERN,MACHAKOS,KANGUNDO,POPCO,76.626,0.000868176,0.00050389,,0.001008819,0.000868176,
EASTERN,MACHAKOS,KANGUNDO,SALIT,699.443,0.008620438,0.001135302,,0.008653222,0.008620438,
EASTERN,MACHAKOS,KANGUNDO,SAWA CANDLES,3.6,0.004814926,0.000730312,,0.005413534,0.004814926,
EASTERN,MACHAKOS,KANGUNDO,SAWA GLYCERIN,217.7777778,0.132004952,0.016011201,,0.132204283,0.132004952,
EASTERN,MACHAKOS,KANGUNDO,SAWA MILKING JELLY,223.7621111,0.117009613,0.009547416,,0.117245571,0.117009613,
EASTERN,MACHAKOS,KANGUNDO,SAWA PETROLLEUM JELLY,7.67125,0.076179775,0.008931664,,0.080724508,0.076179775,
EASTERN,MACHAKOS,KANGUNDO,SAWA SOAP,857.7315,0.055797332,0.005385335,,0.055843437,0.055797332,
EASTERN,MACHAKOS,KANGUNDO,USHINDI BAR,297.8,0.058005924,0.006737686,,0.05830099,0.058005924,
EASTERN,MACHAKOS,KANGUNDO,USHINDI DETERGENT,0,0,,,,0,
EASTERN,MACHAKOS,KANGUNDO,USHINDI LIQUID DISHWASH,176.2554167,0.065333821,0.008414661,,0.067887084,0.065333821,
EASTERN,MACHAKOS,KANGUNDO,USHINDI PASTE DISHWASH,38,0.040242319,0.003889617,,0.041072201,0.040242319,
EASTERN,MACHAKOS,KANGUNDO,WHITE WASH (PWANI OIL PRODUCTS),549.25,0.01979419,0.00322406,,0.019868652,0.01979419,
EASTERN,MACHAKOS,KATHIANI,4U SOAP,240,0.261780105,0.030176495,,0.271812993,0.261780105,
EASTERN,MACHAKOS,KATHIANI,AFRISENSE,6.4575,0.055683882,0.009525776,,0.057796872,0.055683882,
EASTERN,MACHAKOS,KATHIANI,BELLEZA (PWANI OIL PRODUCTS),207.0770625,0.364466292,0.024162337,,0.364800842,0.364466292,
EASTERN,MACHAKOS,KATHIANI,DETREX,527.2133333,0.024063688,0.004208108,,0.024085089,0.024063688,
EASTERN,MACHAKOS,KATHIANI,FRESCO (PWANI OIL PRODUCTS),117.2341042,0.304155844,0.021423761,,0.305238589,0.304155844,
EASTERN,MACHAKOS,KATHIANI,FRESH FRI,3507.039,0.125928208,0.0116148,,0.126040166,0.125928208,
EASTERN,MACHAKOS,KATHIANI,HOTEL SOAP,11.2,0.03030303,0.083333333,,0.111111111,0.03030303,
EASTERN,MACHAKOS,KATHIANI,NDUME,780,0.006465212,0.001235823,,0.006634221,0.006465212,
EASTERN,MACHAKOS,KATHIANI,ONJA,46.5,0.143093466,0.011357391,,0.152209493,0.143093466,
EASTERN,MACHAKOS,KATHIANI,POPCO,131.872,0.001595619,0.000867185,,0.00173616,0.001595619,
EASTERN,MACHAKOS,KATHIANI,POPCO BAR,10,0,0.002267574,,0.007042254,0,
EASTERN,MACHAKOS,KATHIANI,POPCO LAUNDRY SOAP,200,0.238573581,0.038017032,,0.248015873,0.238573581,
EASTERN,MACHAKOS,KATHIANI,RAINBOW WASHING POWDER,31,0.032424032,0.015074302,,0.032545932,0.032424032,
EASTERN,MACHAKOS,KATHIANI,SALIT,1389.964,0.017163563,0.002256123,,0.017196064,0.017163563,
EASTERN,MACHAKOS,KATHIANI,SAWA CANDLES,48.2,0.071922961,0.009778066,,0.072481203,0.071922961,
EASTERN,MACHAKOS,KATHIANI,SAWA GLYCERIN,562.2666528,0.341178571,0.041338305,,0.341329867,0.341178571,
EASTERN,MACHAKOS,KATHIANI,SAWA MILKING JELLY,749.7483889,0.392686516,0.031990044,,0.392848806,0.392686516,
EASTERN,MACHAKOS,KATHIANI,SAWA PETROLLEUM JELLY,21.25,0.219775281,0.024741452,,0.223613596,0.219775281,
EASTERN,MACHAKOS,KATHIANI,SAWA SOAP,2257.882778,0.146959983,0.014176295,,0.147001637,0.146959983,
EASTERN,MACHAKOS,KATHIANI,USHINDI BAR,721.95,0.141068762,0.016334025,,0.14133781,0.141068762,
EASTERN,MACHAKOS,KATHIANI,USHINDI DETERGENT,0,0,,,,0,
EASTERN,MACHAKOS,KATHIANI,USHINDI LIQUID DISHWASH,389.20725,0.147579685,0.018581256,,0.149908273,0.147579685,
EASTERN,MACHAKOS,KATHIANI,USHINDI PASTE DISHWASH,110.6,0.118779749,0.011320832,,0.119541721,0.118779749,
EASTERN,MACHAKOS,KATHIANI,WHITE WASH (PWANI OIL PRODUCTS),1560.2,0.056367224,0.009158268,,0.056438908,0.056367224,
EASTERN,MACHAKOS,KILOME,BELLEZA (PWANI OIL PRODUCTS),1.19525,0.001580056,0.000139465,,0.002105633,0.001580056,
EASTERN,MACHAKOS,KILOME,FRESCO (PWANI OIL PRODUCTS),1.19525,0.001558442,0.000218424,,0.003112033,0.001558442,
EASTERN,MACHAKOS,KILOME,FRESH FRI,114.052,0.003971359,0.000377724,,0.004098937,0.003971359,
EASTERN,MACHAKOS,KITUI RURAL,DETREX,0.48,0,3.83E-06,,2.19E-05,0,
EASTERN,MACHAKOS,KITUI RURAL,SAWA GLYCERIN,0.908,0.000321639,6.68E-05,,0.000551211,0.000321639,
EASTERN,MACHAKOS,KITUI RURAL,SAWA SOAP,0.75,0,4.71E-06,,4.88E-05,0,
EASTERN,MACHAKOS,KITUI RURAL,USHINDI PASTE DISHWASH,2,0.001298139,0.000204717,,0.002161695,0.001298139,
EASTERN,MACHAKOS,LANGATA,BELLEZA (PWANI OIL PRODUCTS),0.2988125,0,3.49E-05,,0.000526408,0,
EASTERN,MACHAKOS,LANGATA,DETREX,0.96,2.19E-05,7.66E-06,,4.39E-05,2.19E-05,
EASTERN,MACHAKOS,LANGATA,FRESH FRI,122.07,0.004259556,0.000404278,,0.004387098,0.004259556,
EASTERN,MACHAKOS,LANGATA,SAWA GLYCERIN,0.378291667,0,2.78E-05,,0.000229646,0,
EASTERN,MACHAKOS,LANGATA,SAWA MILKING JELLY,1.014166667,0.000264241,4.33E-05,,0.000531397,0.000264241,
EASTERN,MACHAKOS,LANGATA,SAWA SOAP,10.927,0.000662616,6.86E-05,,0.000711413,0.000662616,
EASTERN,MACHAKOS,LANGATA,USHINDI BAR,15.45,0.002712296,0.000349554,,0.003024682,0.002712296,
EASTERN,MACHAKOS,LANGATA,USHINDI LIQUID DISHWASH,36.18266667,0.011235183,0.001727407,,0.013936228,0.011235183,
EASTERN,MACHAKOS,LANGATA,USHINDI PASTE DISHWASH,3.6,0.003028992,0.00036849,,0.003891051,0.003028992,
EASTERN,MACHAKOS,LANGATA,WHITE WASH (PWANI OIL PRODUCTS),26.4,0.000879099,0.000154966,,0.000954998,0.000879099,
EASTERN,MACHAKOS,MACHAKOS TOWN,4U SOAP,882.96,1,0.111019324,,1,1,
EASTERN,MACHAKOS,MACHAKOS TOWN,AFRISENSE,22.99,0.203987352,0.033913682,,0.205768499,0.203987352,
EASTERN,MACHAKOS,MACHAKOS TOWN,BELLEZA (PWANI OIL PRODUCTS),455.987875,0.803195225,0.053205955,,0.803298824,0.803195225,
EASTERN,MACHAKOS,MACHAKOS TOWN,DETREX,2617.6,0.119562511,0.020893143,,0.119581817,0.11956251,
EASTERN,MACHAKOS,MACHAKOS TOWN,FRESCO (PWANI OIL PRODUCTS),321.3230417,0.836363636,0.058719671,,0.836618257,0.836363636,
EASTERN,MACHAKOS,MACHAKOS TOWN,FRESH FRI,12642.6365,0.454296307,0.041870562,,0.454366205,0.454296307,
EASTERN,MACHAKOS,MACHAKOS TOWN,FRYMATE,6,0.001269573,0.000406215,,0.002535926,0.001269573,
EASTERN,MACHAKOS,MACHAKOS TOWN,HOTEL SOAP,8.4,0,0.0625,,0.083333333,0,
EASTERN,MACHAKOS,MACHAKOS TOWN,NDUME,670,0.005529458,0.00106154,,0.005698626,0.005529458,
EASTERN,MACHAKOS,MACHAKOS TOWN,ONJA,265.25,0.866832093,0.06478598,,0.868248773,0.866832093,
EASTERN,MACHAKOS,MACHAKOS TOWN,POPCO,390.25,0.004997773,0.00256627,,0.005137835,0.004997773,
EASTERN,MACHAKOS,MACHAKOS TOWN,POPCO LAUNDRY SOAP,140,0.163234555,0.026611922,,0.173611111,0.163234555,
EASTERN,MACHAKOS,MACHAKOS TOWN,RAINBOW WASHING POWDER,448,0.47027447,0.217847973,,0.470341207,0.47027447,
EASTERN,MACHAKOS,MACHAKOS TOWN,SALIT,4189.951833,0.051805009,0.006800928,,0.051836365,0.051805009,
EASTERN,MACHAKOS,MACHAKOS TOWN,SAWA CANDLES,177.4,0.266325609,0.035988153,,0.266766917,0.266325609,
EASTERN,MACHAKOS,MACHAKOS TOWN,SAWA GLYCERIN,1647.282313,1,0.121109545,,1,1,
EASTERN,MACHAKOS,MACHAKOS TOWN,SAWA MILKING JELLY,1908.490944,1,0.08143093,,1,1,
EASTERN,MACHAKOS,MACHAKOS TOWN,SAWA PETROLLEUM JELLY,55.18625,0.578651685,0.06425355,,0.580724508,0.578651685,
EASTERN,MACHAKOS,MACHAKOS TOWN,SAWA SOAP,11551.77244,0.752077185,0.072528714,,0.752089291,0.752077185,
EASTERN,MACHAKOS,MACHAKOS TOWN,USHINDI BAR,2546.325,0.498342758,0.057610271,,0.498499895,0.498342758,
EASTERN,MACHAKOS,MACHAKOS TOWN,USHINDI DETERGENT,0,0,,,,0,
EASTERN,MACHAKOS,MACHAKOS TOWN,USHINDI LIQUID DISHWASH,2133.057833,0.821086436,0.101834934,,0.821575181,0.821086436,
EASTERN,MACHAKOS,MACHAKOS TOWN,USHINDI PASTE DISHWASH,757.4,0.81847685,0.077526204,,0.818633809,0.81847685,
EASTERN,MACHAKOS,MACHAKOS TOWN,WHITE WASH (PWANI OIL PRODUCTS),10562.425,0.382039798,0.06200072,,0.382086742,0.382039798,
EASTERN,MACHAKOS,MARAGWA,NDUME,20,0,3.17E-05,,0.000170108,0,
EASTERN,MACHAKOS,MARAGWA,POPCO,10.692,0,7.03E-05,,0.000140765,0,
EASTERN,MACHAKOS,MARAGWA,SALIT,53.46,0.000628337,8.68E-05,,0.000661385,0.000628337,
EASTERN,MACHAKOS,MARAGWA,SAWA SOAP,5.424,0.00030432,3.41E-05,,0.000353135,0.00030432,
EASTERN,MACHAKOS,MASINGA,4U SOAP,67.5,0.063722789,0.008487139,,0.076447404,0.063722789,
EASTERN,MACHAKOS,MASINGA,AFRISENSE,3.8775,0.032540199,0.005719891,,0.034704974,0.032540199,
EASTERN,MACHAKOS,MASINGA,BELLEZA (PWANI OIL PRODUCTS),159.7650833,0.281074438,0.018641842,,0.281452886,0.281074438,
EASTERN,MACHAKOS,MASINGA,DETREX,687.077,0.031367022,0.005484107,,0.031388263,0.031367022,
EASTERN,MACHAKOS,MASINGA,DIVA (PWANI OIL PRODUCTS),1.2,0.006134969,0.001388407,,0.007352941,0.006134969,
EASTERN,MACHAKOS,MASINGA,DIVA GLYCERIN,108.156,0.963532796,0.315727415,,0.964021062,0.963532797,
EASTERN,MACHAKOS,MASINGA,FRESCO (PWANI OIL PRODUCTS),87.95047917,0.227792208,0.016072371,,0.228993776,0.227792208,
EASTERN,MACHAKOS,MASINGA,FRESH FRI,934.6803333,0.03346786,0.003095524,,0.033591661,0.03346786,
EASTERN,MACHAKOS,MASINGA,FRYMATE,44,0.017350825,0.002978911,,0.018596788,0.017350825,
EASTERN,MACHAKOS,MASINGA,NDUME,1690,0.014206453,0.002677616,,0.014374145,0.014206453,
EASTERN,MACHAKOS,MASINGA,ONJA,46,0.141439206,0.011235269,,0.150572831,0.141439206,
EASTERN,MACHAKOS,MASINGA,POPCO,577.334,0.007461173,0.003796527,,0.007600888,0.007461173,
EASTERN,MACHAKOS,MASINGA,POPCO LAUNDRY SOAP,100,0.113008538,0.019008516,,0.124007937,0.113008538,
EASTERN,MACHAKOS,MASINGA,SALIT,8597.7175,0.106337882,0.0139554,,0.106367434,0.106337882,
EASTERN,MACHAKOS,MASINGA,SAWA CANDLES,12.6,0.018356906,0.002556092,,0.018947368,0.018356906,
EASTERN,MACHAKOS,MASINGA,SAWA GLYCERIN,256.0559931,0.155247481,0.018825446,,0.155441475,0.155247481,
EASTERN,MACHAKOS,MASINGA,SAWA HANDWASH,18.51,1,0.138482256,,1,1,
EASTERN,MACHAKOS,MASINGA,SAWA MILKING JELLY,194.5618333,0.101705331,0.008301507,,0.101945379,0.101705331,
EASTERN,MACHAKOS,MASINGA,SAWA PETROLLEUM JELLY,8.69125,0.086966292,0.010119254,,0.091457961,0.086966292,
EASTERN,MACHAKOS,MASINGA,SAWA SOAP,1285.2225,0.083630905,0.008069371,,0.083675651,0.083630905,
EASTERN,MACHAKOS,MASINGA,USHINDI BAR,633.325,0.123713006,0.014328895,,0.12398749,0.123713006,
EASTERN,MACHAKOS,MASINGA,USHINDI DETERGENT,0,0,,,,0,
EASTERN,MACHAKOS,MASINGA,USHINDI LIQUID DISHWASH,461.8486667,0.175635119,0.022049251,,0.177887067,0.175635119,
EASTERN,MACHAKOS,MASINGA,USHINDI PASTE DISHWASH,169.6,0.182604933,0.017359974,,0.183311716,0.182604933,
EASTERN,MACHAKOS,MASINGA,WHITE WASH (PWANI OIL PRODUCTS),763.6,0.027548708,0.00448228,,0.027622581,0.027548708,
EASTERN,MACHAKOS,MATUNGULU,4U SOAP,24,0.0137779,0.003017649,,0.027181299,0.0137779,
EASTERN,MACHAKOS,MATUNGULU,AFRISENSE,25.99,0.230898612,0.038339129,,0.232619543,0.230898612,
EASTERN,MACHAKOS,MATUNGULU,BELLEZA (PWANI OIL PRODUCTS),154.2868542,0.271418539,0.018002627,,0.271802071,0.271418539,
EASTERN,MACHAKOS,MATUNGULU,DETREX,547.1716667,0.02497548,0.004367411,,0.024996861,0.02497548,
EASTERN,MACHAKOS,MATUNGULU,DIVA (PWANI OIL PRODUCTS),3.8,0.02208589,0.004396622,,0.023284314,0.02208589,
EASTERN,MACHAKOS,MATUNGULU,DIVA GLYCERIN,41.16948611,0.358362771,0.120181363,,0.366953768,0.358362771,
EASTERN,MACHAKOS,MATUNGULU,FRESCO (PWANI OIL PRODUCTS),79.68333333,0.206233766,0.014561605,,0.20746888,0.206233766,
EASTERN,MACHAKOS,MATUNGULU,FRESH FRI,5662.010333,0.203386069,0.01875175,,0.203488105,0.203386069,
EASTERN,MACHAKOS,MATUNGULU,MPISHI POA,112.9485,0.106973185,0.025825895,,0.110637233,0.106973185,
EASTERN,MACHAKOS,MATUNGULU,NDUME,108.4,0.000752006,0.000171748,,0.000921987,0.000752006,
EASTERN,MACHAKOS,MATUNGULU,ONJA,75,0.23738627,0.018318373,,0.245499182,0.23738627,
EASTERN,MACHAKOS,MATUNGULU,POPCO,604.098,0.007813584,0.003972526,,0.007953249,0.007813584,
EASTERN,MACHAKOS,MATUNGULU,SALIT,1595.393167,0.019705132,0.002589565,,0.01973755,0.019705132,
EASTERN,MACHAKOS,MATUNGULU,SAWA BODY WASH,6.21,0.099774702,0.051028164,,0.181685196,0.099774702,
EASTERN,MACHAKOS,MATUNGULU,SAWA CANDLES,12.6,0.018356906,0.002556092,,0.018947368,0.018356906,
EASTERN,MACHAKOS,MATUNGULU,SAWA GLYCERIN,898.5616944,0.545376896,0.066062992,,0.545481298,0.545376896,
EASTERN,MACHAKOS,MATUNGULU,SAWA MILKING JELLY,1090.885667,0.571481424,0.046545589,,0.571595935,0.571481424,
EASTERN,MACHAKOS,MATUNGULU,SAWA PETROLLEUM JELLY,14.195,0.145168539,0.01652729,,0.149373882,0.145168539,
EASTERN,MACHAKOS,MATUNGULU,SAWA SOAP,1735.5065,0.112948511,0.010896514,,0.112991825,0.112948511,
EASTERN,MACHAKOS,MATUNGULU,USHINDI BAR,754.4,0.147423564,0.017068202,,0.147690621,0.147423564,
EASTERN,MACHAKOS,MATUNGULU,USHINDI DETERGENT,0,0,,,,0,
EASTERN,MACHAKOS,MATUNGULU,USHINDI FLOOR CLEANER,12.09,0,0.166666667,,0.5,0,
EASTERN,MACHAKOS,MATUNGULU,USHINDI LIQUID DISHWASH,1201.010417,0.461112805,0.057337787,,0.462584903,0.461112805,
EASTERN,MACHAKOS,MATUNGULU,USHINDI PASTE DISHWASH,925.2,1,0.094701933,,1,1,
EASTERN,MACHAKOS,MATUNGULU,WHITE WASH (PWANI OIL PRODUCTS),1296.75,0.046836421,0.007611835,,0.046908828,0.046836421,
EASTERN,MACHAKOS,MAVOKO,4U SOAP,177,0.189446128,0.022255165,,0.200462082,0.189446128,
EASTERN,MACHAKOS,MAVOKO,AFRISENSE,111.7275,1,0.16481474,,1,1,
EASTERN,MACHAKOS,MAVOKO,BELLEZA (PWANI OIL PRODUCTS),230.5836458,0.405898876,0.026905152,,0.406211616,0.405898876,
EASTERN,MACHAKOS,MAVOKO,DETREX,901.071,0.041143288,0.007192163,,0.041164314,0.041143288,
EASTERN,MACHAKOS,MAVOKO,DIRIA,7824,0.810552555,0.307160804,,0.810945274,0.810552555,
EASTERN,MACHAKOS,MAVOKO,DIVA (PWANI OIL PRODUCTS),47.5,0.290184049,0.054957769,,0.291053922,0.290184049,
EASTERN,MACHAKOS,MAVOKO,DIVA GLYCERIN,16.17136111,0.132524538,0.047207201,,0.144139324,0.132524538,
EASTERN,MACHAKOS,MAVOKO,FRESCO (PWANI OIL PRODUCTS),136.5573125,0.354545455,0.02495495,,0.355549793,0.354545455,
EASTERN,MACHAKOS,MAVOKO,FRESH FRI,27824.773,1,0.092151576,,1,1,
EASTERN,MACHAKOS,MAVOKO,FRYMATE,16,0.005501481,0.00108324,,0.006762468,0.005501481,
EASTERN,MACHAKOS,MAVOKO,HOTEL SOAP,100.8,1,0.75,,1,1,
EASTERN,MACHAKOS,MAVOKO,NDUME,855.8,0.007110032,0.001355919,,0.007278931,0.007110032,
EASTERN,MACHAKOS,MAVOKO,ONJA,272.25,0.889991729,0.066495695,,0.891162029,0.889991729,
EASTERN,MACHAKOS,MAVOKO,POPCO,302.932,0.003848026,0.00199207,,0.00398825,0.003848026,
EASTERN,MACHAKOS,MAVOKO,POPCO BAR,100,0.063829787,0.022675737,,0.070422535,0.063829787,
EASTERN,MACHAKOS,MAVOKO,POPCO LAUNDRY SOAP,10,0,0.001900852,,0.012400794,0,
EASTERN,MACHAKOS,MAVOKO,RAINBOW WASHING POWDER,2,0.001974002,0.000972536,,0.002099738,0.001974002,
EASTERN,MACHAKOS,MAVOKO,SALIT,4101.288667,0.050708069,0.006657014,,0.050739461,0.050708069,
EASTERN,MACHAKOS,MAVOKO,SAWA BODY WASH,12.43,0.299967815,0.102138499,,0.363662961,0.299967815,
EASTERN,MACHAKOS,MAVOKO,SAWA CANDLES,181,0.271742401,0.036718465,,0.272180451,0.271742401,
EASTERN,MACHAKOS,MAVOKO,SAWA GLYCERIN,315.5083542,0.191346951,0.023196433,,0.191532655,0.191346951,
EASTERN,MACHAKOS,MAVOKO,SAWA HANDWASH,15.425,0.823529412,0.11540188,,0.833333333,0.823529412,
EASTERN,MACHAKOS,MAVOKO,SAWA MILKING JELLY,650.9070556,0.340882364,0.027772711,,0.341058498,0.340882364,
EASTERN,MACHAKOS,MAVOKO,SAWA PETROLLEUM JELLY,49.74625,0.521123596,0.057919739,,0.523479428,0.521123596,
EASTERN,MACHAKOS,MAVOKO,SAWA SOAP,6149.485833,0.400338927,0.038610032,,0.400368209,0.400338928,
EASTERN,MACHAKOS,MAVOKO,USHINDI BAR,1835.475,0.359134415,0.041527382,,0.359335157,0.359134415,
EASTERN,MACHAKOS,MAVOKO,USHINDI DETERGENT,0,0,,,,0,
EASTERN,MACHAKOS,MAVOKO,USHINDI LIQUID DISHWASH,1767.574833,0.679930267,0.084386304,,0.680804613,0.679930267,
EASTERN,MACHAKOS,MAVOKO,USHINDI PASTE DISHWASH,686.8,0.742102986,0.070299705,,0.742325984,0.742102986,
EASTERN,MACHAKOS,MAVOKO,WHITE WASH (PWANI OIL PRODUCTS),11054.775,0.399851494,0.064890781,,0.399897085,0.399851494,
EASTERN,MACHAKOS,MWALA,4U SOAP,298.5,0.328947368,0.037532015,,0.33806741,0.328947368,
EASTERN,MACHAKOS,MWALA,AFRISENSE,15.3025,0.135027248,0.022573472,,0.136962699,0.135027248,
EASTERN,MACHAKOS,MWALA,BELLEZA (PWANI OIL PRODUCTS),247.7155625,0.436095506,0.028904153,,0.43639235,0.436095506,
EASTERN,MACHAKOS,MWALA,DETREX,697.2995,0.031834035,0.005565701,,0.031855265,0.031834035,
EASTERN,MACHAKOS,MWALA,DIVA (PWANI OIL PRODUCTS),4,0.023312883,0.004628023,,0.024509804,0.023312883,
EASTERN,MACHAKOS,MWALA,FRESCO (PWANI OIL PRODUCTS),171.4187708,0.445454545,0.031325652,,0.446317427,0.445454545,
EASTERN,MACHAKOS,MWALA,FRESH FRI,3349.803167,0.120276555,0.011094058,,0.120389236,0.120276555,
EASTERN,MACHAKOS,MWALA,NDUME,1704,0.014325549,0.002699797,,0.014493221,0.014325549,
EASTERN,MACHAKOS,MWALA,ONJA,160,0.518610422,0.039079196,,0.523731588,0.518610422,
EASTERN,MACHAKOS,MWALA,POPCO,679.814,0.008810563,0.004470432,,0.008950088,0.008810563,
EASTERN,MACHAKOS,MWALA,POPCO LAUNDRY SOAP,360,0.439477649,0.068430657,,0.446428571,0.439477649,
EASTERN,MACHAKOS,MWALA,SALIT,1267.908667,0.015653494,0.002058008,,0.015686046,0.015653494,
EASTERN,MACHAKOS,MWALA,SAWA CANDLES,92.2,0.138128197,0.018704102,,0.138646617,0.138128197,
EASTERN,MACHAKOS,MWALA,SAWA GLYCERIN,970.5870486,0.589110686,0.071358355,,0.589205045,0.589110685,
EASTERN,MACHAKOS,MWALA,SAWA HANDWASH,6.17,0.294117647,0.046160752,,0.333333333,0.294117647,
EASTERN,MACHAKOS,MWALA,SAWA MILKING JELLY,617.8063889,0.323533833,0.026360381,,0.323714603,0.323533833,
EASTERN,MACHAKOS,MWALA,SAWA PETROLLEUM JELLY,21.5475,0.222921348,0.025087832,,0.226744186,0.222921348,
EASTERN,MACHAKOS,MWALA,SAWA SOAP,2905.012792,0.189094065,0.018239352,,0.189133661,0.189094065,
EASTERN,MACHAKOS,MWALA,USHINDI BAR,878.8,0.171785268,0.019882735,,0.172044695,0.171785268,
EASTERN,MACHAKOS,MWALA,USHINDI DETERGENT,0,0,,,,0,
EASTERN,MACHAKOS,MWALA,USHINDI LIQUID DISHWASH,624.0335,0.238273846,0.029792165,,0.240354681,0.238273846,
EASTERN,MACHAKOS,MWALA,USHINDI PASTE DISHWASH,125,0.134357421,0.012794792,,0.135105923,0.134357421,
EASTERN,MACHAKOS,MWALA,WHITE WASH (PWANI OIL PRODUCTS),1985.625,0.071757781,0.011655484,,0.071828296,0.071757781,
EASTERN,MACHAKOS,YATTA,4U SOAP,435.25,0.485958023,0.054726331,,0.492944188,0.485958023,
EASTERN,MACHAKOS,YATTA,AFRISENSE,41.5975,0.370904443,0.061362522,,0.372312099,0.370904443,
EASTERN,MACHAKOS,YATTA,BELLEZA (PWANI OIL PRODUCTS),403.1976667,0.710147472,0.047046244,,0.710300053,0.710147472,
EASTERN,MACHAKOS,YATTA,DETREX,1465.1785,0.066914406,0.011694753,,0.066934867,0.066914406,
EASTERN,MACHAKOS,YATTA,DIVA (PWANI OIL PRODUCTS),9,0.05398773,0.010413051,,0.055147059,0.05398773,
EASTERN,MACHAKOS,YATTA,DIVA GLYCERIN,19.89413889,0.166156882,0.05807468,,0.177321359,0.166156882,
EASTERN,MACHAKOS,YATTA,FRESCO (PWANI OIL PRODUCTS),221.12125,0.575064935,0.040408453,,0.575726141,0.575064935,
EASTERN,MACHAKOS,YATTA,FRESH FRI,6286.151667,0.225820081,0.020818814,,0.225919243,0.225820081,
EASTERN,MACHAKOS,YATTA,FRYMATE,3.5,0.000211595,0.000236959,,0.00147929,0.000211595,
EASTERN,MACHAKOS,YATTA,NDUME,2960,0.025010164,0.004689789,,0.025176017,0.025010164,
EASTERN,MACHAKOS,YATTA,ONJA,172.5,0.559966915,0.042132259,,0.564648118,0.559966915,
EASTERN,MACHAKOS,YATTA,POPCO,826.807,0.010746071,0.005437052,,0.010885324,0.010746071,
EASTERN,MACHAKOS,YATTA,POPCO LAUNDRY SOAP,190,0.226017077,0.03611618,,0.235615079,0.226017077,
EASTERN,MACHAKOS,YATTA,SALIT,2204.8145,0.027244892,0.003578749,,0.027277061,0.027244892,
EASTERN,MACHAKOS,YATTA,SAWA CANDLES,24,0.035510081,0.004868747,,0.036090226,0.035510081,
EASTERN,MACHAKOS,YATTA,SAWA GLYCERIN,595.4262361,0.361313068,0.043776225,,0.36145974,0.361313068,
EASTERN,MACHAKOS,YATTA,SAWA HANDWASH,18.5,0.999427972,0.138407442,,0.999459751,0.999427972,
EASTERN,MACHAKOS,YATTA,SAWA MILKING JELLY,607.2866111,0.318020268,0.025911526,,0.318202511,0.318020268,
EASTERN,MACHAKOS,YATTA,SAWA PETROLLEUM JELLY,43.75375,0.457752809,0.050942649,,0.460420394,0.457752809,
EASTERN,MACHAKOS,YATTA,SAWA SOAP,3380.455139,0.220049709,0.021224454,,0.220087793,0.220049709,
EASTERN,MACHAKOS,YATTA,USHINDI BAR,1275.25,0.249423515,0.028852365,,0.249658622,0.249423515,
EASTERN,MACHAKOS,YATTA,USHINDI DETERGENT,0,0,,,,0,
EASTERN,MACHAKOS,YATTA,USHINDI LIQUID DISHWASH,578.30475,0.220612572,0.027609015,,0.222741654,0.220612572,
EASTERN,MACHAKOS,YATTA,USHINDI PASTE DISHWASH,216.2,0.23301601,0.022129872,,0.233679204,0.23301601,
EASTERN,MACHAKOS,YATTA,WHITE WASH (PWANI OIL PRODUCTS),2713.4,0.098086423,0.015927474,,0.098154938,0.098086423,
EASTERN,MAKUENI,KAITI,4U SOAP,42,0.034444751,0.005280887,,0.047567274,0.034444751,
EASTERN,MAKUENI,KAITI,AFRISENSE,0.875,0.005606513,0.001290756,,0.007831554,0.005606513,
EASTERN,MAKUENI,KAITI,BELLEZA (PWANI OIL PRODUCTS),41.13652083,0.071980337,0.004799926,,0.072468854,0.071980337,
EASTERN,MAKUENI,KAITI,DETREX,214.8,0.009791159,0.001714489,,0.009812872,0.009791159,
EASTERN,MAKUENI,KAITI,FRESCO (PWANI OIL PRODUCTS),28.088375,0.071688312,0.005132966,,0.07313278,0.071688312,
EASTERN,MAKUENI,KAITI,FRESH FRI,739.546,0.026453991,0.002449268,,0.026578689,0.026453991,
EASTERN,MAKUENI,KAITI,NDUME,120,0.000850686,0.000190127,,0.001020649,0.000850686,
EASTERN,MAKUENI,KAITI,ONJA,8.25,0.016542597,0.002015021,,0.02700491,0.016542597,
EASTERN,MAKUENI,KAITI,POPCO,74.846,0.000844738,0.000492185,,0.000985385,0.000844738,
EASTERN,MAKUENI,KAITI,RAINBOW WASHING POWDER,2,0.001974002,0.000972536,,0.002099738,0.001974002,
EASTERN,MAKUENI,KAITI,SALIT,926.6433333,0.01143136,0.001504083,,0.011464051,0.01143136,
EASTERN,MAKUENI,KAITI,SAWA CANDLES,19.6,0.028889558,0.003976143,,0.029473684,0.028889558,
EASTERN,MAKUENI,KAITI,SAWA GLYCERIN,146.4930347,0.088720861,0.010770288,,0.088930133,0.088720861,
EASTERN,MAKUENI,KAITI,SAWA MILKING JELLY,177.287,0.092651345,0.00756443,,0.092893813,0.092651345,
EASTERN,MAKUENI,KAITI,SAWA PETROLLEUM JELLY,7.37375,0.073033708,0.008585284,,0.077593918,0.073033708,
EASTERN,MAKUENI,KAITI,SAWA SOAP,770.5126667,0.050118588,0.004837725,,0.050164971,0.050118588,
EASTERN,MAKUENI,KAITI,USHINDI BAR,211.725,0.041149543,0.00479025,,0.04144989,0.041149543,
EASTERN,MAKUENI,KAITI,USHINDI DETERGENT,0,0,,,,0,
EASTERN,MAKUENI,KAITI,USHINDI LIQUID DISHWASH,51.08141667,0.01698935,0.002438693,,0.019674677,0.01698935,
EASTERN,MAKUENI,KAITI,USHINDI PASTE DISHWASH,21.4,0.022284725,0.002190468,,0.023130134,0.022284725,
EASTERN,MAKUENI,KAITI,WHITE WASH (PWANI OIL PRODUCTS),352.1,0.012661914,0.002066803,,0.012736918,0.012661914,
EASTERN,MAKUENI,KAJIADO EAST,BELLEZA (PWANI OIL PRODUCTS),0.398416667,0.000175562,4.65E-05,,0.000701878,0.000175562,
EASTERN,MAKUENI,KAJIADO EAST,DETREX,0.96,2.19E-05,7.66E-06,,4.39E-05,2.19E-05,
EASTERN,MAKUENI,KAJIADO EAST,FRESH FRI,3.564,0,1.18E-05,,0.000128087,0,
EASTERN,MAKUENI,KAJIADO EAST,MPISHI POA,4.188666667,0,0.000957747,,0.004102954,0,
EASTERN,MAKUENI,KAJIADO EAST,RAINBOW WASHING POWDER,3,0.003024003,0.001458803,,0.003149606,0.003024003,
EASTERN,MAKUENI,KAJIADO EAST,SAWA SOAP,4.206,0.000225017,2.64E-05,,0.000273836,0.000225017,
EASTERN,MAKUENI,KIBWEZI EAST,4U SOAP,120,0.124001102,0.015088247,,0.135906496,0.124001102,
EASTERN,MAKUENI,KIBWEZI EAST,AFRISENSE,22.1275,0.196250364,0.032641365,,0.198048824,0.196250364,
EASTERN,MAKUENI,KIBWEZI EAST,BELLEZA (PWANI OIL PRODUCTS),336.8612917,0.593223315,0.039305928,,0.593437445,0.593223315,
EASTERN,MAKUENI,KIBWEZI EAST,DETREX,5034.506,0.229978292,0.040184388,,0.229995177,0.229978292,
EASTERN,MAKUENI,KIBWEZI EAST,DIVA (PWANI OIL PRODUCTS),150.6,0.922699387,0.174245054,,0.922794118,0.922699387,
EASTERN,MAKUENI,KIBWEZI EAST,DIVA GLYCERIN,4.504333333,0.027122195,0.013148984,,0.040148232,0.027122195,
EASTERN,MAKUENI,KIBWEZI EAST,FRESCO (PWANI OIL PRODUCTS),207.7742917,0.54025974,0.037969384,,0.540975104,0.54025974,
EASTERN,MAKUENI,KIBWEZI EAST,FRESH FRI,12317.436,0.442607365,0.040793545,,0.44267876,0.442607365,
EASTERN,MAKUENI,KIBWEZI EAST,NDUME,10758.42,0.091350218,0.017045513,,0.091504787,0.091350218,
EASTERN,MAKUENI,KIBWEZI EAST,ONJA,305.5,1,0.074616841,,1,1,
EASTERN,MAKUENI,KIBWEZI EAST,POPCO,705.672,0.009151044,0.004640473,,0.009290521,0.009151044,
EASTERN,MAKUENI,KIBWEZI EAST,POPCO BAR,10,0,0.002267574,,0.007042254,0,
EASTERN,MAKUENI,KIBWEZI EAST,POPCO LAUNDRY SOAP,740,0.916624812,0.140663017,,0.91765873,0.916624812,
EASTERN,MAKUENI,KIBWEZI EAST,RAINBOW WASHING POWDER,24,0.025074025,0.011670427,,0.02519685,0.025074025,
EASTERN,MAKUENI,KIBWEZI EAST,SALIT,1323.158333,0.016337043,0.002147687,,0.016369572,0.016337043,
EASTERN,MAKUENI,KIBWEZI EAST,SAWA BODY WASH,21.75,0.599935629,0.178721831,,0.636337039,0.599935629,
EASTERN,MAKUENI,KIBWEZI EAST,SAWA CANDLES,202.2,0.303641288,0.041019191,,0.30406015,0.303641288,
EASTERN,MAKUENI,KIBWEZI EAST,SAWA GLYCERIN,621.1461042,0.37693017,0.04566717,,0.377073255,0.37693017,
EASTERN,MAKUENI,KIBWEZI EAST,SAWA HANDWASH,6.17,0.294117647,0.046160752,,0.333333333,0.294117647,
EASTERN,MAKUENI,KIBWEZI EAST,SAWA MILKING JELLY,1654.340944,0.866796364,0.070586933,,0.866831959,0.866796364,
EASTERN,MAKUENI,KIBWEZI EAST,SAWA PETROLLEUM JELLY,95.03,1,0.110643773,,1,1,
EASTERN,MAKUENI,KIBWEZI EAST,SAWA SOAP,9194.686472,0.598609335,0.057729564,,0.598628934,0.598609335,
EASTERN,MAKUENI,KIBWEZI EAST,USHINDI BAR,1606.3,0.314254241,0.036342328,,0.314469041,0.314254241,
EASTERN,MAKUENI,KIBWEZI EAST,USHINDI DETERGENT,0,0,,,,0,
EASTERN,MAKUENI,KIBWEZI EAST,USHINDI FLOOR CLEANER,12.09,0,0.166666667,,0.5,0,
EASTERN,MAKUENI,KIBWEZI EAST,USHINDI LIQUID DISHWASH,2596.302667,1,0.12395084,,1,1,
EASTERN,MAKUENI,KIBWEZI EAST,USHINDI PASTE DISHWASH,837.4,0.905019472,0.085714871,,0.9051016,0.905019472,
EASTERN,MAKUENI,KIBWEZI EAST,WHITE WASH (PWANI OIL PRODUCTS),8660.9,0.313248523,0.050838897,,0.313300692,0.313248523,
EASTERN,MAKUENI,KIBWEZI EAST,,6.21,,,,,,
EASTERN,MAKUENI,KIBWEZI WEST,4U SOAP,171,0.182557178,0.021500753,,0.193666757,0.182557178,
EASTERN,MAKUENI,KIBWEZI WEST,AFRISENSE,53.3425,0.476262026,0.07868815,,0.477433935,0.476262026,
EASTERN,MAKUENI,KIBWEZI WEST,BELLEZA (PWANI OIL PRODUCTS),235.0658333,0.413799157,0.027428146,,0.414107738,0.413799157,
EASTERN,MAKUENI,KIBWEZI WEST,DETREX,2207.287,0.100817458,0.01761811,,0.100837175,0.100817458,
EASTERN,MAKUENI,KIBWEZI WEST,DIRIA,20,0,0.000785176,,0.002072968,0,
EASTERN,MAKUENI,KIBWEZI WEST,DIVA (PWANI OIL PRODUCTS),163.2,1,0.188823325,,1,1,
EASTERN,MAKUENI,KIBWEZI WEST,FRESCO (PWANI OIL PRODUCTS),124.1067917,0.322077922,0.022679699,,0.32313278,0.322077922,
EASTERN,MAKUENI,KIBWEZI WEST,FRESH FRI,5532.330333,0.198724877,0.018322268,,0.19882751,0.198724877,
EASTERN,MAKUENI,KIBWEZI WEST,NDUME,428.81,0.003477689,0.000679401,,0.003647205,0.003477689,
EASTERN,MAKUENI,KIBWEZI WEST,ONJA,195.75,0.636889992,0.047810954,,0.640752864,0.636889992,
EASTERN,MAKUENI,KIBWEZI WEST,POPCO,1309.754,0.017105203,0.008612894,,0.01724356,0.017105203,
EASTERN,MAKUENI,KIBWEZI WEST,POPCO LAUNDRY SOAP,440,0.539929684,0.08363747,,0.545634921,0.539929684,
EASTERN,MAKUENI,KIBWEZI WEST,RAINBOW WASHING POWDER,6,0.006174006,0.002917607,,0.006299213,0.006174006,
EASTERN,MAKUENI,KIBWEZI WEST,SALIT,1594.939,0.019699513,0.002588828,,0.019731931,0.019699513,
EASTERN,MAKUENI,KIBWEZI WEST,SAWA CANDLES,154.8,0.232320193,0.031403416,,0.232781955,0.232320193,
EASTERN,MAKUENI,KIBWEZI WEST,SAWA GLYCERIN,445.6879375,0.270391984,0.032767342,,0.270559536,0.270391984,
EASTERN,MAKUENI,KIBWEZI WEST,SAWA MILKING JELLY,762.3549444,0.399293791,0.032527936,,0.399454316,0.399293791,
EASTERN,MAKUENI,KIBWEZI WEST,SAWA PETROLLEUM JELLY,53.89,0.56494382,0.062744322,,0.567084079,0.56494382,
EASTERN,MAKUENI,KIBWEZI WEST,SAWA SOAP,6193.837194,0.403226607,0.038888495,,0.403255747,0.403226607,
EASTERN,MAKUENI,KIBWEZI WEST,USHINDI BAR,922.225,0.180289344,0.02086522,,0.180546107,0.180289344,
EASTERN,MAKUENI,KIBWEZI WEST,USHINDI DETERGENT,0,0,,,,0,
EASTERN,MAKUENI,KIBWEZI WEST,USHINDI FLOOR CLEANER,24.18,1,0.333333333,,1,1,
EASTERN,MAKUENI,KIBWEZI WEST,USHINDI LIQUID DISHWASH,1080.23425,0.414466857,0.051571777,,0.416066379,0.414466857,
EASTERN,MAKUENI,KIBWEZI WEST,USHINDI PASTE DISHWASH,461.6,0.498485504,0.047248608,,0.498919153,0.498485504,
EASTERN,MAKUENI,KIBWEZI WEST,WHITE WASH (PWANI OIL PRODUCTS),5030.25,0.181902869,0.029527227,,0.181965016,0.181902869,
EASTERN,MAKUENI,KILOME,4U SOAP,12,0,0.001508825,,0.01359065,0,
EASTERN,MAKUENI,KILOME,AFRISENSE,1.27,0.009149828,0.00187344,,0.011366942,0.009149828,
EASTERN,MAKUENI,KILOME,BELLEZA (PWANI OIL PRODUCTS),107.8713125,0.189606742,0.01258673,,0.190033339,0.189606742,
EASTERN,MAKUENI,KILOME,DETREX,907.131,0.041420137,0.007240533,,0.041441157,0.041420137,
EASTERN,MAKUENI,KILOME,FRESCO (PWANI OIL PRODUCTS),107.8713125,0.27974026,0.019712772,,0.280860996,0.27974026,
EASTERN,MAKUENI,KILOME,FRESH FRI,3877.221833,0.139233986,0.012840791,,0.13934424,0.139233986,
EASTERN,MAKUENI,KILOME,MPISHI POA,70.16016667,0.064887756,0.016042259,,0.068724478,0.064887756,
EASTERN,MAKUENI,KILOME,NDUME,346.05,0.002773661,0.000548278,,0.002943298,0.002773661,
EASTERN,MAKUENI,KILOME,ONJA,27,0.078577337,0.006594614,,0.088379705,0.078577337,
EASTERN,MAKUENI,KILOME,POPCO,292.256,0.003707451,0.001921865,,0.003847695,0.003707451,
EASTERN,MAKUENI,KILOME,POPCO BAR,70,0.042553191,0.015873016,,0.049295775,0.042553191,
EASTERN,MAKUENI,KILOME,POPCO LAUNDRY SOAP,50,0.050226017,0.009504258,,0.062003968,0.050226017,
EASTERN,MAKUENI,KILOME,RAINBOW WASHING POWDER,425,0.446124446,0.206663814,,0.446194226,0.446124446,
EASTERN,MAKUENI,KILOME,SALIT,1387.341667,0.017131119,0.002251866,,0.017163622,0.017131119,
EASTERN,MAKUENI,KILOME,SAWA CANDLES,63.2,0.094492928,0.012821033,,0.095037594,0.094492928,
EASTERN,MAKUENI,KILOME,SAWA GLYCERIN,218.3180417,0.132333,0.016050921,,0.132532256,0.132333,
EASTERN,MAKUENI,KILOME,SAWA MILKING JELLY,635.5024444,0.332808588,0.027115431,,0.33298688,0.332808588,
EASTERN,MAKUENI,KILOME,SAWA PETROLLEUM JELLY,9.265,0.093033708,0.010787273,,0.097495528,0.093033708,
EASTERN,MAKUENI,KILOME,SAWA SOAP,3017.085292,0.196391009,0.018943008,,0.196430249,0.196391009,
EASTERN,MAKUENI,KILOME,USHINDI BAR,594.425,0.116095077,0.013448788,,0.116371948,0.116095077,
EASTERN,MAKUENI,KILOME,USHINDI DETERGENT,0,0,,,,0,
EASTERN,MAKUENI,KILOME,USHINDI LIQUID DISHWASH,236.9905,0.088790813,0.011314232,,0.091279997,0.088790813,
EASTERN,MAKUENI,KILOME,USHINDI PASTE DISHWASH,32.6,0.034400692,0.003336882,,0.035235625,0.034400692,
EASTERN,MAKUENI,KILOME,WHITE WASH (PWANI OIL PRODUCTS),1080.425,0.039010453,0.006342022,,0.039083456,0.039010453,
EASTERN,MAKUENI,MAKUENI,4U SOAP,246,0.268669055,0.030930907,,0.278608317,0.268669055,
EASTERN,MAKUENI,MAKUENI,AFRISENSE,9.1025,0.079410643,0.013427546,,0.081470542,0.079410643,
EASTERN,MAKUENI,MAKUENI,BELLEZA (PWANI OIL PRODUCTS),312.4582708,0.550210674,0.036458515,,0.550447447,0.550210674,
EASTERN,MAKUENI,MAKUENI,DETREX,3715.417,0.169716021,0.029655692,,0.169734228,0.169716021,
EASTERN,MAKUENI,MAKUENI,DIRIA,408,0.040299128,0.016017588,,0.042288557,0.040299128,
EASTERN,MAKUENI,MAKUENI,DIVA (PWANI OIL PRODUCTS),91.2,0.558282209,0.105518917,,0.558823529,0.558282209,
EASTERN,MAKUENI,MAKUENI,FRESCO (PWANI OIL PRODUCTS),268.8316458,0.699480519,0.049127214,,0.699948133,0.699480519,
EASTERN,MAKUENI,MAKUENI,FRESH FRI,10188.755,0.366094478,0.033743665,,0.366175674,0.366094478,
EASTERN,MAKUENI,MAKUENI,FRYKING,12,0,0.005404797,,0.013513514,0,
EASTERN,MAKUENI,MAKUENI,MPISHI POA,151.6451667,0.145034164,0.034673963,,0.148542049,0.145034164,
EASTERN,MAKUENI,MAKUENI,NDUME,2153.7,0.018151084,0.003412297,,0.018318104,0.018151084,
EASTERN,MAKUENI,MAKUENI,ONJA,282.25,0.923076923,0.068938145,,0.923895254,0.923076923,
EASTERN,MAKUENI,MAKUENI,POPCO,1837.198,0.024050242,0.012081346,,0.024187622,0.024050242,
EASTERN,MAKUENI,MAKUENI,POPCO BAR,20,0.007092199,0.004535147,,0.014084507,0.007092199,
EASTERN,MAKUENI,MAKUENI,POPCO LAUNDRY SOAP,620,0.76594676,0.117852798,,0.768849206,0.76594676,
EASTERN,MAKUENI,MAKUENI,RAINBOW WASHING POWDER,952.5,1,0.463170077,,1,1,
EASTERN,MAKUENI,MAKUENI,SALIT,6883.982667,0.085135556,0.011173749,,0.08516581,0.085135556,
EASTERN,MAKUENI,MAKUENI,SAWA BODY WASH,12.9475,0.316623753,0.106390846,,0.378803394,0.316623753,
EASTERN,MAKUENI,MAKUENI,SAWA CANDLES,290,0.435750828,0.058830689,,0.436090226,0.435750828,
EASTERN,MAKUENI,MAKUENI,SAWA GLYCERIN,739.9405556,0.449062152,0.054401036,,0.449188673,0.449062152,
EASTERN,MAKUENI,MAKUENI,SAWA HANDWASH,18.51,1,0.138482256,,1,1,
EASTERN,MAKUENI,MAKUENI,SAWA MILKING JELLY,1521.859,0.797360689,0.064934232,,0.797414839,0.797360689,
EASTERN,MAKUENI,MAKUENI,SAWA PETROLLEUM JELLY,57.26875,0.600674157,0.066678213,,0.60263864,0.600674157,
EASTERN,MAKUENI,MAKUENI,SAWA SOAP,8785.867083,0.571991454,0.055162759,,0.572012354,0.571991454,
EASTERN,MAKUENI,MAKUENI,USHINDI BAR,1595.95,0.312227363,0.03610816,,0.312442798,0.312227363,
EASTERN,MAKUENI,MAKUENI,USHINDI DETERGENT,0,0,,,,0,
EASTERN,MAKUENI,MAKUENI,USHINDI FLOOR CLEANER,24.18,1,0.333333333,,1,1,
EASTERN,MAKUENI,MAKUENI,USHINDI LIQUID DISHWASH,1661.467167,0.63894956,0.079320587,,0.639935855,0.63894956,
EASTERN,MAKUENI,MAKUENI,USHINDI PASTE DISHWASH,476,0.514063176,0.048722568,,0.514483355,0.514063176,
EASTERN,MAKUENI,MAKUENI,WHITE WASH (PWANI OIL PRODUCTS),7258.8,0.262524894,0.042608665,,0.262580917,0.262524894,
EASTERN,MAKUENI,MAKUENI,,6.21,,,,,,
EASTERN,MAKUENI,MBOONI,4U SOAP,126,0.130890052,0.01584266,,0.142701821,0.130890052,
EASTERN,MAKUENI,MBOONI,AFRISENSE,4.6625,0.039581978,0.006877883,,0.041730997,0.039581978,
EASTERN,MAKUENI,MBOONI,BELLEZA (PWANI OIL PRODUCTS),71.715,0.125877809,0.008367909,,0.126337954,0.125877809,
EASTERN,MAKUENI,MBOONI,DETREX,236.2333333,0.010770335,0.001885566,,0.010792028,0.010770335,
EASTERN,MAKUENI,MBOONI,FRESCO (PWANI OIL PRODUCTS),40.9373125,0.105194805,0.007481024,,0.106587137,0.105194805,
EASTERN,MAKUENI,MBOONI,FRESH FRI,1040.272167,0.037263232,0.003445229,,0.037386546,0.037263232,
EASTERN,MAKUENI,MBOONI,NDUME,90,0.00059548,0.000142595,,0.000765487,0.00059548,
EASTERN,MAKUENI,MBOONI,ONJA,24.25,0.069478908,0.005922941,,0.079378069,0.069478908,
EASTERN,MAKUENI,MBOONI,POPCO,53.456,0.000563089,0.000351525,,0.000703775,0.000563089,
EASTERN,MAKUENI,MBOONI,SALIT,69.50266667,0.000826817,0.000112813,,0.000859858,0.000826817,
EASTERN,MAKUENI,MBOONI,SAWA CANDLES,0.8,0.000601866,0.000162292,,0.001203008,0.000601866,
EASTERN,MAKUENI,MBOONI,SAWA GLYCERIN,218.2956806,0.132319422,0.016049277,,0.132518682,0.132319422,
EASTERN,MAKUENI,MBOONI,SAWA MILKING JELLY,276.0608333,0.144420118,0.011778882,,0.144648752,0.144420118,
EASTERN,MAKUENI,MBOONI,SAWA PETROLLEUM JELLY,8.01125,0.079775281,0.009327527,,0.084302326,0.079775281,
EASTERN,MAKUENI,MBOONI,SAWA SOAP,949.6356389,0.061781132,0.005962362,,0.061826945,0.061781132,
EASTERN,MAKUENI,MBOONI,USHINDI BAR,293.15,0.057095298,0.00663248,,0.057390649,0.057095298,
EASTERN,MAKUENI,MBOONI,USHINDI DETERGENT,0,0,,,,0,
EASTERN,MAKUENI,MBOONI,USHINDI LIQUID DISHWASH,145.935,0.053623526,0.006967125,,0.056208778,0.053623526,
EASTERN,MAKUENI,MBOONI,USHINDI PASTE DISHWASH,64.2,0.068585028,0.006571405,,0.069390402,0.068585028,
EASTERN,MAKUENI,MBOONI,WHITE WASH (PWANI OIL PRODUCTS),306.25,0.011003203,0.001797667,,0.011078333,0.011003203,
EASTERN,MAKUENI,VOI,DETREX,0.96,2.19E-05,7.66E-06,,4.39E-05,2.19E-05,
EASTERN,MAKUENI,VOI,FRESCO (PWANI OIL PRODUCTS),0.597625,0,0.000109212,,0.001556017,0,
EASTERN,MAKUENI,VOI,POPCO LAUNDRY SOAP,50,0.050226017,0.009504258,,0.062003968,0.050226017,
EASTERN,MAKUENI,VOI,SAWA MILKING JELLY,0.51,0,2.18E-05,,0.000267227,0,
EASTERN,MAKUENI,VOI,SAWA SOAP,2.7,0.000126963,1.70E-05,,0.000175786,0.000126963,
EASTERN,MAKUENI,VOI,WHITE WASH (PWANI OIL PRODUCTS),2.1,0,1.23E-05,,7.60E-05,0,
EASTERN,MARSABIT,SAKU,BELLEZA (PWANI OIL PRODUCTS),207.1766667,0.364641854,0.02417396,,0.364976312,0.364641854,
EASTERN,MARSABIT,SAKU,DETREX,281.04,0.012817317,0.002243203,,0.012838965,0.012817317,
EASTERN,MARSABIT,SAKU,FRESCO (PWANI OIL PRODUCTS),72.71104167,0.188051948,0.013287464,,0.189315353,0.188051948,
EASTERN,MARSABIT,SAKU,FRESH FRI,2820.549167,0.101253154,0.009341246,,0.101368272,0.101253154,
EASTERN,MARSABIT,SAKU,ONJA,18,0.048800662,0.00439641,,0.058919804,0.048800662,
EASTERN,MARSABIT,SAKU,RAINBOW WASHING POWDER,2.1,0.002079002,0.001021162,,0.002204724,0.002079002,
EASTERN,MARSABIT,SAKU,SALIT,4307.239333,0.05325609,0.006991303,,0.053287398,0.05325609,
EASTERN,MARSABIT,SAKU,SAWA GLYCERIN,95.899625,0.058000547,0.007050619,,0.058216873,0.058000547,
EASTERN,MARSABIT,SAKU,SAWA MILKING JELLY,95.0045,0.049525914,0.004053624,,0.049779906,0.049525914,
EASTERN,MARSABIT,SAKU,SAWA SOAP,2791.733,0.181718514,0.017528116,,0.181758471,0.181718514,
EASTERN,MARSABIT,SAKU,USHINDI BAR,2382.675,0.466294583,0.053907711,,0.466461758,0.466294583,
EASTERN,MARSABIT,SAKU,USHINDI DETERGENT,0,0,,,,0,
EASTERN,MARSABIT,SAKU,USHINDI LIQUID DISHWASH,130.1738333,0.047536277,0.006214667,,0.050138158,0.047536277,
EASTERN,MARSABIT,SAKU,USHINDI PASTE DISHWASH,46.2,0.049112938,0.004728955,,0.049935149,0.049112938,
EASTERN,MARSABIT,SAKU,WHITE WASH (PWANI OIL PRODUCTS),27644.05,1,0.162268703,,1,1,
EASTERN,MERU,BUURI,4U SOAP,216,0.234224304,0.027158845,,0.244631693,0.234224304,
EASTERN,MERU,BUURI,AFRISENSE,11.6875,0.102599179,0.017240807,,0.104607192,0.102599179,
EASTERN,MERU,BUURI,BELLEZA (PWANI OIL PRODUCTS),269.6284792,0.474719101,0.031461014,,0.474995613,0.474719101,
EASTERN,MERU,BUURI,DETREX,2522.721833,0.115228024,0.020135845,,0.115247425,0.115228024,
EASTERN,MERU,BUURI,DIRIA,1488,0.152471957,0.058417085,,0.154228856,0.152471957,
EASTERN,MERU,BUURI,DIVA (PWANI OIL PRODUCTS),36,0.219631902,0.041652204,,0.220588235,0.219631902,
EASTERN,MERU,BUURI,DIVA GLYCERIN,11.14684722,0.08713204,0.032539714,,0.099354594,0.08713204,
EASTERN,MERU,BUURI,FRESCO (PWANI OIL PRODUCTS),204.4873542,0.531688312,0.037368718,,0.532417012,0.531688312,
EASTERN,MERU,BUURI,FRESH FRI,3749.965833,0.134659922,0.012419338,,0.134770761,0.134659922,
EASTERN,MERU,BUURI,FRYMATE,790.1,0.333093525,0.053491757,,0.333939138,0.333093525,
EASTERN,MERU,BUURI,MPISHI POA,108.9053333,0.102996437,0.024901417,,0.106676802,0.102996437,
EASTERN,MERU,BUURI,NDUME,30839.2,0.262174569,0.048861263,,0.262300079,0.262174569,
EASTERN,MERU,BUURI,ONJA,77.75,0.246484698,0.018990047,,0.254500818,0.246484698,
EASTERN,MERU,BUURI,POPCO,5665.541,0.074459369,0.037256389,,0.074589654,0.074459369,
EASTERN,MERU,BUURI,SALIT,25925.10083,0.32071225,0.042080374,,0.320734714,0.32071225,
EASTERN,MERU,BUURI,SAWA BODY WASH,12.42,0.299645961,0.102056328,,0.363370392,0.299645961,
EASTERN,MERU,BUURI,SAWA CANDLES,125.8,0.188684923,0.025520347,,0.189172932,0.188684923,
EASTERN,MERU,BUURI,SAWA GLYCERIN,148.0935278,0.08969268,0.010887957,,0.089901729,0.08969268,
EASTERN,MERU,BUURI,SAWA HANDWASH,12.34,0.647058824,0.092321504,,0.666666667,0.647058824,
EASTERN,MERU,BUURI,SAWA MILKING JELLY,476.4998889,0.249473083,0.020331157,,0.249673644,0.249473083,
EASTERN,MERU,BUURI,SAWA PETROLLEUM JELLY,21.7175,0.224719101,0.025285764,,0.228533095,0.224719101,
EASTERN,MERU,BUURI,SAWA SOAP,3605.649347,0.234711911,0.022638354,,0.23474928,0.234711911,
EASTERN,MERU,BUURI,USHINDI BAR,1347.2,0.263513745,0.030480224,,0.263744439,0.263513745,
EASTERN,MERU,BUURI,USHINDI DETERGENT,0,0,,,,0,
EASTERN,MERU,BUURI,USHINDI LIQUID DISHWASH,209.1854167,0.078051985,0.009986782,,0.080570505,0.078051985,
EASTERN,MERU,BUURI,USHINDI PASTE DISHWASH,164.4,0.176979662,0.01682771,,0.17769131,0.176979662,
EASTERN,MERU,BUURI,WHITE WASH (PWANI OIL PRODUCTS),1890.425,0.068313741,0.011096667,,0.068384517,0.068313741,
EASTERN,MERU,CENTAL IMENTI,4U SOAP,108,0.110223202,0.013579423,,0.122315847,0.110223202,
EASTERN,MERU,CENTAL IMENTI,AFRISENSE,3.81,0.031934695,0.005620319,,0.034100826,0.031934695,
EASTERN,MERU,CENTAL IMENTI,BELLEZA (PWANI OIL PRODUCTS),52.2921875,0.091643258,0.0061016,,0.092121425,0.091643258,
EASTERN,MERU,CENTAL IMENTI,DETREX,824.224,0.037632551,0.006578786,,0.037653654,0.037632551,
EASTERN,MERU,CENTAL IMENTI,DIRIA,564,0.05650187,0.02214196,,0.058457711,0.05650187,
EASTERN,MERU,CENTAL IMENTI,DIVA GLYCERIN,7.152416667,0.051045528,0.02087923,,0.063751251,0.051045528,
EASTERN,MERU,CENTAL IMENTI,FRESCO (PWANI OIL PRODUCTS),77.093625,0.199480519,0.014088353,,0.200726141,0.199480519,
EASTERN,MERU,CENTAL IMENTI,FRESH FRI,5910.143667,0.212304924,0.019573531,,0.212405818,0.212304924,
EASTERN,MERU,CENTAL IMENTI,FRYMATE,264.1,0.110495133,0.017880234,,0.111622992,0.110495133,
EASTERN,MERU,CENTAL IMENTI,MPISHI POA,27.22633333,0.022659216,0.006225354,,0.0266692,0.022659216,
EASTERN,MERU,CENTAL IMENTI,NDUME,18560,0.157717154,0.029406244,,0.157860433,0.157717154,
EASTERN,MERU,CENTAL IMENTI,ONJA,109,0.349875931,0.026622703,,0.356792144,0.349875931,
EASTERN,MERU,CENTAL IMENTI,POPCO,2482.27,0.03254413,0.016323316,,0.032680314,0.03254413,
EASTERN,MERU,CENTAL IMENTI,POPCO BAR,30,0.014184397,0.006802721,,0.021126761,0.014184397,
EASTERN,MERU,CENTAL IMENTI,POPCO LAUNDRY SOAP,72,0.077850326,0.013686131,,0.089285714,0.077850326,
EASTERN,MERU,CENTAL IMENTI,RAINBOW WASHING POWDER,2.5,0.002499002,0.001215669,,0.002624672,0.002499002,
EASTERN,MERU,CENTAL IMENTI,SALIT,6565.791667,0.081198897,0.010657276,,0.081229281,0.081198897,
EASTERN,MERU,CENTAL IMENTI,SAWA CANDLES,90.4,0.135419801,0.018338946,,0.13593985,0.135419801,
EASTERN,MERU,CENTAL IMENTI,SAWA GLYCERIN,39.81020139,0.023943053,0.002926879,,0.0241672,0.023943053,
EASTERN,MERU,CENTAL IMENTI,SAWA HANDWASH,6.17,0.294117647,0.046160752,,0.333333333,0.294117647,
EASTERN,MERU,CENTAL IMENTI,SAWA MILKING JELLY,199.6457222,0.10436987,0.008518425,,0.104609206,0.10436987,
EASTERN,MERU,CENTAL IMENTI,SAWA PETROLLEUM JELLY,12.92,0.131685393,0.015042803,,0.135957066,0.131685393,
EASTERN,MERU,CENTAL IMENTI,SAWA SOAP,1690.753,0.110034649,0.010615526,,0.110078105,0.110034649,
EASTERN,MERU,CENTAL IMENTI,USHINDI BAR,856.4,0.167398595,0.019375938,,0.167659395,0.167398595,
EASTERN,MERU,CENTAL IMENTI,USHINDI DETERGENT,0,0,,,,0,
EASTERN,MERU,CENTAL IMENTI,USHINDI LIQUID DISHWASH,136.3096667,0.049906048,0.006507599,,0.052501455,0.049906048,
EASTERN,MERU,CENTAL IMENTI,USHINDI PASTE DISHWASH,95.6,0.102553007,0.009785457,,0.10332901,0.102553007,
EASTERN,MERU,CENTAL IMENTI,WHITE WASH (PWANI OIL PRODUCTS),992.325,0.035823269,0.005824881,,0.035896513,0.035823269,
EASTERN,MERU,IGEMBE CENTRAL,4U SOAP,12,0,0.001508825,,0.01359065,0,
EASTERN,MERU,IGEMBE CENTRAL,AFRISENSE,2.905,0.023816465,0.004285309,,0.026000761,0.023816465,
EASTERN,MERU,IGEMBE CENTRAL,BELLEZA (PWANI OIL PRODUCTS),82.1734375,0.144311798,0.009588229,,0.144762239,0.144311798,
EASTERN,MERU,IGEMBE CENTRAL,DETREX,410,0.018708825,0.003272535,,0.018730343,0.018708825,
EASTERN,MERU,IGEMBE CENTRAL,FRESCO (PWANI OIL PRODUCTS),3.2869375,0.007012987,0.000600666,,0.008558091,0.007012987,
EASTERN,MERU,IGEMBE CENTRAL,FRESH FRI,1718.341167,0.061635609,0.005690894,,0.061755802,0.061635609,
EASTERN,MERU,IGEMBE CENTRAL,FRYMATE,3,0,0.000203108,,0.001267963,0,
EASTERN,MERU,IGEMBE CENTRAL,NDUME,950,0.007911378,0.001505169,,0.008080141,0.007911378,
EASTERN,MERU,IGEMBE CENTRAL,ONJA,15.75,0.041356493,0.003846858,,0.051554828,0.041356493,
EASTERN,MERU,IGEMBE CENTRAL,RAINBOW WASHING POWDER,31.2,0.032634033,0.015171555,,0.032755906,0.032634033,
EASTERN,MERU,IGEMBE CENTRAL,SALIT,2793.325333,0.034525948,0.004533991,,0.034557875,0.034525948,
EASTERN,MERU,IGEMBE CENTRAL,SAWA CANDLES,16.8,0.024676497,0.003408123,,0.025263158,0.024676497,
EASTERN,MERU,IGEMBE CENTRAL,SAWA GLYCERIN,71.04675,0.042909883,0.005223415,,0.043129675,0.042909883,
EASTERN,MERU,IGEMBE CENTRAL,SAWA MILKING JELLY,89.90616667,0.046853805,0.00383609,,0.047108511,0.046853805,
EASTERN,MERU,IGEMBE CENTRAL,SAWA PETROLLEUM JELLY,12.495,0.127191011,0.014547974,,0.131484794,0.127191011,
EASTERN,MERU,IGEMBE CENTRAL,SAWA SOAP,1710.65,0.111330126,0.010740451,,0.111373519,0.111330126,
EASTERN,MERU,IGEMBE CENTRAL,USHINDI BAR,520.425,0.101603388,0.011774548,,0.101884798,0.101603388,
EASTERN,MERU,IGEMBE CENTRAL,USHINDI DETERGENT,0,0,,,,0,
EASTERN,MERU,IGEMBE CENTRAL,USHINDI LIQUID DISHWASH,42.55366667,0.013695778,0.002031567,,0.016390102,0.013695778,
EASTERN,MERU,IGEMBE CENTRAL,USHINDI PASTE DISHWASH,13,0.01319775,0.001330658,,0.014051016,0.01319775,
EASTERN,MERU,IGEMBE CENTRAL,WHITE WASH (PWANI OIL PRODUCTS),202.125,0.007236284,0.00118646,,0.0073117,0.007236284,
EASTERN,MERU,IGEMBE NORTH,AFRISENSE,0.9525,0.00630172,0.00140508,,0.008525206,0.00630172,
EASTERN,MERU,IGEMBE NORTH,BELLEZA (PWANI OIL PRODUCTS),106.0784375,0.186446629,0.012377532,,0.18687489,0.186446629,
EASTERN,MERU,IGEMBE NORTH,DETREX,704.364,0.032156775,0.005622088,,0.032177998,0.032156775,
EASTERN,MERU,IGEMBE NORTH,FRESCO (PWANI OIL PRODUCTS),22.70975,0.057662338,0.004150057,,0.059128631,0.057662338,
EASTERN,MERU,IGEMBE NORTH,FRESH FRI,2456.570667,0.088170383,0.008135803,,0.088287177,0.088170384,
EASTERN,MERU,IGEMBE NORTH,FRYMATE,4.5,0.000634786,0.000304661,,0.001901944,0.000634786,
EASTERN,MERU,IGEMBE NORTH,NDUME,8500,0.072138159,0.013467299,,0.072295996,0.072138159,
EASTERN,MERU,IGEMBE NORTH,ONJA,13.75,0.034739454,0.003358368,,0.045008183,0.034739454,
EASTERN,MERU,IGEMBE NORTH,POPCO,140.78,0.001712914,0.000925764,,0.001853438,0.001712914,
EASTERN,MERU,IGEMBE NORTH,RAINBOW WASHING POWDER,28.2,0.029484029,0.013712752,,0.029606299,0.029484029,
EASTERN,MERU,IGEMBE NORTH,SALIT,7123.1615,0.088094676,0.011561972,,0.088124832,0.088094676,
EASTERN,MERU,IGEMBE NORTH,SAWA CANDLES,45.6,0.068010834,0.009250619,,0.068571429,0.068010834,
EASTERN,MERU,IGEMBE NORTH,SAWA GLYCERIN,69.19270833,0.041784109,0.005087105,,0.042004159,0.041784109,
EASTERN,MERU,IGEMBE NORTH,SAWA MILKING JELLY,124.3055,0.064882986,0.00530383,,0.065132874,0.064882986,
EASTERN,MERU,IGEMBE NORTH,SAWA PETROLLEUM JELLY,14.00375,0.143146067,0.016304617,,0.14736136,0.143146067,
EASTERN,MERU,IGEMBE NORTH,SAWA SOAP,2221.4895,0.144590448,0.013947797,,0.144632217,0.144590448,
EASTERN,MERU,IGEMBE NORTH,USHINDI BAR,520.275,0.101574013,0.011771154,,0.101855432,0.101574013,
EASTERN,MERU,IGEMBE NORTH,USHINDI DETERGENT,0,0,,,,0,
EASTERN,MERU,IGEMBE NORTH,USHINDI LIQUID DISHWASH,111.6213333,0.040370965,0.005328947,,0.042992419,0.040370965,
EASTERN,MERU,IGEMBE NORTH,USHINDI PASTE DISHWASH,7.4,0.007139766,0.000757452,,0.007998271,0.007139766,
EASTERN,MERU,IGEMBE NORTH,WHITE WASH (PWANI OIL PRODUCTS),391.275,0.014079144,0.002296758,,0.01415404,0.014079144,
EASTERN,MERU,IGEMBE SOUTH,4U SOAP,96,0.096445302,0.012070598,,0.108725197,0.096445302,
EASTERN,MERU,IGEMBE SOUTH,AFRISENSE,13.2575,0.116682739,0.019556791,,0.118659238,0.116682739,
EASTERN,MERU,IGEMBE SOUTH,BELLEZA (PWANI OIL PRODUCTS),165.8409375,0.291783708,0.01935079,,0.292156519,0.291783708,
EASTERN,MERU,IGEMBE SOUTH,DETREX,1453.5985,0.066385376,0.011602323,,0.066405849,0.066385376,
EASTERN,MERU,IGEMBE SOUTH,DIRIA,24,0.000415455,0.000942211,,0.002487562,0.000415455,
EASTERN,MERU,IGEMBE SOUTH,DIVA GLYCERIN,2.252166667,0.006775655,0.006574492,,0.020074116,0.006775655,
EASTERN,MERU,IGEMBE SOUTH,FRESCO (PWANI OIL PRODUCTS),36.1563125,0.092727273,0.006607328,,0.094139004,0.092727273,
EASTERN,MERU,IGEMBE SOUTH,FRESH FRI,3991.3485,0.143336133,0.013218762,,0.14344586,0.143336133,
EASTERN,MERU,IGEMBE SOUTH,FRYMATE,6,0.001269573,0.000406215,,0.002535926,0.001269573,
EASTERN,MERU,IGEMBE SOUTH,NDUME,10720,0.091023384,0.016984641,,0.091178009,0.091023384,
EASTERN,MERU,IGEMBE SOUTH,ONJA,68,0.214226634,0.016608658,,0.222585925,0.214226634,
EASTERN,MERU,IGEMBE SOUTH,POPCO,516.774,0.006663758,0.003398287,,0.006803586,0.006663758,
EASTERN,MERU,IGEMBE SOUTH,RAINBOW WASHING POWDER,36.8,0.038514039,0.017894655,,0.038635171,0.038514039,
EASTERN,MERU,IGEMBE SOUTH,SALIT,6914.7245,0.085515894,0.011223647,,0.085546135,0.085515894,
EASTERN,MERU,IGEMBE SOUTH,SAWA CANDLES,101.4,0.15197111,0.020570455,,0.152481203,0.15197111,
EASTERN,MERU,IGEMBE SOUTH,SAWA GLYCERIN,90.3399375,0.054624705,0.006641866,,0.054841806,0.054624705,
EASTERN,MERU,IGEMBE SOUTH,SAWA MILKING JELLY,261.6616667,0.13687331,0.011164503,,0.13710396,0.13687331,
EASTERN,MERU,IGEMBE SOUTH,SAWA PETROLLEUM JELLY,29.7075,0.309213483,0.03458855,,0.312611807,0.309213483,
EASTERN,MERU,IGEMBE SOUTH,SAWA SOAP,3283.20775,0.213718015,0.020613879,,0.213756408,0.213718015,
EASTERN,MERU,IGEMBE SOUTH,USHINDI BAR,1048.5,0.205018237,0.023722176,,0.205267254,0.205018237,
EASTERN,MERU,IGEMBE SOUTH,USHINDI DETERGENT,0,0,,,,0,
EASTERN,MERU,IGEMBE SOUTH,USHINDI LIQUID DISHWASH,205.6809167,0.076698484,0.009819472,,0.079220701,0.076698484,
EASTERN,MERU,IGEMBE SOUTH,USHINDI PASTE DISHWASH,55.2,0.058848983,0.00565018,,0.059662776,0.058848983,
EASTERN,MERU,IGEMBE SOUTH,WHITE WASH (PWANI OIL PRODUCTS),782.25,0.028223407,0.004591755,,0.028297229,0.028223407,
EASTERN,MERU,MAARA,SALIT,267.3,0.003273965,0.000433868,,0.003306926,0.003273965,
EASTERN,MERU,MAARA,SAWA SOAP,2.85,0.000136729,1.79E-05,,0.000185552,0.000136729,
EASTERN,MERU,NORTH IMENTI,4U SOAP,552.25,0.620292551,0.069437372,,0.625453022,0.620292551,
EASTERN,MERU,NORTH IMENTI,AFRISENSE,54.01,0.482249781,0.079672812,,0.483408292,0.482249781,
EASTERN,MERU,NORTH IMENTI,BELLEZA (PWANI OIL PRODUCTS),399.3131042,0.703300562,0.046592983,,0.703456747,0.703300562,
EASTERN,MERU,NORTH IMENTI,DETREX,11884.31128,0.542910032,0.094858121,,0.542920055,0.542910032,
EASTERN,MERU,NORTH IMENTI,DIRIA,1920,0.197341088,0.075376884,,0.199004975,0.197341088,
EASTERN,MERU,NORTH IMENTI,DIVA (PWANI OIL PRODUCTS),24,0.14601227,0.027768136,,0.147058824,0.14601227,
EASTERN,MERU,NORTH IMENTI,DIVA GLYCERIN,112.1925694,1,0.32751091,,1,1,
EASTERN,MERU,NORTH IMENTI,FRESCO (PWANI OIL PRODUCTS),324.1119583,0.843636364,0.059229327,,0.843879668,0.843636363,
EASTERN,MERU,NORTH IMENTI,FRESH FRI,12751.06917,0.458193789,0.042229675,,0.458263188,0.458193789,
EASTERN,MERU,NORTH IMENTI,FRYKING,12,0,0.005404797,,0.013513514,0,
EASTERN,MERU,NORTH IMENTI,FRYMATE,1186.7,0.50093102,0.080342575,,0.501563821,0.50093102,
EASTERN,MERU,NORTH IMENTI,MPISHI POA,85.9715,0.080439349,0.019657551,,0.084212264,0.080439349,
EASTERN,MERU,NORTH IMENTI,NDUME,117572.21,1,0.186280015,,1,1,
EASTERN,MERU,NORTH IMENTI,ONJA,190.25,0.618693135,0.046467607,,0.622749591,0.618693135,
EASTERN,MERU,NORTH IMENTI,POPCO,6013.954,0.079047045,0.03954754,,0.079176683,0.079047045,
EASTERN,MERU,NORTH IMENTI,RAINBOW WASHING POWDER,9.24,0.00957601,0.004493114,,0.009700787,0.00957601,
EASTERN,MERU,NORTH IMENTI,SALIT,57063.90017,0.705961443,0.092623371,,0.705971167,0.705961443,
EASTERN,MERU,NORTH IMENTI,SAWA BODY WASH,9.32,0.199871258,0.076583332,,0.272674078,0.199871258,
EASTERN,MERU,NORTH IMENTI,SAWA CANDLES,434.4,0.653024376,0.088124315,,0.653233083,0.653024376,
EASTERN,MERU,NORTH IMENTI,SAWA GLYCERIN,167.2849583,0.101345716,0.012298927,,0.101552088,0.101345716,
EASTERN,MERU,NORTH IMENTI,SAWA MILKING JELLY,1219.037889,0.638647829,0.05201355,,0.638744392,0.63864783,
EASTERN,MERU,NORTH IMENTI,SAWA PETROLLEUM JELLY,52.275,0.547865169,0.060863971,,0.550089445,0.547865169,
EASTERN,MERU,NORTH IMENTI,SAWA SOAP,15359.57576,1,0.096436307,,1,1,
EASTERN,MERU,NORTH IMENTI,USHINDI BAR,5107.975,1,0.115567268,,1,1,
EASTERN,MERU,NORTH IMENTI,USHINDI DETERGENT,0,0,,,,0,
EASTERN,MERU,NORTH IMENTI,USHINDI LIQUID DISHWASH,954.5296667,0.365917465,0.045570478,,0.367649611,0.365917465,
EASTERN,MERU,NORTH IMENTI,USHINDI PASTE DISHWASH,746.8,0.807009952,0.076441205,,0.807176827,0.807009952,
EASTERN,MERU,NORTH IMENTI,WHITE WASH (PWANI OIL PRODUCTS),9021.8,0.326304765,0.052957356,,0.326355943,0.326304765,
EASTERN,MERU,SOUTH IMENTI,4U SOAP,510,0.57178286,0.064125051,,0.577602609,0.57178286,
EASTERN,MERU,SOUTH IMENTI,AFRISENSE,63.3075,0.565652262,0.093388012,,0.566624153,0.565652262,
EASTERN,MERU,SOUTH IMENTI,BELLEZA (PWANI OIL PRODUCTS),222.4161042,0.391502809,0.02595214,,0.391823127,0.391502809,
EASTERN,MERU,SOUTH IMENTI,DETREX,7237.953,0.330642249,0.057771848,,0.330656926,0.330642249,
EASTERN,MERU,SOUTH IMENTI,DIRIA,588,0.058994599,0.023084171,,0.060945274,0.058994599,
EASTERN,MERU,SOUTH IMENTI,DIVA (PWANI OIL PRODUCTS),58.8,0.359509202,0.068031933,,0.360294118,0.359509202,
EASTERN,MERU,SOUTH IMENTI,FRESCO (PWANI OIL PRODUCTS),372.8183958,0.970649351,0.068130108,,0.970695021,0.97064935,
EASTERN,MERU,SOUTH IMENTI,FRESH FRI,13531.14967,0.486232847,0.044813187,,0.486298654,0.486232847,
EASTERN,MERU,SOUTH IMENTI,FRYMATE,1715.6,0.724756665,0.116150435,,0.725105664,0.724756665,
EASTERN,MERU,SOUTH IMENTI,HOTEL SOAP,14,0.060606061,0.104166667,,0.138888889,0.060606061,
EASTERN,MERU,SOUTH IMENTI,MPISHI POA,725.132,0.709100062,0.165802845,,0.710293611,0.709100062,
EASTERN,MERU,SOUTH IMENTI,NDUME,106468.125,0.905539122,0.168686834,,0.90555519,0.905539122,
EASTERN,MERU,SOUTH IMENTI,ONJA,190,0.617866005,0.046406546,,0.62193126,0.617866005,
EASTERN,MERU,SOUTH IMENTI,POPCO,8820.853,0.116006463,0.058005604,,0.116130899,0.116006463,
EASTERN,MERU,SOUTH IMENTI,RAINBOW WASHING POWDER,0.12,0,5.84E-05,,0.000125984,0,
EASTERN,MERU,SOUTH IMENTI,SALIT,80830.35517,1,0.131199935,,1,1,
EASTERN,MERU,SOUTH IMENTI,SAWA BODY WASH,9.33,0.200193112,0.076665503,,0.272966647,0.200193112,
EASTERN,MERU,SOUTH IMENTI,SAWA CANDLES,665,1,0.134904857,,1,1,
EASTERN,MERU,SOUTH IMENTI,SAWA GLYCERIN,132.7012569,0.080346495,0.009756305,,0.080557689,0.080346495,
EASTERN,MERU,SOUTH IMENTI,SAWA HANDWASH,18.5,0.999427972,0.138407442,,0.999459751,0.999427972,
EASTERN,MERU,SOUTH IMENTI,SAWA MILKING JELLY,912.395,0.477931922,0.038929801,,0.478071433,0.477931922,
EASTERN,MERU,SOUTH IMENTI,SAWA PETROLLEUM JELLY,32.3,0.336629213,0.037607007,,0.339892665,0.336629213,
EASTERN,MERU,SOUTH IMENTI,SAWA SOAP,5197.9145,0.338382932,0.032635516,,0.338415239,0.338382932,
EASTERN,MERU,SOUTH IMENTI,USHINDI BAR,2104,0.411720643,0.047602725,,0.411904913,0.411720643,
EASTERN,MERU,SOUTH IMENTI,USHINDI DETERGENT,0,0,,,,0,
EASTERN,MERU,SOUTH IMENTI,USHINDI LIQUID DISHWASH,1108.935667,0.425551865,0.05294202,,0.427121106,0.425551865,
EASTERN,MERU,SOUTH IMENTI,USHINDI PASTE DISHWASH,679,0.73366508,0.06950131,,0.733895374,0.73366508,
EASTERN,MERU,SOUTH IMENTI,WHITE WASH (PWANI OIL PRODUCTS),3367.475,0.121748827,0.01976685,,0.121815544,0.121748827,
EASTERN,MERU,SOUTH IMENTI,,6.21,,,,,,
EASTERN,MERU,TIGANIA EAST,4U SOAP,378.75,0.421087076,0.047622281,,0.428954879,0.421087076,
EASTERN,MERU,TIGANIA EAST,AFRISENSE,7.775,0.067502411,0.011469286,,0.069588955,0.067502411,
EASTERN,MERU,TIGANIA EAST,BELLEZA (PWANI OIL PRODUCTS),151.0995208,0.265800562,0.01763072,,0.26618705,0.265800562,
EASTERN,MERU,TIGANIA EAST,DETREX,935.5,0.042716168,0.007466968,,0.04273716,0.042716168,
EASTERN,MERU,TIGANIA EAST,DIRIA,132,0.011632738,0.005182161,,0.013681592,0.011632738,
EASTERN,MERU,TIGANIA EAST,DIVA (PWANI OIL PRODUCTS),3.6,0.020858896,0.00416522,,0.022058824,0.020858896,
EASTERN,MERU,TIGANIA EAST,DIVA GLYCERIN,2.318152778,0.007371787,0.006767118,,0.020662267,0.007371787,
EASTERN,MERU,TIGANIA EAST,FRESCO (PWANI OIL PRODUCTS),141.1391042,0.366493506,0.025792242,,0.367479253,0.366493507,
EASTERN,MERU,TIGANIA EAST,FRESH FRI,1944.210833,0.069754224,0.006438942,,0.069873376,0.069754224,
EASTERN,MERU,TIGANIA EAST,FRYMATE,1898,0.801946678,0.128499374,,0.802197802,0.801946678,
EASTERN,MERU,TIGANIA EAST,NDUME,31507.6,0.267860553,0.049920268,,0.267985096,0.267860553,
EASTERN,MERU,TIGANIA EAST,ONJA,31.5,0.093465674,0.007693717,,0.103109656,0.093465674,
EASTERN,MERU,TIGANIA EAST,POPCO,5035.686,0.066165849,0.033114485,,0.066297301,0.066165849,
EASTERN,MERU,TIGANIA EAST,RAINBOW WASHING POWDER,4.8,0.004914005,0.002334085,,0.00503937,0.004914005,
EASTERN,MERU,TIGANIA EAST,SALIT,20802.245,0.257332283,0.033765201,,0.257356843,0.257332283,
EASTERN,MERU,TIGANIA EAST,SAWA CANDLES,159.4,0.239241649,0.032336593,,0.239699248,0.239241649,
EASTERN,MERU,TIGANIA EAST,SAWA GLYCERIN,88.91870139,0.05376173,0.006537376,,0.05397903,0.05376173,
EASTERN,MERU,TIGANIA EAST,SAWA MILKING JELLY,291.986,0.152766725,0.012458373,,0.152993128,0.152766725,
EASTERN,MERU,TIGANIA EAST,SAWA PETROLLEUM JELLY,12.43125,0.126516854,0.014473749,,0.130813953,0.126516854,
EASTERN,MERU,TIGANIA EAST,SAWA SOAP,2592.104,0.168720841,0.016274729,,0.168761432,0.168720841,
EASTERN,MERU,TIGANIA EAST,USHINDI BAR,545.025,0.106420895,0.012331119,,0.106700796,0.106420895,
EASTERN,MERU,TIGANIA EAST,USHINDI DETERGENT,0,0,,,,0,
EASTERN,MERU,TIGANIA EAST,USHINDI LIQUID DISHWASH,153.798,0.056660359,0.007342515,,0.059237315,0.056660359,
EASTERN,MERU,TIGANIA EAST,USHINDI PASTE DISHWASH,155.8,0.167676331,0.015947429,,0.168396022,0.167676331,
EASTERN,MERU,TIGANIA EAST,WHITE WASH (PWANI OIL PRODUCTS),602.05,0.02170433,0.003533993,,0.021778647,0.02170433,
EASTERN,MERU,TIGANIA WEST,4U SOAP,375.25,0.417068522,0.047182207,,0.42499094,0.417068522,
EASTERN,MERU,TIGANIA WEST,AFRISENSE,25.425,0.225830325,0.03750567,,0.227562596,0.225830325,
EASTERN,MERU,TIGANIA WEST,BELLEZA (PWANI OIL PRODUCTS),321.1238333,0.565484551,0.037469637,,0.565713283,0.565484551,
EASTERN,MERU,TIGANIA WEST,DETREX,4873.646833,0.222629478,0.038900444,,0.222646525,0.222629478,
EASTERN,MERU,TIGANIA WEST,DIRIA,336,0.032820939,0.013190955,,0.034825871,0.032820939,
EASTERN,MERU,TIGANIA WEST,DIVA (PWANI OIL PRODUCTS),3.6,0.020858896,0.00416522,,0.022058824,0.020858896,
EASTERN,MERU,TIGANIA WEST,DIVA GLYCERIN,2.130472222,0.005676242,0.006219243,,0.018989424,0.005676242,
EASTERN,MERU,TIGANIA WEST,FRESCO (PWANI OIL PRODUCTS),151.0995208,0.392467532,0.027612443,,0.393412863,0.392467532,
EASTERN,MERU,TIGANIA WEST,FRESH FRI,3025.939,0.108635646,0.010021467,,0.108749818,0.108635646,
EASTERN,MERU,TIGANIA WEST,FRYMATE,928,0.391451545,0.062827934,,0.392223161,0.391451545,
EASTERN,MERU,TIGANIA WEST,MPISHI POA,7.094333333,0.002857934,0.001622133,,0.006949162,0.002857934,
EASTERN,MERU,TIGANIA WEST,NDUME,87006,0.739977581,0.137851274,,0.740021813,0.739977581,
EASTERN,MERU,TIGANIA WEST,ONJA,109.75,0.35235732,0.026805886,,0.359247136,0.35235732,
EASTERN,MERU,TIGANIA WEST,POPCO,3317.862,0.043546661,0.021818138,,0.043681297,0.043546661,
EASTERN,MERU,TIGANIA WEST,RAINBOW WASHING POWDER,14.4,0.014994015,0.007002256,,0.01511811,0.014994015,
EASTERN,MERU,TIGANIA WEST,SALIT,33012.0785,0.408392331,0.053583614,,0.408411895,0.408392331,
EASTERN,MERU,TIGANIA WEST,SAWA CANDLES,334.2,0.502256997,0.067797298,,0.502556391,0.502256997,
EASTERN,MERU,TIGANIA WEST,SAWA GLYCERIN,242.9610347,0.147296224,0.017862694,,0.147492044,0.147296224,
EASTERN,MERU,TIGANIA WEST,SAWA HANDWASH,6.17,0.294117647,0.046160752,,0.333333333,0.294117647,
EASTERN,MERU,TIGANIA WEST,SAWA MILKING JELLY,555.1723333,0.290706432,0.02368793,,0.290895975,0.290706432,
EASTERN,MERU,TIGANIA WEST,SAWA PETROLLEUM JELLY,5.58875,0.054157303,0.006507002,,0.058810376,0.054157303,
EASTERN,MERU,TIGANIA WEST,SAWA SOAP,3230.423083,0.21028125,0.020282466,,0.210319812,0.21028125,
EASTERN,MERU,TIGANIA WEST,USHINDI BAR,500.475,0.097696507,0.011323182,,0.09797914,0.097696507,
EASTERN,MERU,TIGANIA WEST,USHINDI DETERGENT,0,0,,,,0,
EASTERN,MERU,TIGANIA WEST,USHINDI LIQUID DISHWASH,537.9360833,0.20502146,0.025681763,,0.207193133,0.20502146,
EASTERN,MERU,TIGANIA WEST,USHINDI PASTE DISHWASH,297.2,0.320640415,0.030420897,,0.321227843,0.320640415,
EASTERN,MERU,TIGANIA WEST,WHITE WASH (PWANI OIL PRODUCTS),1254.25,0.045298903,0.007362363,,0.045371427,0.045298903,
EASTERN,THARAKA - NITHI,MAARA,4U SOAP,66,0.062000551,0.008298536,,0.074748573,0.062000551,
EASTERN,THARAKA - NITHI,MAARA,AFRISENSE,8.3575,0.07272768,0.01232856,,0.074802533,0.07272768,
EASTERN,THARAKA - NITHI,MAARA,BELLEZA (PWANI OIL PRODUCTS),46.017125,0.080582865,0.005369408,,0.081066854,0.080582865,
EASTERN,THARAKA - NITHI,MAARA,DETREX,625.504,0.028554074,0.004992644,,0.028575376,0.028554074,
EASTERN,THARAKA - NITHI,MAARA,DIRIA,48,0.002908184,0.001884422,,0.004975124,0.002908184,
EASTERN,THARAKA - NITHI,MAARA,DIVA (PWANI OIL PRODUCTS),3.6,0.020858896,0.00416522,,0.022058824,0.020858896,
EASTERN,THARAKA - NITHI,MAARA,FRESCO (PWANI OIL PRODUCTS),44.42345833,0.114285714,0.008118095,,0.1156639,0.114285714,
EASTERN,THARAKA - NITHI,MAARA,FRESH FRI,7423.995167,0.266718501,0.024587185,,0.266812425,0.266718501,
EASTERN,THARAKA - NITHI,MAARA,FRYMATE,726.5,0.306178587,0.049185877,,0.307058326,0.306178587,
EASTERN,THARAKA - NITHI,MAARA,MPISHI POA,10.47166667,0.006179786,0.002394367,,0.010257385,0.006179786,
EASTERN,THARAKA - NITHI,MAARA,NDUME,6730,0.05708102,0.010662932,,0.057241418,0.05708102,
EASTERN,THARAKA - NITHI,MAARA,ONJA,45.75,0.140612076,0.011174208,,0.149754501,0.140612076,
EASTERN,THARAKA - NITHI,MAARA,POPCO,270.824,0.003425249,0.001780929,,0.003565532,0.003425249,
EASTERN,THARAKA - NITHI,MAARA,RAINBOW WASHING POWDER,11.16,0.011592012,0.005426749,,0.011716535,0.011592012,
EASTERN,THARAKA - NITHI,MAARA,SALIT,12498.07033,0.154593043,0.020286265,,0.154621,0.154593043,
EASTERN,THARAKA - NITHI,MAARA,SAWA CANDLES,1.2,0.001203732,0.000243437,,0.001804511,0.001203732,
EASTERN,THARAKA - NITHI,MAARA,SAWA GLYCERIN,50.25155556,0.030283042,0.003694536,,0.030505734,0.030283042,
EASTERN,THARAKA - NITHI,MAARA,SAWA MILKING JELLY,263.3873333,0.137777756,0.011238133,,0.138008165,0.137777756,
EASTERN,THARAKA - NITHI,MAARA,SAWA PETROLLEUM JELLY,16.15,0.165842697,0.018803503,,0.169946333,0.165842697,
EASTERN,THARAKA - NITHI,MAARA,SAWA SOAP,1352.6395,0.088020368,0.008492654,,0.0880649,0.088020368,
EASTERN,THARAKA - NITHI,MAARA,USHINDI BAR,848.45,0.165841717,0.019196071,,0.166103006,0.165841717,
EASTERN,THARAKA - NITHI,MAARA,USHINDI DETERGENT,0,0,,,,0,
EASTERN,THARAKA - NITHI,MAARA,USHINDI LIQUID DISHWASH,247.7934167,0.092963096,0.011829978,,0.095440882,0.092963096,
EASTERN,THARAKA - NITHI,MAARA,USHINDI PASTE DISHWASH,168.4,0.181306794,0.017237144,,0.1820147,0.181306794,
EASTERN,THARAKA - NITHI,MAARA,WHITE WASH (PWANI OIL PRODUCTS),642.475,0.023166781,0.003771285,,0.023240987,0.023166781,
EASTERN,THARAKA - NITHI,NITHI,4U SOAP,120,0.124001102,0.015088247,,0.135906496,0.124001102,
EASTERN,THARAKA - NITHI,NITHI,AFRISENSE,6.5425,0.056446368,0.009651164,,0.058557651,0.056446368,
EASTERN,THARAKA - NITHI,NITHI,BELLEZA (PWANI OIL PRODUCTS),157.8726042,0.277738764,0.018421022,,0.278118968,0.277738764,
EASTERN,THARAKA - NITHI,NITHI,DETREX,2275.9005,0.103952049,0.018165768,,0.103971698,0.103952049,
EASTERN,THARAKA - NITHI,NITHI,DIRIA,228,0.021603656,0.008951005,,0.023631841,0.021603656,
EASTERN,THARAKA - NITHI,NITHI,DIVA (PWANI OIL PRODUCTS),14.4,0.087116564,0.016660882,,0.088235294,0.087116564,
EASTERN,THARAKA - NITHI,NITHI,FRESCO (PWANI OIL PRODUCTS),107.9709167,0.28,0.019730974,,0.281120332,0.28,
EASTERN,THARAKA - NITHI,NITHI,FRESH FRI,11439.36367,0.411046108,0.037885498,,0.411121545,0.411046108,
EASTERN,THARAKA - NITHI,NITHI,FRYKING,204,0.219178082,0.091881545,,0.22972973,0.219178082,
EASTERN,THARAKA - NITHI,NITHI,FRYMATE,1183.5,0.499576809,0.080125927,,0.500211327,0.499576809,
EASTERN,THARAKA - NITHI,NITHI,MPISHI POA,405.0595,0.394285542,0.092617644,,0.39677076,0.394285542,
EASTERN,THARAKA - NITHI,NITHI,NDUME,15848.8,0.13465336,0.025110651,,0.134800562,0.13465336,
EASTERN,THARAKA - NITHI,NITHI,ONJA,87.5,0.278742763,0.021371436,,0.286415712,0.278742763,
EASTERN,THARAKA - NITHI,NITHI,POPCO,3614.461333,0.047452088,0.023768564,,0.047586174,0.047452088,
EASTERN,THARAKA - NITHI,NITHI,POPCO BAR,330,0.226950355,0.074829932,,0.232394366,0.226950355,
EASTERN,THARAKA - NITHI,NITHI,RAINBOW WASHING POWDER,0.96,0.000882001,0.000466817,,0.001007874,0.000882001,
EASTERN,THARAKA - NITHI,NITHI,SALIT,38797.71333,0.479972199,0.062974578,,0.479989396,0.479972199,
EASTERN,THARAKA - NITHI,NITHI,SAWA CANDLES,144.6,0.216972615,0.029334199,,0.217443609,0.216972615,
EASTERN,THARAKA - NITHI,NITHI,SAWA GLYCERIN,61.57450694,0.037158337,0.004527008,,0.03737945,0.037158337,
EASTERN,THARAKA - NITHI,NITHI,SAWA MILKING JELLY,409.1876111,0.214193759,0.017459097,,0.214403748,0.214193759,
EASTERN,THARAKA - NITHI,NITHI,SAWA PETROLLEUM JELLY,17.06375,0.175505618,0.019867386,,0.179561717,0.175505618,
EASTERN,THARAKA - NITHI,NITHI,SAWA SOAP,3565.8745,0.232122205,0.022388624,,0.2321597,0.232122205,
EASTERN,THARAKA - NITHI,NITHI,USHINDI BAR,1257.8,0.246006218,0.028457561,,0.246242395,0.246006218,
EASTERN,THARAKA - NITHI,NITHI,USHINDI DETERGENT,0,0,,,,0,
EASTERN,THARAKA - NITHI,NITHI,USHINDI LIQUID DISHWASH,147.3945,0.054187211,0.007036804,,0.056770923,0.054187211,
EASTERN,THARAKA - NITHI,NITHI,USHINDI PASTE DISHWASH,103.6,0.11120727,0.010604324,,0.111975789,0.11120727,
EASTERN,THARAKA - NITHI,NITHI,WHITE WASH (PWANI OIL PRODUCTS),2526.15,0.091312299,0.01482833,,0.091381328,0.091312299,
EASTERN,THARAKA - NITHI,THARAKA,4U SOAP,234,0.254891155,0.029422082,,0.265017668,0.254891155,
EASTERN,THARAKA - NITHI,THARAKA,BELLEZA (PWANI OIL PRODUCTS),152.7927917,0.268785112,0.017828295,,0.26917003,0.268785112,
EASTERN,THARAKA - NITHI,THARAKA,DETREX,649.95,0.029670884,0.005187767,,0.029692161,0.029670884,
EASTERN,THARAKA - NITHI,THARAKA,DIRIA,60,0.004154549,0.002355528,,0.006218905,0.004154549,
EASTERN,THARAKA - NITHI,THARAKA,FRESCO (PWANI OIL PRODUCTS),90.14177083,0.233506494,0.016472815,,0.23469917,0.233506493,
EASTERN,THARAKA - NITHI,THARAKA,FRESH FRI,2010.1365,0.072123843,0.006657278,,0.072242692,0.072123843,
EASTERN,THARAKA - NITHI,THARAKA,FRYMATE,2366,1,0.160184151,,1,1,
EASTERN,THARAKA - NITHI,THARAKA,NDUME,10140,0.086089407,0.016065696,,0.08624487,0.086089407,
EASTERN,THARAKA - NITHI,THARAKA,ONJA,41.25,0.125723739,0.010075105,,0.13502455,0.125723739,
EASTERN,THARAKA - NITHI,THARAKA,POPCO,11240.442,0.147866036,0.073916732,,0.147985987,0.147866036,
EASTERN,THARAKA - NITHI,THARAKA,SALIT,13440.3115,0.16625045,0.021815666,,0.166278021,0.16625045,
EASTERN,THARAKA - NITHI,THARAKA,SAWA BODY WASH,3.11,0,0.025555168,,0.090988882,0,
EASTERN,THARAKA - NITHI,THARAKA,SAWA CANDLES,20.8,0.030695155,0.00421958,,0.031278195,0.030695155,
EASTERN,THARAKA - NITHI,THARAKA,SAWA GLYCERIN,31.7795,0.019066811,0.002336455,,0.019292079,0.019066811,
EASTERN,THARAKA - NITHI,THARAKA,SAWA MILKING JELLY,191.7631667,0.10023851,0.008182094,,0.10047895,0.10023851,
EASTERN,THARAKA - NITHI,THARAKA,SAWA PETROLLEUM JELLY,3.67625,0.033932584,0.004280271,,0.038685152,0.033932584,
EASTERN,THARAKA - NITHI,THARAKA,SAWA SOAP,620.9665,0.040381765,0.003898787,,0.040428623,0.040381765,
EASTERN,THARAKA - NITHI,THARAKA,USHINDI BAR,212.375,0.041276835,0.004804957,,0.041577142,0.041276835,
EASTERN,THARAKA - NITHI,THARAKA,USHINDI DETERGENT,0,0,,,,0,
EASTERN,THARAKA - NITHI,THARAKA,USHINDI LIQUID DISHWASH,57.153,0.019334306,0.002728558,,0.022013227,0.019334306,
EASTERN,THARAKA - NITHI,THARAKA,USHINDI PASTE DISHWASH,86.2,0.092384249,0.008823289,,0.093169045,0.092384249,
EASTERN,THARAKA - NITHI,THARAKA,WHITE WASH (PWANI OIL PRODUCTS),177.425,0.006342715,0.001041473,,0.006418198,0.006342715,
NAIROBI,NAIROBI,DAGORETTI,4U SOAP,636.25,0.230860806,0.106037248,,0.232547515,0.230860806,
NAIROBI,NAIROBI,DAGORETTI,AFRISENSE,24.3425,0.615546755,0.098933144,67.59199191,0.617986799,0.615546755,75.40202726
NAIROBI,NAIROBI,DAGORETTI,BELLEZA (PWANI OIL PRODUCTS),147.7129792,1,0.164759471,,1,1,
NAIROBI,NAIROBI,DAGORETTI,DETREX,1639.378,0.126715144,0.052365467,67.19783718,0.126747553,0.126715144,42.11390223
NAIROBI,NAIROBI,DAGORETTI,DIVA (PWANI OIL PRODUCTS),190.8,1,0.457553957,48.75881265,1,1,73.13821898
NAIROBI,NAIROBI,DAGORETTI,FRESCO (PWANI OIL PRODUCTS),114.8436042,1,0.230139721,,1,1,
NAIROBI,NAIROBI,DAGORETTI,FRESH FRI,13076.8705,0.454869676,0.073341756,37.81685091,0.457777253,0.454869676,36.11016418
NAIROBI,NAIROBI,DAGORETTI,FRYMATE,96,0.856502242,0.215730337,44.10888076,0.857142857,0.856502242,59.83379565
NAIROBI,NAIROBI,DAGORETTI,MPISHI POA,244.302,0.885133271,0.368304744,45.63081372,0.88556929,0.885133271,63.20475825
NAIROBI,NAIROBI,DAGORETTI,NDUME,11165.2,0.848342096,0.181059402,43.85208803,0.848342096,0.848342096,59.12761631
NAIROBI,NAIROBI,DAGORETTI,ONJA,379.75,1,0.201458886,46.39350444,1,1,69.59025666
NAIROBI,NAIROBI,DAGORETTI,POPCO,1038.838,0.010241214,0.008900468,46.23935775,0.010508865,0.010241214,23.59322603
NAIROBI,NAIROBI,DAGORETTI,POPCO BAR,670,0.315789474,0.117750439,,0.319047619,0.315789474,
NAIROBI,NAIROBI,DAGORETTI,SALIT,9063.300333,0.119953447,0.050527681,55.19586421,0.119958636,0.119953447,34.21886627
NAIROBI,NAIROBI,DAGORETTI,SAWA BODY WASH,3.11,0,0.024415136,,0.071494253,0,
NAIROBI,NAIROBI,DAGORETTI,SAWA CANDLES,200.6,0.39029282,0.080433039,,0.397542608,0.39029282,
NAIROBI,NAIROBI,DAGORETTI,SAWA GLYCERIN,115.6228681,0.436159774,0.103492649,,0.44611843,0.436159775,
NAIROBI,NAIROBI,DAGORETTI,SAWA MILKING JELLY,555.8891111,0.705208246,0.113023796,,0.705255931,0.705208245,
NAIROBI,NAIROBI,DAGORETTI,SAWA PETROLLEUM JELLY,65.34375,1,0.192307692,74.972525,1,1,112.4587875
NAIROBI,NAIROBI,DAGORETTI,SAWA SOAP,7513.0755,0.267354252,0.0864537,,0.26787675,0.267354252,
NAIROBI,NAIROBI,DAGORETTI,USHINDI BAR,910.325,0.489486249,0.069633446,64.68852176,0.490324926,0.489486249,64.00840276
NAIROBI,NAIROBI,DAGORETTI,USHINDI DETERGENT,0,0,,74.51829581,,0,37.25914791
NAIROBI,NAIROBI,DAGORETTI,USHINDI LIQUID DISHWASH,767.6781667,0.159340502,0.070571991,,0.160970889,0.159340502,
NAIROBI,NAIROBI,DAGORETTI,USHINDI PASTE DISHWASH,415.6,0.019111679,0.013692853,,0.01978407,0.019111679,
NAIROBI,NAIROBI,DAGORETTI,WHITE WASH (PWANI OIL PRODUCTS),7032.4,0.063256497,0.031153803,35.39564317,0.063549812,0.063256497,19.93682599
NAIROBI,NAIROBI,EMBAKASI CENTRAL,4U SOAP,6,0,0.000999958,,0.002192982,0,
NAIROBI,NAIROBI,EMBAKASI CENTRAL,AFRISENSE,8.3975,0.208163005,0.034129242,67.59199191,0.213188627,0.208163005,47.86614808
NAIROBI,NAIROBI,EMBAKASI CENTRAL,BELLEZA (PWANI OIL PRODUCTS),22.90895833,0.152232747,0.025552716,,0.155091032,0.152232747,
NAIROBI,NAIROBI,EMBAKASI CENTRAL,DETREX,1270.630722,0.098204606,0.040586839,67.19783718,0.098238072,0.098204606,40.19805571
NAIROBI,NAIROBI,EMBAKASI CENTRAL,DIVA (PWANI OIL PRODUCTS),31.2,0.160883281,0.074820144,48.75881265,0.163522013,0.160883281,32.22388407
NAIROBI,NAIROBI,EMBAKASI CENTRAL,FRESCO (PWANI OIL PRODUCTS),19.62202083,0.169417897,0.039321357,,0.17085863,0.169417897,
NAIROBI,NAIROBI,EMBAKASI CENTRAL,FRESH FRI,4444.534167,0.151060178,0.024927213,37.81685091,0.155588192,0.151060178,24.6210457
NAIROBI,NAIROBI,EMBAKASI CENTRAL,FRYMATE,12,0.103139013,0.026966292,44.10888076,0.107142857,0.103139013,26.60378683
NAIROBI,NAIROBI,EMBAKASI CENTRAL,MPISHI POA,6.283,0.019051668,0.009472123,45.63081372,0.02277522,0.019051668,23.68474997
NAIROBI,NAIROBI,EMBAKASI CENTRAL,NDUME,223.6,0.016989332,0.003625988,43.85208803,0.016989332,0.016989332,22.67106171
NAIROBI,NAIROBI,EMBAKASI CENTRAL,ONJA,16,0.041501976,0.008488064,46.39350444,0.042132982,0.041501976,25.12217434
NAIROBI,NAIROBI,EMBAKASI CENTRAL,POPCO,26.732,0,0.000229032,46.23935775,0.00027042,0,23.11967888
NAIROBI,NAIROBI,EMBAKASI CENTRAL,POPCO LAUNDRY SOAP,36,1,0.545454545,,1,1,
NAIROBI,NAIROBI,EMBAKASI CENTRAL,RAINBOW WASHING POWDER,4,0,0.195121951,,0.333333333,0,
NAIROBI,NAIROBI,EMBAKASI CENTRAL,SALIT,1029.554833,0.013621007,0.005739743,55.19586421,0.013626823,0.013621007,28.34975537
NAIROBI,NAIROBI,EMBAKASI CENTRAL,SAWA CANDLES,13.2,0.014440433,0.005292702,,0.026159334,0.014440433,
NAIROBI,NAIROBI,EMBAKASI CENTRAL,SAWA GLYCERIN,92.30725,0.34458149,0.082623118,,0.35615762,0.34458149,
NAIROBI,NAIROBI,EMBAKASI CENTRAL,SAWA HANDWASH,2.056666667,0,0.142857143,,0.333333333,0,
NAIROBI,NAIROBI,EMBAKASI CENTRAL,SAWA MILKING JELLY,146.6955,0.185980752,0.02982624,,0.186112427,0.185980752,
NAIROBI,NAIROBI,EMBAKASI CENTRAL,SAWA PETROLLEUM JELLY,13.515,0.203201568,0.039774859,74.972525,0.206829268,0.203201568,52.72079715
NAIROBI,NAIROBI,EMBAKASI CENTRAL,SAWA SOAP,2691.4035,0.095316101,0.030970245,,0.095961291,0.095316101,
NAIROBI,NAIROBI,EMBAKASI CENTRAL,USHINDI BAR,337.425,0.180399509,0.025810634,64.68852176,0.181745957,0.180399509,44.01403845
NAIROBI,NAIROBI,EMBAKASI CENTRAL,USHINDI DETERGENT,0,0,,74.51829581,,0,37.25914791
NAIROBI,NAIROBI,EMBAKASI CENTRAL,USHINDI LIQUID DISHWASH,45.03983333,0.007519363,0.004140473,,0.009444195,0.007519363,
NAIROBI,NAIROBI,EMBAKASI CENTRAL,USHINDI PASTE DISHWASH,18.8,0.0002096,0.000619407,,0.000894948,0.0002096,
NAIROBI,NAIROBI,EMBAKASI CENTRAL,WHITE WASH (PWANI OIL PRODUCTS),13534.55,0.122032994,0.059958578,35.39564317,0.122307905,0.122032994,22.01725791
NAIROBI,NAIROBI,EMBAKASI EAST,4U SOAP,264,0.094505495,0.043998167,,0.096491228,0.094505495,
NAIROBI,NAIROBI,EMBAKASI EAST,AFRISENSE,5.1925,0.126277466,0.021103434,67.59199191,0.131822798,0.126277466,42.33134138
NAIROBI,NAIROBI,EMBAKASI EAST,BELLEZA (PWANI OIL PRODUCTS),113.4491458,0.767253045,0.126541495,,0.768037761,0.767253044,
NAIROBI,NAIROBI,EMBAKASI EAST,DETREX,372.308,0.028748732,0.011892365,67.19783718,0.028784776,0.028748732,35.53077118
NAIROBI,NAIROBI,EMBAKASI EAST,DIRIA,3960,0.505202017,0.29069554,46.10392559,0.505359877,0.505202017,46.34375899
NAIROBI,NAIROBI,EMBAKASI EAST,DIVA (PWANI OIL PRODUCTS),5.8,0.027339642,0.013908873,48.75881265,0.030398323,0.027339642,25.71245483
NAIROBI,NAIROBI,EMBAKASI EAST,DIVA GLYCERIN,8.904958333,0.552300416,0.201142688,,0.562923571,0.552300416,
NAIROBI,NAIROBI,EMBAKASI EAST,FRESCO (PWANI OIL PRODUCTS),27.59035417,0.238922676,0.055289421,,0.240242845,0.238922676,
NAIROBI,NAIROBI,EMBAKASI EAST,FRESH FRI,14880.21983,0.51833739,0.083455858,37.81685091,0.520906448,0.51833739,38.51031326
NAIROBI,NAIROBI,EMBAKASI EAST,FRYMATE,16.5,0.143497758,0.037078652,44.10888076,0.147321429,0.143497758,28.38396587
NAIROBI,NAIROBI,EMBAKASI EAST,MPISHI POA,1.047166667,0,0.001578687,45.63081372,0.00379587,0,22.81540686
NAIROBI,NAIROBI,EMBAKASI EAST,NDUME,1164.2,0.08845698,0.018879138,43.85208803,0.08845698,0.08845698,25.80506727
NAIROBI,NAIROBI,EMBAKASI EAST,ONJA,171.75,0.451910408,0.091114058,46.39350444,0.452271231,0.451910408,44.16245976
NAIROBI,NAIROBI,EMBAKASI EAST,POPCO,2669.326,0.02673966,0.022870025,46.23935775,0.02700285,0.02673966,24.3561036
NAIROBI,NAIROBI,EMBAKASI EAST,POPCO BAR,90,0.038277512,0.015817223,,0.042857143,0.038277512,
NAIROBI,NAIROBI,EMBAKASI EAST,SALIT,10908.54167,0.144376552,0.060814857,55.19586421,0.144381597,0.144376552,35.56692068
NAIROBI,NAIROBI,EMBAKASI EAST,SAWA CANDLES,135.8,0.260328921,0.054450682,,0.269124059,0.260328921,
NAIROBI,NAIROBI,EMBAKASI EAST,SAWA GLYCERIN,47.66670833,0.169243904,0.042665902,,0.18391688,0.169243904,
NAIROBI,NAIROBI,EMBAKASI EAST,SAWA MILKING JELLY,390.1719444,0.494929036,0.079330056,,0.495010736,0.494929036,
NAIROBI,NAIROBI,EMBAKASI EAST,SAWA PETROLLEUM JELLY,13.6425,0.205161712,0.040150094,74.972525,0.208780488,0.205161712,52.86775407
NAIROBI,NAIROBI,EMBAKASI EAST,SAWA SOAP,1684.791417,0.059399995,0.019387061,,0.060070799,0.059399995,
NAIROBI,NAIROBI,EMBAKASI EAST,USHINDI BAR,676.675,0.363429142,0.051760868,64.68852176,0.364474907,0.363429142,55.85395483
NAIROBI,NAIROBI,EMBAKASI EAST,USHINDI DETERGENT,0,0,,74.51829581,,0,37.25914791
NAIROBI,NAIROBI,EMBAKASI EAST,USHINDI LIQUID DISHWASH,1263.273333,0.263461497,0.116131627,,0.264889951,0.263461497,
NAIROBI,NAIROBI,EMBAKASI EAST,USHINDI PASTE DISHWASH,742.8,0.034698272,0.024473174,,0.035359979,0.034698272,
NAIROBI,NAIROBI,EMBAKASI EAST,WHITE WASH (PWANI OIL PRODUCTS),7141.9,0.064246328,0.031638892,35.39564317,0.064539333,0.064246328,19.97186167
NAIROBI,NAIROBI,EMBAKASI NORTH,4U SOAP,168,0.059340659,0.027998833,,0.061403509,0.059340659,
NAIROBI,NAIROBI,EMBAKASI NORTH,AFRISENSE,5.4,0.131578947,0.021946759,67.59199191,0.137090632,0.131578947,42.6896791
NAIROBI,NAIROBI,EMBAKASI NORTH,BELLEZA (PWANI OIL PRODUCTS),8.466354167,0.054127199,0.009443395,,0.057316251,0.054127199,
NAIROBI,NAIROBI,EMBAKASI NORTH,DETREX,211.12,0.016286113,0.006743654,67.19783718,0.01632262,0.016286113,34.69331016
NAIROBI,NAIROBI,EMBAKASI NORTH,DIVA (PWANI OIL PRODUCTS),1.2,0.003154574,0.002877698,48.75881265,0.006289308,0.003154574,24.53321961
NAIROBI,NAIROBI,EMBAKASI NORTH,DIVA GLYCERIN,2.064486111,0.109372625,0.04663203,,0.130505708,0.109372625,
NAIROBI,NAIROBI,EMBAKASI NORTH,FRESCO (PWANI OIL PRODUCTS),4.781,0.039965248,0.009580838,,0.041630529,0.039965248,
NAIROBI,NAIROBI,EMBAKASI NORTH,FRESH FRI,1154.352833,0.035264373,0.006474199,37.81685091,0.04041001,0.035264373,20.24201298
NAIROBI,NAIROBI,EMBAKASI NORTH,NDUME,3170,0.240859496,0.051406003,43.85208803,0.240859496,0.240859496,32.48823584
NAIROBI,NAIROBI,EMBAKASI NORTH,ONJA,200,0.526350461,0.106100796,46.39350444,0.526662278,0.526350461,47.61599468
NAIROBI,NAIROBI,EMBAKASI NORTH,POPCO,139.002,0.001136028,0.00119093,46.23935775,0.001406142,0.001136028,23.1722081
NAIROBI,NAIROBI,EMBAKASI NORTH,POPCO BAR,90,0.038277512,0.015817223,,0.042857143,0.038277512,
NAIROBI,NAIROBI,EMBAKASI NORTH,SALIT,429.9115,0.005684294,0.002396746,55.19586421,0.005690156,0.005684294,27.9116816
NAIROBI,NAIROBI,EMBAKASI NORTH,SAWA CANDLES,12,0.012033694,0.004811548,,0.023781213,0.012033694,
NAIROBI,NAIROBI,EMBAKASI NORTH,SAWA GLYCERIN,14.52670833,0.03907775,0.013002683,,0.056049745,0.03907775,
NAIROBI,NAIROBI,EMBAKASI NORTH,SAWA MILKING JELLY,103.348,0.130976927,0.021012794,,0.131117499,0.130976927,
NAIROBI,NAIROBI,EMBAKASI NORTH,SAWA PETROLLEUM JELLY,1.36,0.016334531,0.004002502,74.972525,0.020813008,0.016334531,38.71090355
NAIROBI,NAIROBI,EMBAKASI NORTH,SAWA SOAP,1005.573,0.035165356,0.011571228,,0.035853443,0.035165356,
NAIROBI,NAIROBI,EMBAKASI NORTH,USHINDI BAR,190.475,0.10111814,0.014569995,64.68852176,0.102594832,0.10111814,38.88544386
NAIROBI,NAIROBI,EMBAKASI NORTH,USHINDI DETERGENT,0,0,,74.51829581,,0,37.25914791
NAIROBI,NAIROBI,EMBAKASI NORTH,USHINDI LIQUID DISHWASH,77.693,0.014379559,0.00714225,,0.016291086,0.014379559,
NAIROBI,NAIROBI,EMBAKASI NORTH,USHINDI PASTE DISHWASH,67.2,0.002515196,0.002214051,,0.003198964,0.002515196,
NAIROBI,NAIROBI,EMBAKASI NORTH,WHITE WASH (PWANI OIL PRODUCTS),1253.165,0.011014825,0.005551569,35.39564317,0.011324498,0.011014825,18.0876984
NAIROBI,NAIROBI,EMBAKASI SOUTH,4U SOAP,330,0.118681319,0.054997708,,0.120614035,0.118681319,
NAIROBI,NAIROBI,EMBAKASI SOUTH,AFRISENSE,23.875,0.603602453,0.097033123,67.59199191,0.606118304,0.603602453,74.59468806
NAIROBI,NAIROBI,EMBAKASI SOUTH,BELLEZA (PWANI OIL PRODUCTS),89.84295833,0.606901218,0.100211088,,0.608226568,0.606901218,
NAIROBI,NAIROBI,EMBAKASI SOUTH,DETREX,1690.119833,0.130638365,0.053986277,67.19783718,0.130670628,0.130638365,42.37753418
NAIROBI,NAIROBI,EMBAKASI SOUTH,DIRIA,7836,1,0.575224812,46.10392559,1,1,69.15588839
NAIROBI,NAIROBI,EMBAKASI SOUTH,DIVA (PWANI OIL PRODUCTS),7,0.033648791,0.016786571,48.75881265,0.036687631,0.033648791,26.02008141
NAIROBI,NAIROBI,EMBAKASI SOUTH,FRESCO (PWANI OIL PRODUCTS),53.188625,0.462206777,0.106586826,,0.463139636,0.462206777,
NAIROBI,NAIROBI,EMBAKASI SOUTH,FRESH FRI,11175.43183,0.387949771,0.062677519,37.81685091,0.391214281,0.387949771,33.57946411
NAIROBI,NAIROBI,EMBAKASI SOUTH,NDUME,701.6,0.053308209,0.01137743,43.85208803,0.053308209,0.053308209,24.26372029
NAIROBI,NAIROBI,EMBAKASI SOUTH,ONJA,240,0.631752306,0.127320955,46.39350444,0.631994733,0.631752306,52.50595562
NAIROBI,NAIROBI,EMBAKASI SOUTH,POPCO,2772.824,0.027786927,0.023756766,46.23935775,0.028049834,0.027786927,24.40452855
NAIROBI,NAIROBI,EMBAKASI SOUTH,POPCO BAR,1040,0.492822967,0.182776801,,0.495238095,0.492822967,
NAIROBI,NAIROBI,EMBAKASI SOUTH,SALIT,9411.287833,0.124559314,0.052467703,55.19586421,0.124564476,0.124559314,34.47309106
NAIROBI,NAIROBI,EMBAKASI SOUTH,SAWA CANDLES,504.6,1,0.202325581,,1,1,
NAIROBI,NAIROBI,EMBAKASI SOUTH,SAWA GLYCERIN,259.1752778,1,0.231984698,,1,1,
NAIROBI,NAIROBI,EMBAKASI SOUTH,SAWA MILKING JELLY,303.0539444,0.384384639,0.061617158,,0.384484221,0.384384639,
NAIROBI,NAIROBI,EMBAKASI SOUTH,SAWA PETROLLEUM JELLY,42.2025,0.64423391,0.124202627,74.972525,0.645853659,0.64423391,85.78610546
NAIROBI,NAIROBI,EMBAKASI SOUTH,SAWA SOAP,4096.436,0.145447921,0.047138093,,0.146057359,0.145447921,
NAIROBI,NAIROBI,EMBAKASI SOUTH,USHINDI BAR,1101.575,0.592668024,0.084262723,64.68852176,0.593337193,0.592668024,70.68307928
NAIROBI,NAIROBI,EMBAKASI SOUTH,USHINDI DETERGENT,0,0,,74.51829581,,0,37.25914791
NAIROBI,NAIROBI,EMBAKASI SOUTH,USHINDI LIQUID DISHWASH,365.076,0.07475667,0.033561121,,0.0765511,0.07475667,
NAIROBI,NAIROBI,EMBAKASI SOUTH,USHINDI PASTE DISHWASH,976.6,0.045835636,0.032176228,,0.046489708,0.045835636,
NAIROBI,NAIROBI,EMBAKASI SOUTH,WHITE WASH (PWANI OIL PRODUCTS),6566.75,0.059047232,0.029090955,35.39564317,0.059341865,0.059047232,19.78783633
NAIROBI,NAIROBI,EMBAKASI WEST,4U SOAP,210,0.074725275,0.034998542,,0.076754386,0.074725275,
NAIROBI,NAIROBI,EMBAKASI WEST,AFRISENSE,29.0275,0.735245273,0.117973989,67.59199191,0.736925616,0.735245273,83.49268853
NAIROBI,NAIROBI,EMBAKASI WEST,BELLEZA (PWANI OIL PRODUCTS),50.89772917,0.342354533,0.05677147,,0.344571814,0.342354533,
NAIROBI,NAIROBI,EMBAKASI WEST,DETREX,889.9226944,0.068769295,0.028426158,67.19783718,0.068803853,0.068769295,38.22006646
NAIROBI,NAIROBI,EMBAKASI WEST,DIVA (PWANI OIL PRODUCTS),26.2,0.134595163,0.062829736,48.75881265,0.137316562,0.134595163,30.94210666
NAIROBI,NAIROBI,EMBAKASI WEST,DIVA GLYCERIN,5.265333333,0.316630859,0.118931864,,0.332846054,0.316630859,
NAIROBI,NAIROBI,EMBAKASI WEST,FRESCO (PWANI OIL PRODUCTS),33.06858333,0.286707211,0.066267465,,0.287944493,0.286707211,
NAIROBI,NAIROBI,EMBAKASI WEST,FRESH FRI,20894.73167,0.730014247,0.117188307,37.81685091,0.731454277,0.730014247,46.5152654
NAIROBI,NAIROBI,EMBAKASI WEST,FRYMATE,63,0.560538117,0.141573034,44.10888076,0.5625,0.560538117,46.77914933
NAIROBI,NAIROBI,EMBAKASI WEST,MPISHI POA,275.87,1,0.415896021,45.63081372,1,1,68.44622058
NAIROBI,NAIROBI,EMBAKASI WEST,NDUME,2044.55,0.155346777,0.03315525,43.85208803,0.155346777,0.155346777,28.73832455
NAIROBI,NAIROBI,EMBAKASI WEST,ONJA,164,0.431488801,0.087002653,46.39350444,0.431863068,0.431488801,43.21502983
NAIROBI,NAIROBI,EMBAKASI WEST,POPCO,620.096,0.006004082,0.005312806,46.23935775,0.006272879,0.006004082,23.39730378
NAIROBI,NAIROBI,EMBAKASI WEST,POPCO BAR,10,0,0.001757469,,0.004761905,0,
NAIROBI,NAIROBI,EMBAKASI WEST,RAINBOW WASHING POWDER,4.5,0.0625,0.219512195,,0.375,0.0625,
NAIROBI,NAIROBI,EMBAKASI WEST,SALIT,8874.8595,0.117459296,0.049477128,55.19586421,0.1174645,0.117459296,34.08119946
NAIROBI,NAIROBI,EMBAKASI WEST,SAWA BODY WASH,18.63,0.384253528,0.146255299,,0.428275862,0.384253528,
NAIROBI,NAIROBI,EMBAKASI WEST,SAWA CANDLES,103,0.194544725,0.041299118,,0.204122077,0.194544725,
NAIROBI,NAIROBI,EMBAKASI WEST,SAWA GLYCERIN,126.5173472,0.478950736,0.113244167,,0.488153609,0.478950735,
NAIROBI,NAIROBI,EMBAKASI WEST,SAWA HANDWASH,6.17,1,0.428571429,,1,1,
NAIROBI,NAIROBI,EMBAKASI WEST,SAWA MILKING JELLY,788.2090556,1,0.160259263,,1,1,
NAIROBI,NAIROBI,EMBAKASI WEST,SAWA PETROLLEUM JELLY,28.15625,0.428291408,0.08286429,74.972525,0.430894309,0.428291408,69.5963508
NAIROBI,NAIROBI,EMBAKASI WEST,SAWA SOAP,4629.397903,0.164464101,0.053270938,,0.165059976,0.164464101,
NAIROBI,NAIROBI,EMBAKASI WEST,USHINDI BAR,1117.75,0.60139464,0.085499996,64.68852176,0.602049473,0.60139464,71.24759113
NAIROBI,NAIROBI,EMBAKASI WEST,USHINDI DETERGENT,0,0,,74.51829581,,0,37.25914791
NAIROBI,NAIROBI,EMBAKASI WEST,USHINDI LIQUID DISHWASH,655.0710833,0.13568256,0.060220119,,0.13735883,0.13568256,
NAIROBI,NAIROBI,EMBAKASI WEST,USHINDI PASTE DISHWASH,839.8,0.039318992,0.027669052,,0.039977531,0.039318992,
NAIROBI,NAIROBI,EMBAKASI WEST,WHITE WASH (PWANI OIL PRODUCTS),13327.625,0.120162486,0.059041892,35.39564317,0.120437983,0.120162486,21.95105006
NAIROBI,NAIROBI,KAMUKUNJI,4U SOAP,762,0.276923077,0.126994709,,0.278508772,0.276923077,
NAIROBI,NAIROBI,KAMUKUNJI,AFRISENSE,39.39,1,0.160089413,67.59199191,1,1,101.3879879
NAIROBI,NAIROBI,KAMUKUNJI,BELLEZA (PWANI OIL PRODUCTS),36.7539375,0.246278755,0.040995445,,0.24881996,0.246278755,
NAIROBI,NAIROBI,KAMUKUNJI,DETREX,2748.130389,0.212440869,0.087781544,67.19783718,0.212470096,0.212440869,47.87448554
NAIROBI,NAIROBI,KAMUKUNJI,DIRIA,1680,0.21414438,0.123325381,46.10392559,0.2143951,0.21414438,32.92485935
NAIROBI,NAIROBI,KAMUKUNJI,DIVA (PWANI OIL PRODUCTS),19.2,0.097791798,0.046043165,48.75881265,0.100628931,0.097791798,29.14761829
NAIROBI,NAIROBI,KAMUKUNJI,DIVA GLYCERIN,0.375361111,0,0.008478551,,0.023728311,0,
NAIROBI,NAIROBI,KAMUKUNJI,FRESCO (PWANI OIL PRODUCTS),25.9966875,0.22502172,0.052095808,,0.226366002,0.22502172,
NAIROBI,NAIROBI,KAMUKUNJI,FRESH FRI,28566.012,1,0.160212757,37.81685091,1,1,56.72527637
NAIROBI,NAIROBI,KAMUKUNJI,FRYMATE,112,1,0.251685393,44.10888076,1,1,66.16332114
NAIROBI,NAIROBI,KAMUKUNJI,NDUME,10254,0.779108288,0.166283014,43.85208803,0.779108288,0.779108288,56.09156925
NAIROBI,NAIROBI,KAMUKUNJI,ONJA,67,0.175889328,0.035543767,46.39350444,0.176431863,0.175889328,31.35687454
NAIROBI,NAIROBI,KAMUKUNJI,POPCO,98853.492,1,0.846948571,46.23935775,1,1,69.35903663
NAIROBI,NAIROBI,KAMUKUNJI,POPCO BAR,80,0.033492823,0.014059754,,0.038095238,0.033492823,
NAIROBI,NAIROBI,KAMUKUNJI,POPCO LAUNDRY SOAP,10,0,0.151515152,,0.277777778,0,
NAIROBI,NAIROBI,KAMUKUNJI,SALIT,75553.546,1,0.421209196,55.19586421,1,1,82.79379632
NAIROBI,NAIROBI,KAMUKUNJI,SAWA BODY WASH,21.75,0.461500371,0.17074894,,0.5,0.461500371,
NAIROBI,NAIROBI,KAMUKUNJI,SAWA CANDLES,408,0.806257521,0.163592622,,0.808561237,0.806257521,
NAIROBI,NAIROBI,KAMUKUNJI,SAWA GLYCERIN,36.20304167,0.124217307,0.03240491,,0.139685552,0.124217307,
NAIROBI,NAIROBI,KAMUKUNJI,SAWA MILKING JELLY,745.5595556,0.94588187,0.151587735,,0.945890624,0.94588187,
NAIROBI,NAIROBI,KAMUKUNJI,SAWA PETROLLEUM JELLY,30.70625,0.467494283,0.090368981,74.972525,0.469918699,0.467494283,72.53548931
NAIROBI,NAIROBI,KAMUKUNJI,SAWA SOAP,11430.97383,0.407145591,0.131537343,,0.407568395,0.407145591,
NAIROBI,NAIROBI,KAMUKUNJI,USHINDI BAR,1856.575,1,0.142014901,64.68852176,1,1,97.03278264
NAIROBI,NAIROBI,KAMUKUNJI,USHINDI DETERGENT,0,0,,74.51829581,,0,37.25914791
NAIROBI,NAIROBI,KAMUKUNJI,USHINDI LIQUID DISHWASH,4769.049667,1,0.438414618,,1,1,
NAIROBI,NAIROBI,KAMUKUNJI,USHINDI PASTE DISHWASH,21006.8,1,0.692115078,,1,1,
NAIROBI,NAIROBI,KAMUKUNJI,WHITE WASH (PWANI OIL PRODUCTS),110659.65,1,0.490226512,35.39564317,1,1,53.09346476
NAIROBI,NAIROBI,KASARANI,4U SOAP,36,0.010989011,0.00599975,,0.013157895,0.010989011,
NAIROBI,NAIROBI,KASARANI,AFRISENSE,31.23,0.791517629,0.126925422,67.59199191,0.792840823,0.791517629,87.29624913
NAIROBI,NAIROBI,KASARANI,BELLEZA (PWANI OIL PRODUCTS),53.4874375,0.359945873,0.059660038,,0.362103844,0.359945873,
NAIROBI,NAIROBI,KASARANI,DETREX,394.6345,0.030474956,0.012605525,67.19783718,0.030510936,0.030474956,35.64676972
NAIROBI,NAIROBI,KASARANI,DIVA (PWANI OIL PRODUCTS),9.2,0.045215563,0.02206235,48.75881265,0.048218029,0.045215563,26.58406347
NAIROBI,NAIROBI,KASARANI,DIVA GLYCERIN,5.075083333,0.304311971,0.114634551,,0.320819472,0.304311971,
NAIROBI,NAIROBI,KASARANI,FRESCO (PWANI OIL PRODUCTS),29.283625,0.253692441,0.058682635,,0.25498699,0.253692441,
NAIROBI,NAIROBI,KASARANI,FRESH FRI,6739.371333,0.231825489,0.03779783,37.81685091,0.235922723,0.231825489,27.67533541
NAIROBI,NAIROBI,KASARANI,FRYMATE,1.5,0.00896861,0.003370787,44.10888076,0.013392857,0.00896861,22.45003572
NAIROBI,NAIROBI,KASARANI,NDUME,679,0.05159104,0.011010939,43.85208803,0.05159104,0.05159104,24.18841886
NAIROBI,NAIROBI,KASARANI,ONJA,153,0.402503294,0.081167109,46.39350444,0.402896643,0.402503294,41.87029057
NAIROBI,NAIROBI,KASARANI,POPCO,345.69,0.003227446,0.002961773,46.23935775,0.003496993,0.003227446,23.26891389
NAIROBI,NAIROBI,KASARANI,POPCO BAR,40,0.014354067,0.007029877,,0.019047619,0.014354067,
NAIROBI,NAIROBI,KASARANI,SALIT,1986.932333,0.026292592,0.0110771,55.19586421,0.026298333,0.026292592,29.04917443
NAIROBI,NAIROBI,KASARANI,SAWA BODY WASH,43.5,1,0.34149788,,1,1,
NAIROBI,NAIROBI,KASARANI,SAWA CANDLES,48.6,0.08543923,0.019486768,,0.096313912,0.08543923,
NAIROBI,NAIROBI,KASARANI,SAWA GLYCERIN,55.39603472,0.199602887,0.049584329,,0.213739656,0.199602886,
NAIROBI,NAIROBI,KASARANI,SAWA HANDWASH,6.17,1,0.428571429,,1,1,
NAIROBI,NAIROBI,KASARANI,SAWA MILKING JELLY,266.1525,0.337560241,0.054114328,,0.337667397,0.337560241,
NAIROBI,NAIROBI,KASARANI,SAWA PETROLLEUM JELLY,11.0925,0.165958837,0.032645403,74.972525,0.169756098,0.165958837,49.92861555
NAIROBI,NAIROBI,KASARANI,SAWA SOAP,2445.811958,0.086553349,0.028144199,,0.087204788,0.086553349,
NAIROBI,NAIROBI,KASARANI,USHINDI BAR,456.4,0.244588015,0.034911383,64.68852176,0.245829013,0.244588015,48.16629799
NAIROBI,NAIROBI,KASARANI,USHINDI DETERGENT,0,0,,74.51829581,,0,37.25914791
NAIROBI,NAIROBI,KASARANI,USHINDI LIQUID DISHWASH,130.1188333,0.025393851,0.011961712,,0.027284017,0.025393851,
NAIROBI,NAIROBI,KASARANI,USHINDI PASTE DISHWASH,104.4,0.004287266,0.003439687,,0.004969819,0.004287266,
NAIROBI,NAIROBI,KASARANI,WHITE WASH (PWANI OIL PRODUCTS),3646.875,0.032652881,0.016155797,35.39564317,0.032955779,0.032652881,18.85359132
NAIROBI,NAIROBI,KASARANI,,18.63,,,,,,
NAIROBI,NAIROBI,KIAMBU,AFRISENSE,0.625,0.009580991,0.002540134,67.59199191,0.015866971,0.009580991,34.44359424
NAIROBI,NAIROBI,KIAMBU,DETREX,0.48,0,1.53E-05,67.19783718,3.71E-05,0,33.59891859
NAIROBI,NAIROBI,KIAMBU,FRESCO (PWANI OIL PRODUCTS),0.199208333,0,0.000399202,,0.001734605,0,
NAIROBI,NAIROBI,KIAMBU,FRESH FRI,862.0658333,0.024977521,0.004834905,37.81685091,0.030178025,0.024977521,19.85299663
NAIROBI,NAIROBI,KIAMBU,ONJA,0.75,0.001317523,0.000397878,46.39350444,0.001974984,0.001317523,23.25787673
NAIROBI,NAIROBI,KIAMBU,POPCO,217.396,0.001929275,0.001862587,46.23935775,0.002199174,0.001929275,23.20888731
NAIROBI,NAIROBI,KIAMBU,SALIT,99.792,0.001314923,0.000556338,55.19586421,0.001320812,0.001314923,27.67051041
NAIROBI,NAIROBI,KIAMBU,SAWA MILKING JELLY,0.1275,0,2.59E-05,,0.000161759,0,
NAIROBI,NAIROBI,KIAMBU,SAWA SOAP,20.002,0,0.000230165,,0.000713166,0,
NAIROBI,NAIROBI,KIAMBU,WHITE WASH (PWANI OIL PRODUCTS),34.65,0,0.000153501,35.39564317,0.000313122,0,17.69782159
NAIROBI,NAIROBI,KIBRA,4U SOAP,60,0.01978022,0.009999583,,0.021929825,0.01978022,
NAIROBI,NAIROBI,KIBRA,AFRISENSE,3.39,0.080224834,0.013777687,67.59199191,0.086062452,0.080224834,39.21855228
NAIROBI,NAIROBI,KIBRA,BELLEZA (PWANI OIL PRODUCTS),30.08045833,0.200947226,0.033551828,,0.203641268,0.200947226,
NAIROBI,NAIROBI,KIBRA,DETREX,900,0.069548445,0.02874805,67.19783718,0.069582974,0.069548445,38.27242364
NAIROBI,NAIROBI,KIBRA,DIVA (PWANI OIL PRODUCTS),0.6,0,0.001438849,48.75881265,0.003144654,0,24.37940633
NAIROBI,NAIROBI,KIBRA,FRESCO (PWANI OIL PRODUCTS),18.62597917,0.1607298,0.037325349,,0.162185603,0.1607298,
NAIROBI,NAIROBI,KIBRA,FRESH FRI,8166.318333,0.282045967,0.045800876,37.81685091,0.285875338,0.282045966,29.57451572
NAIROBI,NAIROBI,KIBRA,FRYMATE,43.5,0.385650224,0.097752809,44.10888076,0.388392857,0.385650224,39.06504013
NAIROBI,NAIROBI,KIBRA,MPISHI POA,105.4448333,0.379872609,0.158966494,45.63081372,0.382226532,0.379872609,40.14930311
NAIROBI,NAIROBI,KIBRA,NDUME,6204.2,0.471400784,0.100609818,43.85208803,0.471400784,0.471400784,42.5979527
NAIROBI,NAIROBI,KIBRA,ONJA,21.75,0.056653491,0.011538462,46.39350444,0.057274523,0.056653491,25.82510623
NAIROBI,NAIROBI,KIBRA,POPCO BAR,550,0.258373206,0.096660808,,0.261904762,0.258373206,
NAIROBI,NAIROBI,KIBRA,POPCO LAUNDRY SOAP,10,0,0.151515152,,0.277777778,0,
NAIROBI,NAIROBI,KIBRA,SALIT,1865.784,0.024689106,0.010401701,55.19586421,0.024694857,0.024689106,28.96066864
NAIROBI,NAIROBI,KIBRA,SAWA CANDLES,202,0.393100682,0.080994387,,0.400317083,0.393100682,
NAIROBI,NAIROBI,KIBRA,SAWA GLYCERIN,44.32536111,0.156119875,0.039675102,,0.17102465,0.156119875,
NAIROBI,NAIROBI,KIBRA,SAWA MILKING JELLY,203.8862778,0.25855037,0.041454313,,0.258670306,0.25855037,
NAIROBI,NAIROBI,KIBRA,SAWA PETROLLEUM JELLY,9.69,0.144397256,0.028517824,74.972525,0.148292683,0.144397256,48.31208937
NAIROBI,NAIROBI,KIBRA,SAWA SOAP,2224.9175,0.078671794,0.025602345,,0.079328854,0.078671794,
NAIROBI,NAIROBI,KIBRA,USHINDI BAR,328.9,0.175800165,0.025158532,64.68852176,0.177154168,0.175800165,43.71651365
NAIROBI,NAIROBI,KIBRA,USHINDI DETERGENT,0,0,,74.51829581,,0,37.25914791
NAIROBI,NAIROBI,KIBRA,USHINDI LIQUID DISHWASH,82.637,0.015418258,0.007596748,,0.017327771,0.015418258,
NAIROBI,NAIROBI,KIBRA,USHINDI PASTE DISHWASH,100.8,0.004115775,0.003321077,,0.004798446,0.004115775,
NAIROBI,NAIROBI,KIBRA,WHITE WASH (PWANI OIL PRODUCTS),5484.875,0.049267571,0.024298208,35.39564317,0.049565266,0.049267571,19.44167893
NAIROBI,NAIROBI,KILIMANI,4U SOAP,108,0.037362637,0.01799925,,0.039473684,0.037362637,
NAIROBI,NAIROBI,KILIMANI,AFRISENSE,8,0.198007154,0.032513717,67.59199191,0.203097233,0.198007154,47.17969389
NAIROBI,NAIROBI,KILIMANI,BELLEZA (PWANI OIL PRODUCTS),38.845625,0.260487145,0.043328519,,0.262980445,0.260487145,
NAIROBI,NAIROBI,KILIMANI,DETREX,4133.858,0.319581566,0.13204484,67.19783718,0.319606817,0.319581567,55.07410866
NAIROBI,NAIROBI,KILIMANI,DIVA (PWANI OIL PRODUCTS),0.6,0,0.001438849,48.75881265,0.003144654,0,24.37940633
NAIROBI,NAIROBI,KILIMANI,FRESCO (PWANI OIL PRODUCTS),27.7895625,0.240660295,0.055688623,,0.24197745,0.240660295,
NAIROBI,NAIROBI,KILIMANI,FRESH FRI,7481.736167,0.25795254,0.04196139,37.81685091,0.261910419,0.25795254,28.66337819
NAIROBI,NAIROBI,KILIMANI,MPISHI POA,9.4245,0.030482669,0.014208185,45.63081372,0.03416283,0.030482669,24.20635583
NAIROBI,NAIROBI,KILIMANI,NDUME,300,0.022794274,0.004864921,43.85208803,0.022794274,0.022794274,22.92562053
NAIROBI,NAIROBI,KILIMANI,ONJA,26,0.067852437,0.013793103,46.39350444,0.068466096,0.067852437,26.34466458
NAIROBI,NAIROBI,KILIMANI,POPCO,32.074,5.41E-05,0.000274801,46.23935775,0.00032446,5.41E-05,23.12217831
NAIROBI,NAIROBI,KILIMANI,POPCO BAR,150,0.066985646,0.026362039,,0.071428571,0.066985646,
NAIROBI,NAIROBI,KILIMANI,SALIT,4266.11,0.056459159,0.02378346,55.19586421,0.056464722,0.056459159,30.71424417
NAIROBI,NAIROBI,KILIMANI,SAWA CANDLES,6,0,0.002405774,,0.011890606,0,
NAIROBI,NAIROBI,KILIMANI,SAWA GLYCERIN,54.80463194,0.197279995,0.049054972,,0.211457792,0.197279995,
NAIROBI,NAIROBI,KILIMANI,SAWA MILKING JELLY,141.3505556,0.179198529,0.028739502,,0.179331301,0.179198529,
NAIROBI,NAIROBI,KILIMANI,SAWA PETROLLEUM JELLY,18.2325,0.275726887,0.053658537,74.972525,0.27902439,0.275726887,58.1582034
NAIROBI,NAIROBI,KILIMANI,SAWA SOAP,3514.3385,0.124678574,0.04043984,,0.125302824,0.124678574,
NAIROBI,NAIROBI,KILIMANI,USHINDI BAR,219.575,0.116817955,0.01679594,64.68852176,0.118268855,0.116817955,39.9010417
NAIROBI,NAIROBI,KILIMANI,USHINDI DETERGENT,0,0,,74.51829581,,0,37.25914791
NAIROBI,NAIROBI,KILIMANI,USHINDI LIQUID DISHWASH,120.8938333,0.023455745,0.011113666,,0.02534967,0.023455745,
NAIROBI,NAIROBI,KILIMANI,USHINDI PASTE DISHWASH,79.6,0.003105886,0.002622597,,0.003789249,0.003105886,
NAIROBI,NAIROBI,KILIMANI,WHITE WASH (PWANI OIL PRODUCTS),5515.65,0.049545763,0.024434542,35.39564317,0.049843371,0.049545763,19.45152572
NAIROBI,NAIROBI,LANGATA,4U SOAP,48,0.015384615,0.007999667,,0.01754386,0.015384615,
NAIROBI,NAIROBI,LANGATA,AFRISENSE,18.6625,0.470426673,0.075848405,67.59199191,0.473787763,0.470426673,65.59307186
NAIROBI,NAIROBI,LANGATA,BELLEZA (PWANI OIL PRODUCTS),60.55933333,0.407983762,0.06754805,,0.409979771,0.407983762,
NAIROBI,NAIROBI,LANGATA,DETREX,675.9021667,0.052221808,0.021589855,67.19783718,0.052256981,0.052221808,37.10811117
NAIROBI,NAIROBI,LANGATA,DIVA (PWANI OIL PRODUCTS),6.8,0.032597266,0.016306954,48.75881265,0.035639413,0.032597266,25.96881031
NAIROBI,NAIROBI,LANGATA,FRESCO (PWANI OIL PRODUCTS),39.04483333,0.338835795,0.078243513,,0.339982654,0.338835795,
NAIROBI,NAIROBI,LANGATA,FRESH FRI,13182.6425,0.458592253,0.073934979,37.81685091,0.461479975,0.458592253,36.25094033
NAIROBI,NAIROBI,LANGATA,FRYMATE,1.5,0.00896861,0.003370787,44.10888076,0.013392857,0.00896861,22.45003572
NAIROBI,NAIROBI,LANGATA,MPISHI POA,11.51883333,0.038103336,0.01736556,45.63081372,0.04175457,0.038103336,24.55409307
NAIROBI,NAIROBI,LANGATA,NDUME,2580.4,0.196061149,0.041844811,43.85208803,0.196061149,0.196061149,30.5237348
NAIROBI,NAIROBI,LANGATA,ONJA,90,0.236495389,0.047745358,46.39350444,0.236998025,0.236495389,34.16860208
NAIROBI,NAIROBI,LANGATA,POPCO,3774.3,0.037920579,0.032337128,46.23935775,0.038180745,0.037920579,24.87310211
NAIROBI,NAIROBI,LANGATA,POPCO BAR,580,0.272727273,0.101933216,,0.276190476,0.272727273,
NAIROBI,NAIROBI,LANGATA,POPCO LAUNDRY SOAP,10,0,0.151515152,,0.277777778,0,
NAIROBI,NAIROBI,LANGATA,SALIT,10212.745,0.13516718,0.056935807,55.19586421,0.135172279,0.13516718,35.05860139
NAIROBI,NAIROBI,LANGATA,SAWA BODY WASH,18.64,0.384501114,0.146333804,,0.428505747,0.384501114,
NAIROBI,NAIROBI,LANGATA,SAWA CANDLES,153.8,0.296430004,0.061668003,,0.304795878,0.296430004,
NAIROBI,NAIROBI,LANGATA,SAWA GLYCERIN,42.45861806,0.148787746,0.038004202,,0.163822022,0.148787746,
NAIROBI,NAIROBI,LANGATA,SAWA MILKING JELLY,185.821,0.235627263,0.037781267,,0.235750907,0.235627263,
NAIROBI,NAIROBI,LANGATA,SAWA PETROLLEUM JELLY,10.73125,0.160405096,0.031582239,74.972525,0.164227642,0.160405096,49.5122376
NAIROBI,NAIROBI,LANGATA,SAWA SOAP,2677.8415,0.094832206,0.030814186,,0.095477741,0.094832206,
NAIROBI,NAIROBI,LANGATA,USHINDI BAR,1651.25,0.889224586,0.126308986,64.68852176,0.889406569,0.889224586,89.86688483
NAIROBI,NAIROBI,LANGATA,USHINDI DETERGENT,0,0,,74.51829581,,0,37.25914791
NAIROBI,NAIROBI,LANGATA,USHINDI LIQUID DISHWASH,1015.653417,0.211438326,0.093368142,,0.212967674,0.211438326,
NAIROBI,NAIROBI,LANGATA,USHINDI PASTE DISHWASH,2482.6,0.117575885,0.081794699,,0.11818078,0.117575885,
NAIROBI,NAIROBI,LANGATA,WHITE WASH (PWANI OIL PRODUCTS),7794.6,0.070146441,0.034530378,35.39564317,0.070437599,0.070146441,20.18069997
NAIROBI,NAIROBI,MAKADARA,AFRISENSE,3.625,0.086228922,0.014732778,67.59199191,0.092028434,0.086228922,39.62438054
NAIROBI,NAIROBI,MAKADARA,BELLEZA (PWANI OIL PRODUCTS),8.864770833,0.056833559,0.00988779,,0.060013486,0.056833559,
NAIROBI,NAIROBI,MAKADARA,DETREX,457.3663333,0.035325211,0.014609322,67.19783718,0.035361011,0.035325211,35.97269637
NAIROBI,NAIROBI,MAKADARA,DIRIA,2.5,0,0.00018352,46.10392559,0.00031904,0,23.0519628
NAIROBI,NAIROBI,MAKADARA,FRESCO (PWANI OIL PRODUCTS),5.6774375,0.047784535,0.011377246,,0.049436253,0.047784535,
NAIROBI,NAIROBI,MAKADARA,FRESH FRI,874.1126667,0.025401501,0.004902469,37.81685091,0.030599744,0.025401501,19.86903024
NAIROBI,NAIROBI,MAKADARA,FRYMATE,24,0.210762332,0.053932584,44.10888076,0.214285714,0.210762332,31.35093094
NAIROBI,NAIROBI,MAKADARA,NDUME,0.8,6.08E-05,1.30E-05,43.85208803,6.08E-05,6.08E-05,21.92870955
NAIROBI,NAIROBI,MAKADARA,ONJA,27.5,0.071805007,0.014588859,46.39350444,0.072416063,0.071805007,26.52803811
NAIROBI,NAIROBI,MAKADARA,POPCO,32.074,5.41E-05,0.000274801,46.23935775,0.00032446,5.41E-05,23.12217831
NAIROBI,NAIROBI,MAKADARA,SALIT,289.5903333,0.003827041,0.001614459,55.19586421,0.003832915,0.003827041,27.80916895
NAIROBI,NAIROBI,MAKADARA,SAWA GLYCERIN,9.331361111,0.018671643,0.00835239,,0.036004056,0.018671643,
NAIROBI,NAIROBI,MAKADARA,SAWA MILKING JELLY,26.15977778,0.033032467,0.005318826,,0.033188883,0.033032467,
NAIROBI,NAIROBI,MAKADARA,SAWA PETROLLEUM JELLY,5.355,0.077752369,0.01575985,74.972525,0.08195122,0.077752369,43.31555389
NAIROBI,NAIROBI,MAKADARA,SAWA SOAP,670.0937778,0.023195395,0.007710835,,0.023892019,0.023195395,
NAIROBI,NAIROBI,MAKADARA,USHINDI BAR,273.25,0.145776291,0.020901699,64.68852176,0.147179618,0.145776291,41.77431366
NAIROBI,NAIROBI,MAKADARA,USHINDI DETERGENT,0,0,,74.51829581,,0,37.25914791
NAIROBI,NAIROBI,MAKADARA,USHINDI LIQUID DISHWASH,26.62241667,0.003649995,0.002447376,,0.005582332,0.003649995,
NAIROBI,NAIROBI,MAKADARA,USHINDI PASTE DISHWASH,226,0.010079838,0.007446065,,0.010758421,0.010079838,
NAIROBI,NAIROBI,MAKADARA,WHITE WASH (PWANI OIL PRODUCTS),975.475,0.008504633,0.004321392,35.39564317,0.008815092,0.008504633,17.99884853
NAIROBI,NAIROBI,MATHARE,4U SOAP,84,0.028571429,0.013999417,,0.030701754,0.028571429,
NAIROBI,NAIROBI,MATHARE,AFRISENSE,0.25,0,0.001016054,67.59199191,0.006346789,0,33.79599596
NAIROBI,NAIROBI,MATHARE,BELLEZA (PWANI OIL PRODUCTS),4.980208333,0.030446549,0.005554938,,0.033715442,0.030446549,
NAIROBI,NAIROBI,MATHARE,DETREX,112.955,0.008696262,0.00360804,67.19783718,0.00873305,0.008696262,34.18328857
NAIROBI,NAIROBI,MATHARE,DIVA (PWANI OIL PRODUCTS),1.2,0.003154574,0.002877698,48.75881265,0.006289308,0.003154574,24.53321961
NAIROBI,NAIROBI,MATHARE,FRESCO (PWANI OIL PRODUCTS),3.58575,0.029539531,0.007185629,,0.031222897,0.029539531,
NAIROBI,NAIROBI,MATHARE,FRESH FRI,2359.460667,0.077677364,0.013233058,37.81685091,0.082596782,0.077677364,21.84593875
NAIROBI,NAIROBI,MATHARE,NDUME,5578,0.423821536,0.090455105,43.85208803,0.423821536,0.423821536,40.51150332
NAIROBI,NAIROBI,MATHARE,POPCO,304.714,0.002812821,0.002610703,46.23935775,0.003082481,0.002812821,23.24974192
NAIROBI,NAIROBI,MATHARE,POPCO BAR,150,0.066985646,0.026362039,,0.071428571,0.066985646,
NAIROBI,NAIROBI,MATHARE,SALIT,1557.478,0.020608453,0.008682902,55.19586421,0.020614228,0.020608453,28.73543346
NAIROBI,NAIROBI,MATHARE,SAWA CANDLES,7.2,0.002406739,0.002886929,,0.014268728,0.002406739,
NAIROBI,NAIROBI,MATHARE,SAWA GLYCERIN,14.72859722,0.039870722,0.013183392,,0.056828712,0.039870722,
NAIROBI,NAIROBI,MATHARE,SAWA MILKING JELLY,10.50672222,0.013170239,0.002136235,,0.013329867,0.013170239,
NAIROBI,NAIROBI,MATHARE,SAWA PETROLLEUM JELLY,10.85875,0.16236524,0.031957473,74.972525,0.166178862,0.16236524,49.65919452
NAIROBI,NAIROBI,MATHARE,SAWA SOAP,1286.430222,0.045186394,0.014803079,,0.045867335,0.045186394,
NAIROBI,NAIROBI,MATHARE,USHINDI BAR,132.9,0.070055705,0.010165913,64.68852176,0.071583426,0.070055705,36.87606086
NAIROBI,NAIROBI,MATHARE,USHINDI DETERGENT,0,0,,74.51829581,,0,37.25914791
NAIROBI,NAIROBI,MATHARE,USHINDI LIQUID DISHWASH,9.249166667,0,0.000850268,,0.001939415,0,
NAIROBI,NAIROBI,MATHARE,USHINDI PASTE DISHWASH,155.2,0.006707189,0.005113404,,0.007388084,0.006707189,
NAIROBI,NAIROBI,MATHARE,WHITE WASH (PWANI OIL PRODUCTS),1355.3,0.011938079,0.006004031,35.39564317,0.012247463,0.011938079,18.12037757
NAIROBI,NAIROBI,MAVOKO,4U SOAP,42,0.013186813,0.006999708,,0.015350877,0.013186813,
NAIROBI,NAIROBI,MAVOKO,BELLEZA (PWANI OIL PRODUCTS),0.498020833,0,0.000555494,,0.003371544,0,
NAIROBI,NAIROBI,MAVOKO,DIRIA,144,0.018063445,0.010570747,46.10392559,0.018376723,0.018063445,23.88475854
NAIROBI,NAIROBI,MAVOKO,DIVA GLYCERIN,3.013166667,0.170800692,0.068060559,,0.19047619,0.170800692,
NAIROBI,NAIROBI,MAVOKO,FRESCO (PWANI OIL PRODUCTS),0.697229167,0.004344049,0.001397206,,0.006071119,0.004344049,
NAIROBI,NAIROBI,MAVOKO,FRESH FRI,152.3633333,0,0.000854531,37.81685091,0.005333728,0,18.90842546
NAIROBI,NAIROBI,MAVOKO,ONJA,0.25,0,0.000132626,46.39350444,0.000658328,0,23.19675222
NAIROBI,NAIROBI,MAVOKO,POPCO,42.764,0.000162223,0.00036639,46.23935775,0.0004326,0.000162223,23.12717997
NAIROBI,NAIROBI,MAVOKO,SALIT,0.4455,0,2.48E-06,55.19586421,5.90E-06,0,27.59793211
NAIROBI,NAIROBI,MAVOKO,SAWA CANDLES,19.2,0.026474128,0.007698476,,0.038049941,0.026474128,
NAIROBI,NAIROBI,MAVOKO,SAWA GLYCERIN,4.577604167,0,0.004097359,,0.017662195,0,
NAIROBI,NAIROBI,MAVOKO,SAWA MILKING JELLY,14.10366667,0.017734417,0.002867568,,0.017893307,0.017734417,
NAIROBI,NAIROBI,MAVOKO,SAWA PETROLLEUM JELLY,0.2975,0,0.000875547,74.972525,0.004552846,0,37.4862625
NAIROBI,NAIROBI,MAVOKO,SAWA SOAP,51.569,0.001126316,0.00059341,,0.001838679,0.001126316,
NAIROBI,NAIROBI,MAVOKO,USHINDI BAR,3.05,0,0.000233304,64.68852176,0.00164281,0,32.34426088
NAIROBI,NAIROBI,MAVOKO,USHINDI DETERGENT,0,0,,74.51829581,,0,37.25914791
NAIROBI,NAIROBI,MAVOKO,USHINDI PASTE DISHWASH,14.4,0,0.00047444,,0.000685492,0,
NAIROBI,NAIROBI,MAVOKO,WHITE WASH (PWANI OIL PRODUCTS),44.1,8.54E-05,0.000195365,35.39564317,0.000398519,8.54E-05,17.70084521
NAIROBI,NAIROBI,ROYSAMBU,4U SOAP,258,0.092307692,0.042998208,,0.094298246,0.092307692,
NAIROBI,NAIROBI,ROYSAMBU,AFRISENSE,20.355,0.513668881,0.082727088,67.59199191,0.516755522,0.513668881,68.5158988
NAIROBI,NAIROBI,ROYSAMBU,BELLEZA (PWANI OIL PRODUCTS),84.46433333,0.570365359,0.094211754,,0.571813891,0.570365358,
NAIROBI,NAIROBI,ROYSAMBU,DETREX,945.41275,0.073059635,0.030198636,67.19783718,0.073094035,0.073059635,38.50836806
NAIROBI,NAIROBI,ROYSAMBU,DIVA (PWANI OIL PRODUCTS),34,0.175604627,0.081534772,48.75881265,0.178197065,0.175604627,32.94167942
NAIROBI,NAIROBI,ROYSAMBU,DIVA GLYCERIN,15.819125,1,0.357317934,,1,1,
NAIROBI,NAIROBI,ROYSAMBU,FRESCO (PWANI OIL PRODUCTS),30.37927083,0.263249348,0.060878244,,0.26452732,0.263249348,
NAIROBI,NAIROBI,ROYSAMBU,FRESH FRI,27152.8325,0.950264061,0.152286926,37.81685091,0.950529339,0.950264061,54.84441977
NAIROBI,NAIROBI,ROYSAMBU,FRYMATE,60,0.533632287,0.134831461,44.10888076,0.535714286,0.533632287,45.5923633
NAIROBI,NAIROBI,ROYSAMBU,NDUME,3262.8,0.247910525,0.052910885,43.85208803,0.247910525,0.247910525,32.79743818
NAIROBI,NAIROBI,ROYSAMBU,ONJA,185,0.486824769,0.098143236,46.39350444,0.487162607,0.486824769,45.78225932
NAIROBI,NAIROBI,ROYSAMBU,POPCO,926.6,0.009105509,0.007938845,46.23935775,0.009373468,0.009105509,23.54071179
NAIROBI,NAIROBI,ROYSAMBU,POPCO BAR,130,0.057416268,0.0228471,,0.061904762,0.057416268,
NAIROBI,NAIROBI,ROYSAMBU,SALIT,21911.534,0.290009124,0.122156273,55.19586421,0.290013311,0.290009124,43.60523634
NAIROBI,NAIROBI,ROYSAMBU,SAWA BODY WASH,21.75,0.461500371,0.17074894,,0.5,0.461500371,
NAIROBI,NAIROBI,ROYSAMBU,SAWA CANDLES,360,0.709987966,0.144346431,,0.713436385,0.709987966,
NAIROBI,NAIROBI,ROYSAMBU,SAWA GLYCERIN,69.29300694,0.254186937,0.062023343,,0.267359632,0.254186937,
NAIROBI,NAIROBI,ROYSAMBU,SAWA MILKING JELLY,401.3080556,0.509059694,0.081594258,,0.509139108,0.509059694,
NAIROBI,NAIROBI,ROYSAMBU,SAWA PETROLLEUM JELLY,30.6425,0.466514211,0.090181363,74.972525,0.468943089,0.466514211,72.46201085
NAIROBI,NAIROBI,ROYSAMBU,SAWA SOAP,7587.175,0.269998136,0.087306371,,0.270518748,0.269998136,
NAIROBI,NAIROBI,ROYSAMBU,USHINDI BAR,1231.8,0.662926046,0.094224017,64.68852176,0.663479795,0.662926046,75.22796685
NAIROBI,NAIROBI,ROYSAMBU,USHINDI DETERGENT,0,0,,74.51829581,,0,37.25914791
NAIROBI,NAIROBI,ROYSAMBU,USHINDI LIQUID DISHWASH,498.59675,0.102808423,0.045835569,,0.10454845,0.102808423,
NAIROBI,NAIROBI,ROYSAMBU,USHINDI PASTE DISHWASH,545.2,0.025285341,0.017962809,,0.025953501,0.025285341,
NAIROBI,NAIROBI,ROYSAMBU,WHITE WASH (PWANI OIL PRODUCTS),8843.381667,0.079626953,0.039176521,35.39564317,0.079915142,0.079626953,20.5162688
NAIROBI,NAIROBI,ROYSAMBU,,6.21,,,,,,
NAIROBI,NAIROBI,RUARAKA,4U SOAP,168,0.059340659,0.027998833,,0.061403509,0.059340659,
NAIROBI,NAIROBI,RUARAKA,AFRISENSE,6.525,0.160321921,0.026519,67.59199191,0.165651181,0.160321921,44.63247396
NAIROBI,NAIROBI,RUARAKA,BELLEZA (PWANI OIL PRODUCTS),16.53429167,0.108930988,0.018442395,,0.111935266,0.108930988,
NAIROBI,NAIROBI,RUARAKA,DETREX,328.48,0.02536007,0.010492399,67.19783718,0.025396239,0.02536007,35.30306042
NAIROBI,NAIROBI,RUARAKA,DIVA (PWANI OIL PRODUCTS),33,0.170347003,0.079136691,48.75881265,0.172955975,0.170347003,32.68532394
NAIROBI,NAIROBI,RUARAKA,DIVA GLYCERIN,3.754333333,0.218792015,0.084801823,,0.237328761,0.218792015,
NAIROBI,NAIROBI,RUARAKA,FRESCO (PWANI OIL PRODUCTS),8.565958333,0.072980017,0.017165669,,0.074588031,0.072980017,
NAIROBI,NAIROBI,RUARAKA,FRESH FRI,5615.3295,0.192265563,0.03149363,37.81685091,0.196573799,0.192265563,26.1793036
NAIROBI,NAIROBI,RUARAKA,MPISHI POA,3.1415,0.007620667,0.004736062,45.63081372,0.01138761,0.007620667,23.1631441
NAIROBI,NAIROBI,RUARAKA,NDUME,816.4,0.062030818,0.013239073,43.85208803,0.062030818,0.062030818,24.6462249
NAIROBI,NAIROBI,RUARAKA,ONJA,5.25,0.013175231,0.002785146,46.39350444,0.013824885,0.013175231,23.80799734
NAIROBI,NAIROBI,RUARAKA,POPCO,1138.648,0.011251163,0.009755612,46.23935775,0.011518541,0.011251163,23.63992543
NAIROBI,NAIROBI,RUARAKA,POPCO BAR,10,0,0.001757469,,0.004761905,0,
NAIROBI,NAIROBI,RUARAKA,SALIT,5771.938,0.076389883,0.032178415,55.19586421,0.076395329,0.076389883,31.81433771
NAIROBI,NAIROBI,RUARAKA,SAWA CANDLES,73,0.134376254,0.029270249,,0.144669045,0.134376254,
NAIROBI,NAIROBI,RUARAKA,SAWA GLYCERIN,27.69152083,0.090786048,0.02478635,,0.106844762,0.090786048,
NAIROBI,NAIROBI,RUARAKA,SAWA MILKING JELLY,156.4688333,0.198382175,0.031813362,,0.198511844,0.198382175,
NAIROBI,NAIROBI,RUARAKA,SAWA PETROLLEUM JELLY,9.18,0.136556681,0.027016886,74.972525,0.140487805,0.136556681,47.72426167
NAIROBI,NAIROBI,RUARAKA,SAWA SOAP,2147.822,0.075921012,0.024715199,,0.076580034,0.075921012,
NAIROBI,NAIROBI,RUARAKA,USHINDI BAR,489.675,0.262540295,0.037456686,64.68852176,0.263751801,0.262540295,49.32760446
NAIROBI,NAIROBI,RUARAKA,USHINDI DETERGENT,0,0,,74.51829581,,0,37.25914791
NAIROBI,NAIROBI,RUARAKA,USHINDI LIQUID DISHWASH,156.2333333,0.030880321,0.014362395,,0.032759846,0.030880321,
NAIROBI,NAIROBI,RUARAKA,USHINDI PASTE DISHWASH,386.8,0.017739753,0.012743974,,0.018413085,0.017739753,
NAIROBI,NAIROBI,RUARAKA,WHITE WASH (PWANI OIL PRODUCTS),2275.025,0.020251977,0.010078448,35.39564317,0.020558758,0.020251977,18.41465335
NAIROBI,NAIROBI,RUIRU,4U SOAP,42,0.013186813,0.006999708,,0.015350877,0.013186813,
NAIROBI,NAIROBI,RUIRU,DETREX,34.56,0.002634973,0.001103925,67.19783718,0.002671986,0.002634973,33.77598308
NAIROBI,NAIROBI,RUIRU,FRESH FRI,746.664,0.020916028,0.004187672,37.81685091,0.026138195,0.020916028,19.69940376
NAIROBI,NAIROBI,RUIRU,NDUME,360,0.027353129,0.005837906,43.85208803,0.027353129,0.027353129,23.12553583
NAIROBI,NAIROBI,RUIRU,POPCO,53.444,0.000270291,0.000457893,46.23935775,0.000540638,0.000270291,23.13217696
NAIROBI,NAIROBI,RUIRU,SALIT,5488.562,0.072639196,0.030598601,55.19586421,0.072644664,0.072639196,31.60731532
NAIROBI,NAIROBI,RUIRU,SAWA MILKING JELLY,33.29266667,0.042083419,0.00676909,,0.042238371,0.042083419,
NAIROBI,NAIROBI,RUIRU,SAWA SOAP,407.878,0.013839488,0.004693492,,0.014542784,0.013839488,
NAIROBI,NAIROBI,RUIRU,USHINDI BAR,35.5,0.017507182,0.0027155,64.68852176,0.019121231,0.017507182,33.47677462
NAIROBI,NAIROBI,RUIRU,USHINDI LIQUID DISHWASH,123.34,0.023969667,0.01133854,,0.025862595,0.023969667,
NAIROBI,NAIROBI,RUIRU,USHINDI PASTE DISHWASH,43.2,0.001371925,0.001423319,,0.002056477,0.001371925,
NAIROBI,NAIROBI,RUIRU,WHITE WASH (PWANI OIL PRODUCTS),189.2,0.001397062,0.000838163,35.39564317,0.001709747,0.001397062,17.7472715
NAIROBI,NAIROBI,STAREHE,4U SOAP,2736,1,0.455981001,,1,1,
NAIROBI,NAIROBI,STAREHE,AFRISENSE,9.0675,0.225281042,0.036852266,67.59199191,0.23019802,0.225281042,49.02319035
NAIROBI,NAIROBI,STAREHE,BELLEZA (PWANI OIL PRODUCTS),91.53622917,0.618403248,0.102099767,,0.619689818,0.618403248,
NAIROBI,NAIROBI,STAREHE,DETREX,12934.19844,1,0.413147757,67.19783718,1,1,100.7967558
NAIROBI,NAIROBI,STAREHE,DIVA (PWANI OIL PRODUCTS),49.2,0.255520505,0.117985612,48.75881265,0.257861635,0.255520505,36.83828274
NAIROBI,NAIROBI,STAREHE,FRESCO (PWANI OIL PRODUCTS),39.84166667,0.345786273,0.079840319,,0.346921075,0.345786273,
NAIROBI,NAIROBI,STAREHE,FRESH FRI,6115.2145,0.209858693,0.03429724,37.81685091,0.214073091,0.209858693,26.84462035
NAIROBI,NAIROBI,STAREHE,FRYMATE,0.5,0,0.001123596,44.10888076,0.004464286,0,22.05444038
NAIROBI,NAIROBI,STAREHE,NDUME,13161.2,1,0.213427345,43.85208803,1,1,65.77813204
NAIROBI,NAIROBI,STAREHE,ONJA,91.75,0.241106719,0.04867374,46.39350444,0.24160632,0.241106719,34.38253788
NAIROBI,NAIROBI,STAREHE,POPCO,3729.217,0.037464397,0.031950869,46.23935775,0.037724687,0.037464397,24.85200854
NAIROBI,NAIROBI,STAREHE,POPCO BAR,2100,1,0.369068541,,1,1,
NAIROBI,NAIROBI,STAREHE,SALIT,10567.306,0.139860051,0.058912476,55.19586421,0.139865123,0.139860051,35.3176285
NAIROBI,NAIROBI,STAREHE,SAWA CANDLES,230.6,0.450461292,0.092461909,,0.45699564,0.450461292,
NAIROBI,NAIROBI,STAREHE,SAWA GLYCERIN,71.62468056,0.263345204,0.064110397,,0.276356145,0.263345204,
NAIROBI,NAIROBI,STAREHE,SAWA MILKING JELLY,289.5505,0.367250062,0.058871627,,0.367352415,0.367250062,
NAIROBI,NAIROBI,STAREHE,SAWA PETROLLEUM JELLY,20.91,0.316889905,0.061538462,74.972525,0.32,0.316889905,61.24429884
NAIROBI,NAIROBI,STAREHE,SAWA SOAP,28046.76217,1,0.322736857,,1,1,
NAIROBI,NAIROBI,STAREHE,USHINDI BAR,1583.375,0.852605171,0.121117027,64.68852176,0.852847313,0.852605171,87.49802905
NAIROBI,NAIROBI,STAREHE,USHINDI DETERGENT,0,0,,74.51829581,,0,37.25914791
NAIROBI,NAIROBI,STAREHE,USHINDI LIQUID DISHWASH,722.4765833,0.149843973,0.066416649,,0.151492778,0.149843973,
NAIROBI,NAIROBI,STAREHE,USHINDI PASTE DISHWASH,2010.2,0.095072502,0.066230446,,0.095692823,0.095072502,
NAIROBI,NAIROBI,STAREHE,WHITE WASH (PWANI OIL PRODUCTS),27660.75,0.249727458,0.122538188,35.39564317,0.249962385,0.249727458,26.53708556
NAIROBI,NAIROBI,WESTLANDS,4U SOAP,42,0.013186813,0.006999708,,0.015350877,0.013186813,
NAIROBI,NAIROBI,WESTLANDS,AFRISENSE,8.695,0.215763924,0.035338346,67.59199191,0.220741305,0.215763924,48.37990939
NAIROBI,NAIROBI,WESTLANDS,BELLEZA (PWANI OIL PRODUCTS),36.65433333,0.245602165,0.040884346,,0.248145651,0.245602165,
NAIROBI,NAIROBI,WESTLANDS,DETREX,1567.014611,0.121120204,0.050054016,67.19783718,0.12115282,0.121120204,41.73793431
NAIROBI,NAIROBI,WESTLANDS,DIVA (PWANI OIL PRODUCTS),1,0.002103049,0.002398082,48.75881265,0.00524109,0.002103049,24.48194852
NAIROBI,NAIROBI,WESTLANDS,FRESCO (PWANI OIL PRODUCTS),16.23547917,0.139878367,0.03253493,,0.141370338,0.139878367,
NAIROBI,NAIROBI,WESTLANDS,FRESH FRI,4660.218833,0.158651061,0.026136883,37.81685091,0.163138587,0.158651061,24.90810896
NAIROBI,NAIROBI,WESTLANDS,FRYMATE,14.5,0.125560538,0.03258427,44.10888076,0.129464286,0.125560538,27.59277518
NAIROBI,NAIROBI,WESTLANDS,MPISHI POA,6.283,0.019051668,0.009472123,45.63081372,0.02277522,0.019051668,23.68474997
NAIROBI,NAIROBI,WESTLANDS,NDUME,0,0,0,43.85208803,0,0,21.92604402
NAIROBI,NAIROBI,WESTLANDS,ONJA,45.25,0.118577075,0.024005305,46.39350444,0.11915734,0.118577075,28.69795828
NAIROBI,NAIROBI,WESTLANDS,RAINBOW WASHING POWDER,12,1,0.585365854,,1,1,
NAIROBI,NAIROBI,WESTLANDS,SALIT,83.75466667,0.001102657,0.00046693,55.19586421,0.001108547,0.001102657,27.65879422
NAIROBI,NAIROBI,WESTLANDS,SAWA CANDLES,16.4,0.020858404,0.006575782,,0.032500991,0.020858404,
NAIROBI,NAIROBI,WESTLANDS,SAWA GLYCERIN,30.95788889,0.103615576,0.027710037,,0.119447693,0.103615576,
NAIROBI,NAIROBI,WESTLANDS,SAWA MILKING JELLY,156.6817778,0.198652381,0.031856658,,0.198782007,0.198652381,
NAIROBI,NAIROBI,WESTLANDS,SAWA PETROLLEUM JELLY,17.87125,0.270173146,0.052595372,74.972525,0.273495935,0.270173146,57.74182545
NAIROBI,NAIROBI,WESTLANDS,SAWA SOAP,2770.586625,0.098141369,0.031881413,,0.098784544,0.098141369,
NAIROBI,NAIROBI,WESTLANDS,USHINDI BAR,476.625,0.255499656,0.036458453,64.68852176,0.256722729,0.255499656,48.87215594
NAIROBI,NAIROBI,WESTLANDS,USHINDI DETERGENT,0,0,,74.51829581,,0,37.25914791
NAIROBI,NAIROBI,WESTLANDS,USHINDI LIQUID DISHWASH,49.24158333,0.00840212,0.004526736,,0.01032524,0.00840212,
NAIROBI,NAIROBI,WESTLANDS,USHINDI PASTE DISHWASH,135.6,0.005773518,0.004467639,,0.006455053,0.005773518,
NAIROBI,NAIROBI,WESTLANDS,WHITE WASH (PWANI OIL PRODUCTS),2395.75,0.021343277,0.010613265,35.39564317,0.021649716,0.021343277,18.4532806
NORTH EASTERN,GARISSA,BALAMBALA,AFRISENSE,3.81,0,0.036572196,,0.037960495,0,
NORTH EASTERN,GARISSA,BALAMBALA,BELLEZA (PWANI OIL PRODUCTS),4.781,0,0.043010753,,0.04494382,0,
NORTH EASTERN,GARISSA,BALAMBALA,DETREX,100.48,0,0.088956094,,0.097641939,0,
NORTH EASTERN,GARISSA,BALAMBALA,DIVA (PWANI OIL PRODUCTS),3.6,0,0.046632124,,0.048913043,0,
NORTH EASTERN,GARISSA,BALAMBALA,FRESCO (PWANI OIL PRODUCTS),2.3905,0,0.042328042,,0.044198895,0,
NORTH EASTERN,GARISSA,BALAMBALA,ONJA,1.25,0,0.084745763,,0.092592593,0,
NORTH EASTERN,GARISSA,BALAMBALA,SALIT,87.322,0,0.136109991,,0.157554769,0,
NORTH EASTERN,GARISSA,BALAMBALA,SAWA MILKING JELLY,4.284,0,0.030677461,,0.031648352,0,
NORTH EASTERN,GARISSA,BALAMBALA,SAWA PETROLLEUM JELLY,1.9125,0,0.058365759,,0.061983471,0,
NORTH EASTERN,GARISSA,BALAMBALA,SAWA SOAP,32.655,0,0.01411122,,0.014313197,0,
NORTH EASTERN,GARISSA,BALAMBALA,USHINDI BAR,108.7,0,0.0634967,,0.067801896,0,
NORTH EASTERN,GARISSA,BALAMBALA,USHINDI DETERGENT,0,0,,,,0,
NORTH EASTERN,GARISSA,BALAMBALA,USHINDI LIQUID DISHWASH,4.934,0,0.12,,0.136363636,0,
NORTH EASTERN,GARISSA,BALAMBALA,WHITE WASH (PWANI OIL PRODUCTS),181.8,0,0.017240071,,0.017542505,0,
NORTH EASTERN,GARISSA,DUJIS,AFRISENSE,100.3675,1,0.963427804,,1,1,
NORTH EASTERN,GARISSA,DUJIS,BELLEZA (PWANI OIL PRODUCTS),106.37725,1,0.956989247,,1,1,
NORTH EASTERN,GARISSA,DUJIS,DETREX,1029.066,1,0.911043906,,1,1,
NORTH EASTERN,GARISSA,DUJIS,DIVA (PWANI OIL PRODUCTS),73.6,1,0.953367876,,1,1,
NORTH EASTERN,GARISSA,DUJIS,FRESCO (PWANI OIL PRODUCTS),54.0850625,1,0.957671958,,1,1,
NORTH EASTERN,GARISSA,DUJIS,FRESH FRI,302.946,0,1,,1,0,
NORTH EASTERN,GARISSA,DUJIS,NDUME,0,0,,,,0,
NORTH EASTERN,GARISSA,DUJIS,ONJA,13.5,1,0.915254237,,1,1,
NORTH EASTERN,GARISSA,DUJIS,SALIT,554.2326667,1,0.863890009,,1,1,
NORTH EASTERN,GARISSA,DUJIS,SAWA CANDLES,2.4,0,1,,1,0,
NORTH EASTERN,GARISSA,DUJIS,SAWA GLYCERIN,16.38183333,0,1,,1,0,
NORTH EASTERN,GARISSA,DUJIS,SAWA MILKING JELLY,135.3625,1,0.969322539,,1,1,
NORTH EASTERN,GARISSA,DUJIS,SAWA PETROLLEUM JELLY,30.855,1,0.941634241,,1,1,
NORTH EASTERN,GARISSA,DUJIS,SAWA SOAP,2281.461,1,0.98588878,,1,1,
NORTH EASTERN,GARISSA,DUJIS,USHINDI BAR,1603.2,1,0.9365033,,1,1,
NORTH EASTERN,GARISSA,DUJIS,USHINDI DETERGENT,0,0,,,,0,
NORTH EASTERN,GARISSA,DUJIS,USHINDI LIQUID DISHWASH,36.18266667,1,0.88,,1,1,
NORTH EASTERN,GARISSA,DUJIS,WHITE WASH (PWANI OIL PRODUCTS),10363.4,1,0.982759929,,1,1,
LAKE,BUNGOMA,BUMULA,AFRISENSE,5.6275,0.018054238,0.001543054,62.1519591,0.018877735,0.018054238,32.19808583
LAKE,BUNGOMA,BUMULA,BELLEZA (PWANI OIL PRODUCTS),52.39179167,0.047580058,0.004487327,,0.047839927,0.047580058,
LAKE,BUNGOMA,BUMULA,DETREX,361.46975,0.093558377,0.006563377,64.44629121,0.093577149,0.093558377,38.25263599
LAKE,BUNGOMA,BUMULA,FRESCO (PWANI OIL PRODUCTS),18.32716667,0.032127096,0.002908539,,0.032468678,0.032127096,
LAKE,BUNGOMA,BUMULA,FRESH FRI,700.4306667,0.017360945,0.001506891,39.98659082,0.017382673,0.017360945,20.68750041
LAKE,BUNGOMA,BUMULA,FRYMATE,38,0.018325274,0.002561596,49.7624333,0.019323671,0.018325274,25.79312686
LAKE,BUNGOMA,BUMULA,MPISHI POA,43.981,0.016827782,0.003017334,49.67336696,0.017654317,0.016827782,25.67257608
LAKE,BUNGOMA,BUMULA,ONJA,9.25,0.006912442,0.0009468,53.79714347,0.007103091,0.006912442,27.27044139
LAKE,BUNGOMA,BUMULA,SALIT,1326.270833,0.020890622,0.001093824,33.40488856,0.020945733,0.020890622,17.40029319
LAKE,BUNGOMA,BUMULA,SAWA CANDLES,10.6,0.009159483,0.000677351,,0.00951526,0.009159483,
LAKE,BUNGOMA,BUMULA,SAWA GLYCERIN,91.32052083,0.029761342,0.002921796,,0.029781292,0.029761342,
LAKE,BUNGOMA,BUMULA,SAWA MILKING JELLY,51.38266667,0.011184446,0.001218657,,0.011202771,0.011184446,
LAKE,BUNGOMA,BUMULA,SAWA PETROLLEUM JELLY,2.06125,0.005995358,0.000714644,66.6946847,0.006251611,0.005995358,33.74720089
LAKE,BUNGOMA,BUMULA,SAWA SOAP,1821.631236,0.037392941,0.00615423,,0.037394324,0.037392941,
LAKE,BUNGOMA,BUMULA,USHINDI BAR,330.925,0.053043073,0.004004359,54.97061151,0.053122881,0.053043073,30.40111594
LAKE,BUNGOMA,BUMULA,USHINDI DETERGENT,0,0,,61.56176694,,0,30.78088347
LAKE,BUNGOMA,BUMULA,USHINDI LIQUID DISHWASH,0.412,0.000146659,2.61E-05,,0.000293274,0.000146659,
LAKE,BUNGOMA,BUMULA,USHINDI PASTE DISHWASH,2.2,0.00273307,0.0002101,,0.003338392,0.00273307,
LAKE,BUNGOMA,BUMULA,WHITE WASH (PWANI OIL PRODUCTS),4.5,0.000501501,9.11E-05,45.05765285,0.000654032,0.000501501,22.55142288
LAKE,BUNGOMA,KABUCHAI,AFRISENSE,19.285,0.063907471,0.005287926,62.1519591,0.064692513,0.063907471,35.04795407
LAKE,BUNGOMA,KABUCHAI,BELLEZA (PWANI OIL PRODUCTS),177.9926458,0.162299854,0.015244969,,0.162528422,0.162299854,
LAKE,BUNGOMA,KABUCHAI,DETREX,463.81,0.12005273,0.008421617,64.44629121,0.120070954,0.12005273,39.96009878
LAKE,BUNGOMA,KABUCHAI,FRESCO (PWANI OIL PRODUCTS),113.54875,0.200882613,0.018020297,,0.201164637,0.200882613,
LAKE,BUNGOMA,KABUCHAI,FRESH FRI,2894.093667,0.071802551,0.006226289,39.98659082,0.071823075,0.071802551,22.86443462
LAKE,BUNGOMA,KABUCHAI,FRYMATE,52,0.025451769,0.003505342,49.7624333,0.026442919,0.025451769,26.1477586
LAKE,BUNGOMA,KABUCHAI,MPISHI POA,200.0088333,0.079511271,0.013721685,49.67336696,0.080285109,0.079511271,28.78627603
LAKE,BUNGOMA,KABUCHAI,NDUME,0,0,0,15.33899468,0,0,7.66949734
LAKE,BUNGOMA,KABUCHAI,ONJA,105.5,0.080837174,0.010798639,53.79714347,0.08101363,0.080837174,31.24738076
LAKE,BUNGOMA,KABUCHAI,SALIT,3377.3955,0.053285761,0.002785462,33.40488856,0.053339048,0.053285761,18.48244918
LAKE,BUNGOMA,KABUCHAI,SAWA CANDLES,405,0.363326149,0.025879917,,0.363554758,0.363326149,
LAKE,BUNGOMA,KABUCHAI,SAWA GLYCERIN,270.8766806,0.088319093,0.008666687,,0.088337838,0.088319093,
LAKE,BUNGOMA,KABUCHAI,SAWA MILKING JELLY,245.8875,0.053592396,0.005831784,,0.053609935,0.053592396,
LAKE,BUNGOMA,KABUCHAI,SAWA PETROLLEUM JELLY,10.00875,0.030105725,0.003470073,66.6946847,0.030355762,0.030105725,35.35523416
LAKE,BUNGOMA,KABUCHAI,SAWA SOAP,2565.777167,0.052668741,0.008668265,,0.052670102,0.052668741,
LAKE,BUNGOMA,KABUCHAI,USHINDI BAR,1690.2,0.271263787,0.020452268,54.97061151,0.271325203,0.271263787,42.39684198
LAKE,BUNGOMA,KABUCHAI,USHINDI DETERGENT,0,0,,61.56176694,,0,30.78088347
LAKE,BUNGOMA,KABUCHAI,USHINDI LIQUID DISHWASH,0.412,0.000146659,2.61E-05,,0.000293274,0.000146659,
LAKE,BUNGOMA,KABUCHAI,USHINDI PASTE DISHWASH,4.8,0.006680838,0.0004584,,0.007283763,0.006680838,
LAKE,BUNGOMA,KABUCHAI,WHITE WASH (PWANI OIL PRODUCTS),45.5,0.006461366,0.000920834,45.05765285,0.006612988,0.006461366,22.81996042
LAKE,BUNGOMA,KANDUYI,4U SOAP,186,0.004034427,0.002900006,,0.004168347,0.004034427,
LAKE,BUNGOMA,KANDUYI,AFRISENSE,19.2675,0.063848717,0.005283128,62.1519591,0.064633809,0.063848717,35.0443024
LAKE,BUNGOMA,KANDUYI,BELLEZA (PWANI OIL PRODUCTS),184.9649375,0.168668122,0.015842142,,0.168894952,0.168668122,
LAKE,BUNGOMA,KANDUYI,DETREX,646.0345,0.167227915,0.011730353,64.44629121,0.167245162,0.167227915,43.00036451
LAKE,BUNGOMA,KANDUYI,DIVA (PWANI OIL PRODUCTS),1.4,0.004499438,0.001272866,54.30539415,0.007847534,0.004499438,27.39704081
LAKE,BUNGOMA,KANDUYI,FRESCO (PWANI OIL PRODUCTS),69.52370833,0.122859665,0.01103348,,0.123169225,0.122859665,
LAKE,BUNGOMA,KANDUYI,FRESH FRI,4295.078667,0.106571735,0.009240338,39.98659082,0.10659149,0.106571735,24.25473577
LAKE,BUNGOMA,KANDUYI,FRYMATE,505.5,0.256299313,0.034075972,49.7624333,0.257055683,0.256299313,37.63529411
LAKE,BUNGOMA,KANDUYI,MPISHI POA,397.1925,0.158728933,0.027249549,49.67336696,0.159436175,0.158728933,32.72128403
LAKE,BUNGOMA,KANDUYI,NDUME,2400,0.036197774,0.002473862,15.33899468,0.036197774,0.036197774,8.224734799
LAKE,BUNGOMA,KANDUYI,ONJA,106.75,0.081797235,0.010926585,53.79714347,0.081973507,0.081797235,31.29902932
LAKE,BUNGOMA,KANDUYI,POPCO,310.064,0.035876738,0.003364771,42.35977946,0.037760031,0.035876738,22.69962042
LAKE,BUNGOMA,KANDUYI,SALIT,8525.6305,0.13459617,0.0070314,33.40488856,0.13464488,0.13459617,21.19861433
LAKE,BUNGOMA,KANDUYI,SAWA BODY WASH,10.87,0.107780273,0.018873221,,0.144724287,0.107780273,
LAKE,BUNGOMA,KANDUYI,SAWA CANDLES,79.2,0.070761494,0.005060962,,0.071095153,0.070761494,
LAKE,BUNGOMA,KANDUYI,SAWA GLYCERIN,301.6302639,0.098348605,0.009650646,,0.098367144,0.098348605,
LAKE,BUNGOMA,KANDUYI,SAWA HANDWASH,55.5,0.126331597,0.014787654,,0.128408563,0.126331597,
LAKE,BUNGOMA,KANDUYI,SAWA MILKING JELLY,518.1863333,0.112961795,0.012289974,,0.112978234,0.112961795,
LAKE,BUNGOMA,KANDUYI,SAWA PETROLLEUM JELLY,3.1875,0.009412068,0.001105119,66.6946847,0.00966744,0.009412068,33.97507726
LAKE,BUNGOMA,KANDUYI,SAWA SOAP,4508.300694,0.092544791,0.015230919,,0.092546095,0.092544791,
LAKE,BUNGOMA,KANDUYI,USHINDI BAR,2040,0.327421375,0.024685024,54.97061151,0.327478058,0.327421375,45.48385894
LAKE,BUNGOMA,KANDUYI,USHINDI DETERGENT,0,0,,61.56176694,,0,30.78088347
LAKE,BUNGOMA,KANDUYI,USHINDI LIQUID DISHWASH,167.379,0.119016362,0.010605631,,0.119145547,0.119016362,
LAKE,BUNGOMA,KANDUYI,USHINDI PASTE DISHWASH,78.4,0.11843304,0.007487203,,0.118968134,0.11843304,
LAKE,BUNGOMA,KANDUYI,WHITE WASH (PWANI OIL PRODUCTS),60.375,0.008623635,0.001221875,45.05765285,0.008774926,0.008623635,22.91738715
LAKE,BUNGOMA,KIMILILI,4U SOAP,135,0.002891339,0.002104843,,0.003025413,0.002891339,
LAKE,BUNGOMA,KIMILILI,AFRISENSE,47.755,0.159491695,0.013094369,62.1519591,0.160196577,0.159491695,40.98870084
LAKE,BUNGOMA,KIMILILI,BELLEZA (PWANI OIL PRODUCTS),178.5902708,0.162845706,0.015296155,,0.163074125,0.162845706,
LAKE,BUNGOMA,KIMILILI,DETREX,555.91,0.143896036,0.01009392,64.44629121,0.143913766,0.143896036,41.49671144
LAKE,BUNGOMA,KIMILILI,DIVA (PWANI OIL PRODUCTS),19.2,0.104611924,0.01745645,54.30539415,0.107623318,0.104611924,32.83368881
LAKE,BUNGOMA,KIMILILI,FRESCO (PWANI OIL PRODUCTS),104.7835833,0.185348632,0.016629256,,0.185636139,0.185348632,
LAKE,BUNGOMA,KIMILILI,FRESH FRI,4767.514333,0.118296488,0.010256725,39.98659082,0.118315984,0.118296488,24.72356866
LAKE,BUNGOMA,KIMILILI,FRYMATE,630,0.319674217,0.04246857,49.7624333,0.320366133,0.319674217,40.78898357
LAKE,BUNGOMA,KIMILILI,MPISHI POA,1182.449667,0.474202512,0.081122429,49.67336696,0.47464454,0.474202512,48.39191886
LAKE,BUNGOMA,KIMILILI,NDUME,4366.775,0.065861472,0.004501165,15.33899468,0.065861472,0.065861472,8.679746114
LAKE,BUNGOMA,KIMILILI,ONJA,224.5,0.172235023,0.022979094,53.79714347,0.172393934,0.172235023,36.16432398
LAKE,BUNGOMA,KIMILILI,POPCO,596.898,0.070876153,0.006477453,42.35977946,0.072691079,0.070876153,24.18218795
LAKE,BUNGOMA,KIMILILI,SALIT,9129.332667,0.144130946,0.007529295,33.40488856,0.14417912,0.144130946,21.51712248
LAKE,BUNGOMA,KIMILILI,SAWA BODY WASH,17.085,0.194101715,0.029664119,,0.22747143,0.194101715,
LAKE,BUNGOMA,KIMILILI,SAWA CANDLES,166.8,0.149425287,0.010658692,,0.1497307,0.149425287,
LAKE,BUNGOMA,KIMILILI,SAWA GLYCERIN,277.4961806,0.090477877,0.008878477,,0.090496578,0.090477877,
LAKE,BUNGOMA,KIMILILI,SAWA HANDWASH,43.16,0.097712901,0.011499732,,0.099857902,0.097712901,
LAKE,BUNGOMA,KIMILILI,SAWA MILKING JELLY,442.0356667,0.096358642,0.010483886,,0.096375388,0.096358642,
LAKE,BUNGOMA,KIMILILI,SAWA PETROLLEUM JELLY,17.23375,0.052024239,0.00597501,66.6946847,0.052268626,0.052024239,36.81708259
LAKE,BUNGOMA,KIMILILI,SAWA SOAP,2791.349875,0.057299289,0.009430343,,0.057300643,0.057299289,
LAKE,BUNGOMA,KIMILILI,USHINDI BAR,1832.25,0.294068776,0.022171145,54.97061151,0.29412827,0.294068776,43.65044621
LAKE,BUNGOMA,KIMILILI,USHINDI DETERGENT,0,0,,61.56176694,,0,30.78088347
LAKE,BUNGOMA,KIMILILI,USHINDI LIQUID DISHWASH,210.966,0.150047486,0.013367433,,0.150172121,0.150047486,
LAKE,BUNGOMA,KIMILILI,USHINDI PASTE DISHWASH,184,0.278773155,0.017572007,,0.279210926,0.278773155,
LAKE,BUNGOMA,KIMILILI,WHITE WASH (PWANI OIL PRODUCTS),61.6,0.008801704,0.001246667,45.05765285,0.008952968,0.008801704,22.92541053
LAKE,BUNGOMA,KIMILILI,,18.63,,,,,,
LAKE,BUNGOMA,MT. ELGON,4U SOAP,108,0.002286175,0.001683874,,0.002420331,0.002286175,
LAKE,BUNGOMA,MT. ELGON,AFRISENSE,16.245,0.053701077,0.004454361,62.1519591,0.054494679,0.053701077,34.41360668
LAKE,BUNGOMA,MT. ELGON,BELLEZA (PWANI OIL PRODUCTS),137.8521667,0.125636827,0.01180696,,0.125875398,0.125636827,
LAKE,BUNGOMA,MT. ELGON,DETREX,313.818,0.081222054,0.005698142,64.44629121,0.081241083,0.081222054,37.45760578
LAKE,BUNGOMA,MT. ELGON,DIVA GLYCERIN,3.013166667,0.009944646,0.002103137,,0.011343721,0.009944646,
LAKE,BUNGOMA,MT. ELGON,FRESCO (PWANI OIL PRODUCTS),82.1734375,0.145278023,0.013041004,,0.145579672,0.145278023,
LAKE,BUNGOMA,MT. ELGON,FRESH FRI,3603.232,0.089401712,0.007751914,39.98659082,0.089421847,0.089401712,23.5681651
LAKE,BUNGOMA,MT. ELGON,FRYMATE,14.5,0.006362942,0.000977451,49.7624333,0.007373506,0.006362942,25.19785214
LAKE,BUNGOMA,MT. ELGON,MPISHI POA,241.415,0.096146015,0.016562372,49.67336696,0.096905868,0.096146015,29.61257975
LAKE,BUNGOMA,MT. ELGON,NDUME,1230,0.018551359,0.001267854,15.33899468,0.018551359,0.018551359,7.954056538
LAKE,BUNGOMA,MT. ELGON,ONJA,111.5,0.085445469,0.011412779,53.79714347,0.085621041,0.085445469,31.49529386
LAKE,BUNGOMA,MT. ELGON,POPCO,443.718,0.052185166,0.004815165,42.35977946,0.054036603,0.052185166,23.39044187
LAKE,BUNGOMA,MT. ELGON,SALIT,5377.27,0.084871462,0.004434832,33.40488856,0.084922971,0.084871462,19.53756602
LAKE,BUNGOMA,MT. ELGON,SAWA BODY WASH,40.37,0.517511979,0.070093093,,0.537490292,0.517511979,
LAKE,BUNGOMA,MT. ELGON,SAWA CANDLES,244.2,0.218929598,0.015604632,,0.219210054,0.218929598,
LAKE,BUNGOMA,MT. ELGON,SAWA GLYCERIN,208.3552778,0.067929301,0.006666317,,0.067948466,0.067929301,
LAKE,BUNGOMA,MT. ELGON,SAWA MILKING JELLY,431.67,0.094098612,0.010238041,,0.094115401,0.094098612,
LAKE,BUNGOMA,MT. ELGON,SAWA PETROLLEUM JELLY,18.5725,0.056085611,0.00643916,66.6946847,0.056328951,0.056085611,37.0879545
LAKE,BUNGOMA,MT. ELGON,SAWA SOAP,2111.802667,0.043349569,0.00713455,,0.043350944,0.043349569,
LAKE,BUNGOMA,MT. ELGON,USHINDI BAR,1998.325,0.320730787,0.024180736,54.97061151,0.320788034,0.320730787,45.11607325
LAKE,BUNGOMA,MT. ELGON,USHINDI DETERGENT,0,0,,61.56176694,,0,30.78088347
LAKE,BUNGOMA,MT. ELGON,USHINDI LIQUID DISHWASH,84.506,0.060016147,0.005354552,,0.060153983,0.060016147,
LAKE,BUNGOMA,MT. ELGON,USHINDI PASTE DISHWASH,45.2,0.068023079,0.004316602,,0.068588771,0.068023079,
LAKE,BUNGOMA,MT. ELGON,WHITE WASH (PWANI OIL PRODUCTS),65.975,0.009437665,0.001335209,45.05765285,0.009588832,0.009437665,22.95406545
LAKE,BUNGOMA,SIRISIA,AFRISENSE,17.4,0.057578835,0.004771061,62.1519591,0.058369185,0.057578835,34.65461696
LAKE,BUNGOMA,SIRISIA,BELLEZA (PWANI OIL PRODUCTS),96.11802083,0.087518195,0.008232454,,0.087767167,0.087518195,
LAKE,BUNGOMA,SIRISIA,DETREX,282.858,0.073206976,0.005135986,64.44629121,0.07322617,0.073206976,36.94106367
LAKE,BUNGOMA,SIRISIA,DIVA GLYCERIN,10.54608333,0.038344081,0.007360979,,0.039703024,0.038344081,
LAKE,BUNGOMA,SIRISIA,FRESCO (PWANI OIL PRODUCTS),57.969625,0.102383054,0.009199836,,0.102699841,0.102383054,
LAKE,BUNGOMA,SIRISIA,FRESH FRI,1816.625833,0.045062309,0.003908249,39.98659082,0.045083425,0.045062309,21.79518352
LAKE,BUNGOMA,SIRISIA,FRYMATE,51.5,0.025197251,0.003471637,49.7624333,0.02618866,0.025197251,26.13509318
LAKE,BUNGOMA,SIRISIA,MPISHI POA,63.87716667,0.024820979,0.004382318,49.67336696,0.025640794,0.024820979,26.06962507
LAKE,BUNGOMA,SIRISIA,ONJA,45.75,0.034946237,0.004682822,53.79714347,0.035131503,0.034946237,28.77857944
LAKE,BUNGOMA,SIRISIA,SALIT,2242.696,0.035364496,0.001849634,33.40488856,0.035418792,0.035364496,17.88379134
LAKE,BUNGOMA,SIRISIA,SAWA CANDLES,201.2,0.180316092,0.012856887,,0.180610413,0.180316092,
LAKE,BUNGOMA,SIRISIA,SAWA GLYCERIN,196.7414861,0.064141753,0.006294735,,0.064160996,0.064141753,
LAKE,BUNGOMA,SIRISIA,SAWA MILKING JELLY,152.0756667,0.033138573,0.003606822,,0.033156491,0.033138573,
LAKE,BUNGOMA,SIRISIA,SAWA PETROLLEUM JELLY,8.67,0.026044353,0.003005923,66.6946847,0.026295437,0.026044353,35.08436225
LAKE,BUNGOMA,SIRISIA,SAWA SOAP,1516.365,0.031126447,0.005122913,,0.031127839,0.031126447,
LAKE,BUNGOMA,SIRISIA,USHINDI BAR,1071.95,0.172008701,0.012971133,54.97061151,0.172078482,0.172008701,36.94072925
LAKE,BUNGOMA,SIRISIA,USHINDI DETERGENT,0,0,,61.56176694,,0,30.78088347
LAKE,BUNGOMA,SIRISIA,USHINDI LIQUID DISHWASH,3.914,0.002639856,0.000248003,,0.002786106,0.002639856,
LAKE,BUNGOMA,SIRISIA,USHINDI PASTE DISHWASH,8.4,0.012146978,0.0008022,,0.012746586,0.012146978,
LAKE,BUNGOMA,SIRISIA,WHITE WASH (PWANI OIL PRODUCTS),18.725,0.002569283,0.000378958,45.05765285,0.002721499,0.002569283,22.64459231
LAKE,BUNGOMA,TONGAREN,4U SOAP,228,0.004975793,0.003554846,,0.005109587,0.004975793,
LAKE,BUNGOMA,TONGAREN,AFRISENSE,15.9625,0.052752621,0.0043769,62.1519591,0.053547018,0.052752621,34.35465828
LAKE,BUNGOMA,TONGAREN,BELLEZA (PWANI OIL PRODUCTS),85.36077083,0.077692868,0.007311101,,0.07794452,0.077692868,
LAKE,BUNGOMA,TONGAREN,DETREX,326.573,0.084524132,0.00592974,64.44629121,0.084543092,0.084524132,37.67041245
LAKE,BUNGOMA,TONGAREN,DIVA (PWANI OIL PRODUCTS),4.8,0.023622047,0.004364112,54.30539415,0.02690583,0.023622047,28.43550166
LAKE,BUNGOMA,TONGAREN,DIVA GLYCERIN,4.51975,0.015624533,0.003154705,,0.017015582,0.015624533,
LAKE,BUNGOMA,TONGAREN,FRESCO (PWANI OIL PRODUCTS),105.5804167,0.186760812,0.016755714,,0.187047821,0.186760812,
LAKE,BUNGOMA,TONGAREN,FRESH FRI,4291.4055,0.106480575,0.009232435,39.98659082,0.106500333,0.106480575,24.25109061
LAKE,BUNGOMA,TONGAREN,FRYMATE,1288,0.654619496,0.086824632,49.7624333,0.65497076,0.654619496,57.45667566
LAKE,BUNGOMA,TONGAREN,MPISHI POA,1123.129,0.450370697,0.077052711,49.67336696,0.450832761,0.450370697,47.2081124
LAKE,BUNGOMA,TONGAREN,NDUME,4674.4,0.070501197,0.004818258,15.33899468,0.070501197,0.070501197,8.750914832
LAKE,BUNGOMA,TONGAREN,ONJA,188.75,0.144777266,0.019319839,53.79714347,0.144941447,0.144777266,34.68717507
LAKE,BUNGOMA,TONGAREN,POPCO,1200.844,0.144569498,0.013031389,42.35977946,0.146240474,0.144569498,27.3038218
LAKE,BUNGOMA,TONGAREN,SALIT,8349.62,0.131816288,0.006886238,33.40488856,0.131865154,0.131816288,21.10575268
LAKE,BUNGOMA,TONGAREN,SAWA BODY WASH,34.155,0.431190537,0.059302194,,0.454743149,0.431190537,
LAKE,BUNGOMA,TONGAREN,SAWA CANDLES,56.2,0.050107759,0.003591238,,0.050448833,0.050107759,
LAKE,BUNGOMA,TONGAREN,SAWA GLYCERIN,166.4261389,0.054255161,0.005324797,,0.054274607,0.054255161,
LAKE,BUNGOMA,TONGAREN,SAWA HANDWASH,55.51,0.126354788,0.014790318,,0.1284317,0.126354788,
LAKE,BUNGOMA,TONGAREN,SAWA MILKING JELLY,457.0614444,0.099634717,0.010840257,,0.099651403,0.099634717,
LAKE,BUNGOMA,TONGAREN,SAWA PETROLLEUM JELLY,15.1725,0.045771016,0.005260366,66.6946847,0.046017015,0.045771016,36.40002583
LAKE,BUNGOMA,TONGAREN,SAWA SOAP,1466.752167,0.030107997,0.0049553,,0.03010939,0.030107997,
LAKE,BUNGOMA,TONGAREN,USHINDI BAR,587.55,0.094242162,0.00710965,54.97061151,0.094318496,0.094242162,32.665855
LAKE,BUNGOMA,TONGAREN,USHINDI DETERGENT,0,0,,61.56176694,,0,30.78088347
LAKE,BUNGOMA,TONGAREN,USHINDI LIQUID DISHWASH,149.321,0.106160234,0.009461423,,0.106291304,0.106160234,
LAKE,BUNGOMA,TONGAREN,USHINDI PASTE DISHWASH,186.6,0.282720923,0.017820307,,0.283156297,0.282720923,
LAKE,BUNGOMA,TONGAREN,WHITE WASH (PWANI OIL PRODUCTS),109.725,0.015797277,0.002220626,45.05765285,0.015947474,0.015797277,23.24061466
LAKE,BUNGOMA,TONGAREN,,6.21,,,,,,
LAKE,BUNGOMA,WEBUYE EAST,AFRISENSE,0.6925,0.001485635,0.000189883,62.1519591,0.002323026,0.001485635,31.16831466
LAKE,BUNGOMA,WEBUYE EAST,BELLEZA (PWANI OIL PRODUCTS),29.88125,0.027019651,0.002559312,,0.02728513,0.027019651,
LAKE,BUNGOMA,WEBUYE EAST,DETREX,75.92,0.019633837,0.001378515,64.44629121,0.01965414,0.019633837,33.48847355
LAKE,BUNGOMA,WEBUYE EAST,DIVA (PWANI OIL PRODUCTS),9.6,0.050618673,0.008728225,54.30539415,0.053811659,0.050618673,29.90156405
LAKE,BUNGOMA,WEBUYE EAST,FRESCO (PWANI OIL PRODUCTS),4.980208333,0.00847308,0.000790364,,0.00882301,0.00847308,
LAKE,BUNGOMA,WEBUYE EAST,FRESH FRI,997.1748333,0.024725444,0.0021453,39.98659082,0.024747009,0.024725444,20.98198162
LAKE,BUNGOMA,WEBUYE EAST,FRYMATE,60.5,0.02977857,0.004078331,49.7624333,0.030765319,0.02977857,26.36307073
LAKE,BUNGOMA,WEBUYE EAST,MPISHI POA,199.4245,0.079276518,0.013681597,49.67336696,0.080050553,0.079276518,28.77461504
LAKE,BUNGOMA,WEBUYE EAST,NDUME,498.8,0.007523104,0.000514151,15.33899468,0.007523104,0.007523104,7.784894192
LAKE,BUNGOMA,WEBUYE EAST,ONJA,4.5,0.003264209,0.000460605,53.79714347,0.003455558,0.003264209,27.07417685
LAKE,BUNGOMA,WEBUYE EAST,POPCO,122.956,0.013045865,0.001334301,42.35977946,0.014973755,0.013045865,21.73250967
LAKE,BUNGOMA,WEBUYE EAST,SALIT,1372.163333,0.021615441,0.001131673,33.40488856,0.021670511,0.021615441,17.42450569
LAKE,BUNGOMA,WEBUYE EAST,SAWA CANDLES,9,0.007722701,0.000575109,,0.008078995,0.007722701,
LAKE,BUNGOMA,WEBUYE EAST,SAWA GLYCERIN,52.24297917,0.017017179,0.001671512,,0.017037391,0.017017179,
LAKE,BUNGOMA,WEBUYE EAST,SAWA MILKING JELLY,54.11766667,0.011780759,0.001283524,,0.011799073,0.011780759,
LAKE,BUNGOMA,WEBUYE EAST,SAWA PETROLLEUM JELLY,0.595,0.001547189,0.000206289,66.6946847,0.001804589,0.001547189,33.45053165
LAKE,BUNGOMA,WEBUYE EAST,SAWA SOAP,695.3018333,0.014271693,0.002349019,,0.014273109,0.014271693,
LAKE,BUNGOMA,WEBUYE EAST,USHINDI BAR,319.45,0.051200854,0.003865505,54.97061151,0.051280816,0.051200854,30.29984801
LAKE,BUNGOMA,WEBUYE EAST,USHINDI DETERGENT,0,0,,61.56176694,,0,30.78088347
LAKE,BUNGOMA,WEBUYE EAST,USHINDI LIQUID DISHWASH,0.206,0,1.31E-05,,0.000146637,0,
LAKE,BUNGOMA,WEBUYE EAST,USHINDI PASTE DISHWASH,1,0.000911023,9.55E-05,,0.001517451,0.000911023,
LAKE,BUNGOMA,WEBUYE EAST,WHITE WASH (PWANI OIL PRODUCTS),38.925,0.005505607,0.000787768,45.05765285,0.005657375,0.005505607,22.77689617
LAKE,BUNGOMA,WEBUYE WEST,AFRISENSE,1.8475,0.005363393,0.000506582,62.1519591,0.006197533,0.005363393,31.40932493
LAKE,BUNGOMA,WEBUYE WEST,BELLEZA (PWANI OIL PRODUCTS),57.47160417,0.052219796,0.00492241,,0.052478399,0.052219796,
LAKE,BUNGOMA,WEBUYE WEST,DETREX,144.084,0.037280472,0.002616201,64.44629121,0.03730041,0.037280472,34.62573376
LAKE,BUNGOMA,WEBUYE WEST,FRESCO (PWANI OIL PRODUCTS),14.44260417,0.025242718,0.002292055,,0.02558673,0.025242718,
LAKE,BUNGOMA,WEBUYE WEST,FRESH FRI,1647.248667,0.040858762,0.003543855,39.98659082,0.040879971,0.040858762,21.62709802
LAKE,BUNGOMA,WEBUYE WEST,FRYMATE,76,0.037668618,0.005123193,49.7624333,0.038647343,0.037668618,26.75569874
LAKE,BUNGOMA,WEBUYE WEST,MPISHI POA,116.6508333,0.046022565,0.008002877,49.67336696,0.046824556,0.046022565,27.12277924
LAKE,BUNGOMA,WEBUYE WEST,NDUME,597.2,0.009007213,0.000615579,15.33899468,0.009007213,0.009007213,7.807658928
LAKE,BUNGOMA,WEBUYE WEST,ONJA,2.5,0.001728111,0.000255892,53.79714347,0.001919754,0.001728111,26.99153915
LAKE,BUNGOMA,WEBUYE WEST,POPCO,80.17,0.007825127,0.000869994,42.35977946,0.009763216,0.007825127,21.51136039
LAKE,BUNGOMA,WEBUYE WEST,SALIT,2709.126833,0.042731231,0.002234316,33.40488856,0.042785112,0.042731231,18.1298763
LAKE,BUNGOMA,WEBUYE WEST,SAWA CANDLES,72.6,0.06483477,0.004639215,,0.065170557,0.06483477,
LAKE,BUNGOMA,WEBUYE WEST,SAWA GLYCERIN,91.72434028,0.029893038,0.002934716,,0.029912984,0.029893038,
LAKE,BUNGOMA,WEBUYE WEST,SAWA MILKING JELLY,53.04311111,0.011546474,0.001258039,,0.011564792,0.011546474,
LAKE,BUNGOMA,WEBUYE WEST,SAWA PETROLLEUM JELLY,0.425,0.00103146,0.000147349,66.6946847,0.001288992,0.00103146,33.41613522
LAKE,BUNGOMA,WEBUYE WEST,SAWA SOAP,1185.048069,0.024325185,0.004003586,,0.024326587,0.024325185,
LAKE,BUNGOMA,WEBUYE WEST,USHINDI BAR,716.9,0.115008268,0.00867485,54.97061151,0.115082853,0.115008268,33.80738057
LAKE,BUNGOMA,WEBUYE WEST,USHINDI DETERGENT,0,0,,61.56176694,,0,30.78088347
LAKE,BUNGOMA,WEBUYE WEST,USHINDI LIQUID DISHWASH,0.206,0,1.31E-05,,0.000146637,0,
LAKE,BUNGOMA,WEBUYE WEST,USHINDI PASTE DISHWASH,3.2,0.004251442,0.0003056,,0.004855842,0.004251442,
LAKE,BUNGOMA,WEBUYE WEST,WHITE WASH (PWANI OIL PRODUCTS),227.475,0.03291372,0.004603662,45.05765285,0.033061305,0.03291372,24.0118414
LAKE,BUSIA,ALEGO USONGA,4U SOAP,6,0,9.35E-05,,0.000134463,0,
LAKE,BUSIA,ALEGO USONGA,AFRISENSE,0.25,2.01E-17,6.85E-05,62.1519591,0.000838638,0,31.07597955
LAKE,BUSIA,ALEGO USONGA,BELLEZA (PWANI OIL PRODUCTS),0.597625,0.000272926,5.12E-05,,0.000545703,0.000272926,
LAKE,BUSIA,ALEGO USONGA,DETREX,1.44,0.000352084,2.61E-05,64.44629121,0.000372787,0.000352084,32.24583609
LAKE,BUSIA,ALEGO USONGA,FRESCO (PWANI OIL PRODUCTS),0.498020833,0.000529568,7.90E-05,,0.000882301,0.000529568,
LAKE,BUSIA,ALEGO USONGA,FRESH FRI,356.414,0.008823253,0.000766781,39.98659082,0.00884517,0.008823253,20.34610721
LAKE,BUSIA,ALEGO USONGA,FRYMATE,50,0.024433698,0.003370521,49.7624333,0.025425884,0.024433698,26.09709692
LAKE,BUSIA,ALEGO USONGA,NDUME,500,0.007541203,0.000515388,15.33899468,0.007541203,0.007541203,7.785171811
LAKE,BUSIA,ALEGO USONGA,ONJA,1.5,0.000960061,0.000153535,53.79714347,0.001151853,0.000960061,26.9502203
LAKE,BUSIA,ALEGO USONGA,SALIT,891,0.014016024,0.00073484,33.40488856,0.014071521,0.014016024,17.17064799
LAKE,BUSIA,ALEGO USONGA,SAWA CANDLES,4.8,0.003951149,0.000306725,,0.004308797,0.003951149,
LAKE,BUSIA,ALEGO USONGA,SAWA GLYCERIN,1.740166667,0.00054695,5.57E-05,,0.0005675,0.00054695,
LAKE,BUSIA,ALEGO USONGA,SAWA MILKING JELLY,1.8105,0.000376211,4.29E-05,,0.000394737,0.000376211,
LAKE,BUSIA,ALEGO USONGA,SAWA PETROLLEUM JELLY,0.17,0.000257865,5.89E-05,66.6946847,0.000515597,0.000257865,33.36454057
LAKE,BUSIA,ALEGO USONGA,SAWA SOAP,64.4,0.001320564,0.00021757,,0.001321999,0.001320564,
LAKE,BUSIA,ALEGO USONGA,USHINDI BAR,4.225,0.000594005,5.11E-05,54.97061151,0.000678233,0.000594005,27.51795859
LAKE,BUSIA,ALEGO USONGA,USHINDI DETERGENT,0,0,,61.56176694,,0,30.78088347
LAKE,BUSIA,ALEGO USONGA,USHINDI PASTE DISHWASH,0.4,0,3.82E-05,,0.00060698,0,
LAKE,BUSIA,ALEGO USONGA,WHITE WASH (PWANI OIL PRODUCTS),150.525,0.02172807,0.00304634,45.05765285,0.021877362,0.02172807,23.50784227
LAKE,BUSIA,BONDO,4U SOAP,6,0,9.35E-05,,0.000134463,0,
LAKE,BUSIA,BONDO,AFRISENSE,1.35,0.003693103,0.000370169,62.1519591,0.004528644,0.003693103,31.30551314
LAKE,BUSIA,BONDO,DETREX,1.92,0.000476348,3.49E-05,64.44629121,0.000497049,0.000476348,32.25384449
LAKE,BUSIA,BONDO,NDUME,20,0.000301648,2.06E-05,15.33899468,0.000301648,0.000301648,7.674124319
LAKE,BUSIA,BONDO,SALIT,57.024,0.000844339,4.70E-05,33.40488856,0.000900577,0.000844339,16.73064932
LAKE,BUSIA,BONDO,SAWA GLYCERIN,9.810763889,0.003178974,0.000313895,,0.003199469,0.003178974,
LAKE,BUSIA,BONDO,SAWA HANDWASH,1.028333333,1.93E-06,0.000273993,,0.002379222,1.93E-06,
LAKE,BUSIA,BONDO,SAWA MILKING JELLY,1.428,0.000292815,3.39E-05,,0.000311342,0.000292815,
LAKE,BUSIA,BONDO,SAWA PETROLLEUM JELLY,0.425,0.00103146,0.000147349,66.6946847,0.001288992,0.00103146,33.41613522
LAKE,BUSIA,BONDO,SAWA SOAP,17.112,0.000349838,5.78E-05,,0.000351274,0.000349838,
LAKE,BUSIA,BONDO,USHINDI BAR,3,0.000397341,3.63E-05,54.97061151,0.000481585,0.000397341,27.50714786
LAKE,BUSIA,BONDO,USHINDI DETERGENT,0,0,,61.56176694,,0,30.78088347
LAKE,BUSIA,BUDALANGI,4U SOAP,12,0.000134481,0.000187097,,0.000268926,0.000134481,
LAKE,BUSIA,BUDALANGI,AFRISENSE,10.375,0.033993336,0.002844814,62.1519591,0.034803465,0.033993336,33.18873196
LAKE,BUSIA,BUDALANGI,BELLEZA (PWANI OIL PRODUCTS),77.9900625,0.070960699,0.006679804,,0.071214188,0.070960699,
LAKE,BUSIA,BUDALANGI,DETREX,348.4,0.090174815,0.006326063,64.44629121,0.090193657,0.090174815,38.03457797
LAKE,BUSIA,BUDALANGI,DIVA GLYCERIN,11.39143056,0.041531078,0.007951017,,0.042885518,0.041531078,
LAKE,BUSIA,BUDALANGI,FRESCO (PWANI OIL PRODUCTS),50.798125,0.089673433,0.008061712,,0.089994706,0.089673433,
LAKE,BUSIA,BUDALANGI,FRESH FRI,287.8,0.007120413,0.000619167,39.98659082,0.007142368,0.007120413,20.27801645
LAKE,BUSIA,BUDALANGI,FRYMATE,5,0.001527106,0.000337052,49.7624333,0.002542588,0.001527106,24.95720917
LAKE,BUSIA,BUDALANGI,NDUME,110,0.001659065,0.000113385,15.33899468,0.001659065,0.001659065,7.694945724
LAKE,BUSIA,BUDALANGI,ONJA,39.75,0.030337942,0.004068681,53.79714347,0.030524093,0.030337942,28.53066633
LAKE,BUSIA,BUDALANGI,SALIT,930.6561667,0.014642347,0.000767546,33.40488856,0.014697809,0.014642347,17.19157025
LAKE,BUSIA,BUDALANGI,SAWA GLYCERIN,92.53220833,0.030156504,0.002960564,,0.030176445,0.030156504,
LAKE,BUSIA,BUDALANGI,SAWA HANDWASH,1.028333333,1.93E-06,0.000273993,,0.002379222,1.93E-06,
LAKE,BUSIA,BUDALANGI,SAWA MILKING JELLY,101.0715,0.022018118,0.002397142,,0.022036242,0.022018118,
LAKE,BUSIA,BUDALANGI,SAWA PETROLLEUM JELLY,11.19875,0.033715833,0.003882651,66.6946847,0.033964939,0.033715833,35.59600919
LAKE,BUSIA,BUDALANGI,SAWA SOAP,1336.692361,0.027438134,0.004515904,,0.027439531,0.027438134,
LAKE,BUSIA,BUDALANGI,USHINDI BAR,231.675,0.037109281,0.002803384,54.97061151,0.037190431,0.037109281,29.52522562
LAKE,BUSIA,BUDALANGI,USHINDI DETERGENT,0,0,,61.56176694,,0,30.78088347
LAKE,BUSIA,BUDALANGI,USHINDI LIQUID DISHWASH,12.335,0.008635063,0.000781582,,0.008780434,0.008635063,
LAKE,BUSIA,BUDALANGI,USHINDI PASTE DISHWASH,11,0.016094746,0.0010505,,0.016691958,0.016094746,
LAKE,BUSIA,BUDALANGI,WHITE WASH (PWANI OIL PRODUCTS),16.275,0.002213145,0.000329375,45.05765285,0.002365415,0.002213145,22.62854555
LAKE,BUSIA,BUTULA,4U SOAP,318,0.006993007,0.004958075,,0.00712653,0.006993007,
LAKE,BUSIA,BUTULA,AFRISENSE,1.625,0.004616379,0.000445573,62.1519591,0.005451145,0.004616379,31.36289654
LAKE,BUSIA,BUTULA,BELLEZA (PWANI OIL PRODUCTS),82.7710625,0.075327511,0.007089294,,0.075579809,0.075327511,
LAKE,BUSIA,BUTULA,DETREX,753.92,0.19515785,0.013689281,64.44629121,0.195174519,0.19515785,44.80034523
LAKE,BUSIA,BUTULA,DIVA (PWANI OIL PRODUCTS),4.8,0.023622047,0.004364112,54.30539415,0.02690583,0.023622047,28.43550166
LAKE,BUSIA,BUTULA,FRESCO (PWANI OIL PRODUCTS),50.99733333,0.090026478,0.008093326,,0.090347627,0.090026478,
LAKE,BUSIA,BUTULA,FRESH FRI,3345.781333,0.083012386,0.00719804,39.98659082,0.083032663,0.083012386,23.31267774
LAKE,BUSIA,BUTULA,NDUME,12852.8,0.193851144,0.013248353,15.33899468,0.193851144,0.193851144,10.64297901
LAKE,BUSIA,BUTULA,ONJA,70,0.053571429,0.007164974,53.79714347,0.05375312,0.053571429,29.78056156
LAKE,BUSIA,BUTULA,POPCO,860.692,0.103064233,0.009340108,42.35977946,0.104816284,0.103064233,25.54566793
LAKE,BUSIA,BUTULA,SALIT,5944.3765,0.093828253,0.004902545,33.40488856,0.093879257,0.093828253,19.8367666
LAKE,BUSIA,BUTULA,SAWA CANDLES,72,0.064295977,0.004600874,,0.064631957,0.064295977,
LAKE,BUSIA,BUTULA,SAWA GLYCERIN,92.36806944,0.030102974,0.002955312,,0.030122916,0.030102974,
LAKE,BUSIA,BUTULA,SAWA HANDWASH,1.028333333,1.93E-06,0.000273993,,0.002379222,1.93E-06,
LAKE,BUSIA,BUTULA,SAWA MILKING JELLY,152.0952778,0.033142848,0.003607287,,0.033160766,0.033142848,
LAKE,BUSIA,BUTULA,SAWA PETROLLEUM JELLY,6.90625,0.020693657,0.002394424,66.6946847,0.02094612,0.020693657,34.72749925
LAKE,BUSIA,BUTULA,SAWA SOAP,2336.45,0.047961121,0.007893502,,0.047962489,0.047961121,
LAKE,BUSIA,BUTULA,USHINDI BAR,293.25,0.046994654,0.003548472,54.97061151,0.047074971,0.046994654,30.06863062
LAKE,BUSIA,BUTULA,USHINDI DETERGENT,0,0,,61.56176694,,0,30.78088347
LAKE,BUSIA,BUTULA,USHINDI LIQUID DISHWASH,50.571,0.035856622,0.003204329,,0.035998001,0.035856622,
LAKE,BUSIA,BUTULA,USHINDI PASTE DISHWASH,65.6,0.098997874,0.006264803,,0.099544765,0.098997874,
LAKE,BUSIA,BUTULA,WHITE WASH (PWANI OIL PRODUCTS),378,0.054794421,0.007650002,45.05765285,0.054938666,0.054794421,24.99773442
LAKE,BUSIA,FUNYULA,4U SOAP,30,0.000537924,0.000467743,,0.000672314,0.000537924,
LAKE,BUSIA,FUNYULA,AFRISENSE,12.125,0.039868727,0.003324662,62.1519591,0.040673929,0.039868727,33.55389904
LAKE,BUSIA,FUNYULA,BELLEZA (PWANI OIL PRODUCTS),150.9999167,0.13764556,0.012933057,,0.137880855,0.13764556,
LAKE,BUSIA,FUNYULA,DETREX,501.1318611,0.129714799,0.009099288,64.44629121,0.129732823,0.129714799,40.5827833
LAKE,BUSIA,FUNYULA,DIVA (PWANI OIL PRODUCTS),4.8,0.023622047,0.004364112,54.30539415,0.02690583,0.023622047,28.43550166
LAKE,BUSIA,FUNYULA,DIVA GLYCERIN,34.79622222,0.129768197,0.024287147,,0.130997947,0.129768197,
LAKE,BUSIA,FUNYULA,FRESCO (PWANI OIL PRODUCTS),73.10945833,0.129214475,0.011602542,,0.129521793,0.129214475,
LAKE,BUSIA,FUNYULA,FRESH FRI,1505.824,0.037348931,0.003239597,39.98659082,0.037370218,0.037348931,21.48675185
LAKE,BUSIA,FUNYULA,FRYMATE,10,0.004072283,0.000674104,49.7624333,0.005085177,0.004072283,25.08386336
LAKE,BUSIA,FUNYULA,NDUME,10610,0.160024325,0.01093653,15.33899468,0.160024325,0.160024325,10.12410961
LAKE,BUSIA,FUNYULA,ONJA,66,0.050499232,0.006755546,53.79714347,0.050681513,0.050499232,29.61528616
LAKE,BUSIA,FUNYULA,POPCO,172.856,0.019134651,0.001875809,42.35977946,0.021050647,0.019134651,21.99042931
LAKE,BUSIA,FUNYULA,SALIT,8910.539833,0.140675367,0.007348849,33.40488856,0.140723735,0.140675367,21.40168923
LAKE,BUSIA,FUNYULA,SAWA BODY WASH,3.11,0,0.00539979,,0.041406857,0,
LAKE,BUSIA,FUNYULA,SAWA CANDLES,38.4,0.034123563,0.0024538,,0.034470377,0.034123563,
LAKE,BUSIA,FUNYULA,SAWA GLYCERIN,134.9774792,0.043998967,0.004318598,,0.044018624,0.043998967,
LAKE,BUSIA,FUNYULA,SAWA HANDWASH,31.85666667,0.071498423,0.008488025,,0.073705744,0.071498423,
LAKE,BUSIA,FUNYULA,SAWA MILKING JELLY,217.5866111,0.047421944,0.005160564,,0.047439598,0.047421944,
LAKE,BUSIA,FUNYULA,SAWA PETROLLEUM JELLY,15.66125,0.047253739,0.005429818,66.6946847,0.047499356,0.047253739,36.49891558
LAKE,BUSIA,FUNYULA,SAWA SOAP,2278.9035,0.046779809,0.007699086,,0.046781179,0.046779809,
LAKE,BUSIA,FUNYULA,USHINDI BAR,343.3,0.055029781,0.004154102,54.97061151,0.05510942,0.055029781,30.51032644
LAKE,BUSIA,FUNYULA,USHINDI DETERGENT,0,0,,61.56176694,,0,30.78088347
LAKE,BUSIA,FUNYULA,USHINDI LIQUID DISHWASH,45.642,0.032347493,0.002892013,,0.032489387,0.032347493,
LAKE,BUSIA,FUNYULA,USHINDI PASTE DISHWASH,47,0.070756149,0.004488502,,0.071320182,0.070756149,
LAKE,BUSIA,FUNYULA,WHITE WASH (PWANI OIL PRODUCTS),20.3,0.002798229,0.000410833,45.05765285,0.00295041,0.002798229,22.65490808
LAKE,BUSIA,MATAYOS,4U SOAP,2268,0.050699301,0.035361363,,0.050826946,0.050699301,
LAKE,BUSIA,MATAYOS,AFRISENSE,12.4,0.040792003,0.003400066,62.1519591,0.041596431,0.040792003,33.61128244
LAKE,BUSIA,MATAYOS,BELLEZA (PWANI OIL PRODUCTS),375.8065208,0.34297671,0.032187615,,0.34315598,0.34297671,
LAKE,BUSIA,MATAYOS,DETREX,3273.92,0.847547988,0.059446111,64.44629121,0.847551146,0.847547988,86.84447007
LAKE,BUSIA,MATAYOS,DIVA (PWANI OIL PRODUCTS),4.8,0.023622047,0.004364112,54.30539415,0.02690583,0.023622047,28.43550166
LAKE,BUSIA,MATAYOS,FRESCO (PWANI OIL PRODUCTS),223.1133333,0.39505737,0.035408302,,0.395270866,0.39505737,
LAKE,BUSIA,MATAYOS,FRESH FRI,5097.499,0.126485938,0.010966647,39.98659082,0.126505254,0.126485938,25.05103687
LAKE,BUSIA,MATAYOS,FRYKING,48,1,0.198347107,,1,1,
LAKE,BUSIA,MATAYOS,FRYMATE,36,0.017307203,0.002426775,49.7624333,0.018306636,0.017307203,25.74246518
LAKE,BUSIA,MATAYOS,MPISHI POA,50.167,0.01931298,0.003441727,49.67336696,0.020137426,0.01931298,25.79602424
LAKE,BUSIA,MATAYOS,NDUME,38628.4,0.582609202,0.039817214,15.33899468,0.582609202,0.582609202,16.60613679
LAKE,BUSIA,MATAYOS,ONJA,192.25,0.147465438,0.019678088,53.79714347,0.147629103,0.147465438,34.83179105
LAKE,BUSIA,MATAYOS,POPCO,2428.854,0.294410983,0.02635758,42.35977946,0.295789262,0.294410983,33.65107402
LAKE,BUSIA,MATAYOS,SALIT,15497.28633,0.244705399,0.01278118,33.40488856,0.244747911,0.244705399,24.87680086
LAKE,BUSIA,MATAYOS,SAWA BODY WASH,6.22,0.043195444,0.01079958,,0.082813714,0.043195444,
LAKE,BUSIA,MATAYOS,SAWA CANDLES,172.8,0.154813218,0.011042098,,0.155116697,0.154813218,
LAKE,BUSIA,MATAYOS,SAWA GLYCERIN,415.4585139,0.135470842,0.013292576,,0.135488618,0.135470842,
LAKE,BUSIA,MATAYOS,SAWA HANDWASH,92.50083333,0.212143233,0.024646312,,0.2140162,0.212143233,
LAKE,BUSIA,MATAYOS,SAWA MILKING JELLY,593.9718333,0.129485332,0.0140874,,0.129501464,0.129485332,
LAKE,BUSIA,MATAYOS,SAWA PETROLLEUM JELLY,25.69125,0.077681795,0.008907258,66.6946847,0.077919567,0.077681795,38.52830516
LAKE,BUSIA,MATAYOS,SAWA SOAP,13415.18296,0.275384937,0.04532208,,0.275385978,0.275384937,
LAKE,BUSIA,MATAYOS,USHINDI BAR,939.375,0.150724847,0.011366909,54.97061151,0.150796422,0.150724847,35.77074277
LAKE,BUSIA,MATAYOS,USHINDI DETERGENT,0,0,,61.56176694,,0,30.78088347
LAKE,BUSIA,MATAYOS,USHINDI LIQUID DISHWASH,423.053,0.30103971,0.026805897,,0.301142204,0.30103971,
LAKE,BUSIA,MATAYOS,USHINDI PASTE DISHWASH,281.4,0.426662618,0.026873711,,0.427010622,0.426662618,
LAKE,BUSIA,MATAYOS,WHITE WASH (PWANI OIL PRODUCTS),624,0.090553613,0.012628575,45.05765285,0.090692402,0.090553613,26.6089597
LAKE,BUSIA,MATUNGU,4U SOAP,18,0.000268962,0.000280646,,0.000403388,0.000268962,
LAKE,BUSIA,MATUNGU,BELLEZA (PWANI OIL PRODUCTS),2.3905,0.00191048,0.000204745,,0.00218281,0.00191048,
LAKE,BUSIA,MATUNGU,FRESH FRI,263.742,0.00652335,0.000567409,39.98659082,0.006545317,0.00652335,20.25414192
LAKE,BUSIA,MATUNGU,NDUME,2000,0.030164811,0.002061551,15.33899468,0.030164811,0.030164811,8.132195223
LAKE,BUSIA,MATUNGU,ONJA,12,0.009024578,0.001228281,53.79714347,0.009214821,0.009024578,27.38406823
LAKE,BUSIA,MATUNGU,SALIT,766.274,0.012046121,0.000631974,33.40488856,0.012101729,0.012046121,17.10484361
LAKE,BUSIA,MATUNGU,SAWA CANDLES,9.6,0.008261494,0.00061345,,0.008617594,0.008261494,
LAKE,BUSIA,MATUNGU,SAWA GLYCERIN,3.026333333,0.000966401,9.68E-05,,0.000986943,0.000966401,
LAKE,BUSIA,MATUNGU,SAWA MILKING JELLY,5.61,0.001204617,0.000133054,,0.001223127,0.001204617,
LAKE,BUSIA,MATUNGU,SAWA SOAP,115.938,0.002378534,0.000391687,,0.002379968,0.002378534,
LAKE,BUSIA,MATUNGU,USHINDI BAR,10,0.001521135,0.000121005,54.97061151,0.001605285,0.001521135,27.5689235
LAKE,BUSIA,MATUNGU,USHINDI LIQUID DISHWASH,22.198,0.015656881,0.001406531,,0.015801223,0.015656881,
LAKE,BUSIA,MATUNGU,WHITE WASH (PWANI OIL PRODUCTS),10,0.001300995,0.000202381,45.05765285,0.001453404,0.001300995,22.58744621
LAKE,BUSIA,NAMBALE,4U SOAP,42,0.000806885,0.00065484,,0.00094124,0.000806885,
LAKE,BUSIA,NAMBALE,AFRISENSE,1.125,0.002937696,0.000308474,62.1519591,0.00377387,0.002937696,31.25856309
LAKE,BUSIA,NAMBALE,BELLEZA (PWANI OIL PRODUCTS),29.88125,0.027019651,0.002559312,,0.02728513,0.027019651,
LAKE,BUSIA,NAMBALE,DETREX,218.48,0.056540479,0.003967045,64.44629121,0.056560018,0.056540479,35.86696976
LAKE,BUSIA,NAMBALE,DIVA (PWANI OIL PRODUCTS),4.8,0.023622047,0.004364112,54.30539415,0.02690583,0.023622047,28.43550166
LAKE,BUSIA,NAMBALE,FRESCO (PWANI OIL PRODUCTS),14.14379167,0.024713151,0.002244633,,0.02505735,0.024713151,
LAKE,BUSIA,NAMBALE,FRESH FRI,825.0803333,0.020454459,0.00177506,39.98659082,0.020476119,0.020454459,20.81119951
LAKE,BUSIA,NAMBALE,NDUME,10117.6,0.152597748,0.010428976,15.33899468,0.152597748,0.152597748,10.01019339
LAKE,BUSIA,NAMBALE,ONJA,41.25,0.031490015,0.004222217,53.79714347,0.031675945,0.031490015,28.59264461
LAKE,BUSIA,NAMBALE,POPCO,89.094,0.008914031,0.000966835,42.35977946,0.010849993,0.008914031,21.55748614
LAKE,BUSIA,NAMBALE,SALIT,6739.566,0.10638735,0.005558367,33.40488856,0.106437648,0.10638735,20.25630184
LAKE,BUSIA,NAMBALE,SAWA CANDLES,43.2,0.038433908,0.002760524,,0.038779174,0.038433908,
LAKE,BUSIA,NAMBALE,SAWA GLYCERIN,54.21014583,0.017658722,0.001734451,,0.01767892,0.017658722,
LAKE,BUSIA,NAMBALE,SAWA HANDWASH,18.4975,0.040516095,0.004928552,,0.04279707,0.040516095,
LAKE,BUSIA,NAMBALE,SAWA MILKING JELLY,106.3758333,0.023174624,0.002522946,,0.023192726,0.023174624,
LAKE,BUSIA,NAMBALE,SAWA PETROLLEUM JELLY,5.8225,0.017405879,0.002018684,66.6946847,0.017659191,0.017405879,34.50822198
LAKE,BUSIA,NAMBALE,SAWA SOAP,1150.431,0.023614568,0.003886635,,0.023615971,0.023614568,
LAKE,BUSIA,NAMBALE,USHINDI BAR,192.7,0.030852157,0.002331767,54.97061151,0.030933834,0.030852157,29.18126769
LAKE,BUSIA,NAMBALE,USHINDI DETERGENT,0,0,,61.56176694,,0,30.78088347
LAKE,BUSIA,NAMBALE,USHINDI LIQUID DISHWASH,144.287,0.102576352,0.009142454,,0.102707947,0.102576352,
LAKE,BUSIA,NAMBALE,USHINDI PASTE DISHWASH,37.8,0.056787124,0.003609901,,0.057359636,0.056787124,
LAKE,BUSIA,NAMBALE,WHITE WASH (PWANI OIL PRODUCTS),242.4,0.035083256,0.004905716,45.05765285,0.03523051,0.035083256,24.10959561
LAKE,BUSIA,TESO NORTH,AFRISENSE,7.9075,0.025709034,0.002168228,62.1519591,0.026526111,0.025709034,32.67384637
LAKE,BUSIA,TESO NORTH,BELLEZA (PWANI OIL PRODUCTS),56.774375,0.051582969,0.004862693,,0.051841746,0.051582969,
LAKE,BUSIA,TESO NORTH,DETREX,674.8255,0.174681472,0.012253125,64.44629121,0.174698565,0.174681472,43.48071863
LAKE,BUSIA,TESO NORTH,DIVA (PWANI OIL PRODUCTS),1,0.002249719,0.00090919,54.30539415,0.005605381,0.002249719,27.27486894
LAKE,BUSIA,TESO NORTH,DIVA GLYCERIN,4.51975,0.015624533,0.003154705,,0.017015582,0.015624533,
LAKE,BUSIA,TESO NORTH,FRESCO (PWANI OIL PRODUCTS),18.526375,0.032480141,0.002940154,,0.032821599,0.032480141,
LAKE,BUSIA,TESO NORTH,FRESH FRI,893.7845,0.022159537,0.001922868,39.98659082,0.022181159,0.022159537,20.87937974
LAKE,BUSIA,TESO NORTH,FRYMATE,54,0.02646984,0.003640163,49.7624333,0.027459954,0.02646984,26.19842028
LAKE,BUSIA,TESO NORTH,MPISHI POA,13.61316667,0.00462764,0.000933937,49.67336696,0.005464432,0.00462764,25.06655395
LAKE,BUSIA,TESO NORTH,NDUME,2520,0.038007662,0.002597555,15.33899468,0.038007662,0.038007662,8.252496672
LAKE,BUSIA,TESO NORTH,ONJA,9.25,0.006912442,0.0009468,53.79714347,0.007103091,0.006912442,27.27044139
LAKE,BUSIA,TESO NORTH,POPCO,71.282,0.006740616,0.000773542,42.35977946,0.008680822,0.006740616,21.46542072
LAKE,BUSIA,TESO NORTH,SALIT,1801.619667,0.028398207,0.001485862,33.40488856,0.028452894,0.028398207,17.65108321
LAKE,BUSIA,TESO NORTH,SAWA CANDLES,31.2,0.027658046,0.001993712,,0.028007181,0.027658046,
LAKE,BUSIA,TESO NORTH,SAWA GLYCERIN,84.87815278,0.027660325,0.002715673,,0.027680318,0.027660325,
LAKE,BUSIA,TESO NORTH,SAWA MILKING JELLY,81.42533333,0.017734658,0.001931188,,0.017752862,0.017734658,
LAKE,BUSIA,TESO NORTH,SAWA PETROLLEUM JELLY,2.5075,0.007349149,0.00086936,66.6946847,0.007605053,0.007349149,33.83749153
LAKE,BUSIA,TESO NORTH,SAWA SOAP,2401.421903,0.049294862,0.008113004,,0.049296228,0.049294862,
LAKE,BUSIA,TESO NORTH,USHINDI BAR,524.6,0.084136043,0.006347923,54.97061151,0.08421323,0.084136043,32.1103155
LAKE,BUSIA,TESO NORTH,USHINDI DETERGENT,0,0,,61.56176694,,0,30.78088347
LAKE,BUSIA,TESO NORTH,USHINDI LIQUID DISHWASH,0.824,0.000439976,5.22E-05,,0.000586549,0.000439976,
LAKE,BUSIA,TESO NORTH,USHINDI PASTE DISHWASH,2.4,0.003036745,0.0002292,,0.003641882,0.003036745,
LAKE,BUSIA,TESO NORTH,WHITE WASH (PWANI OIL PRODUCTS),9.8,0.001271922,0.000198333,45.05765285,0.001424336,0.001271922,22.58613627
LAKE,BUSIA,TESO SOUTH,AFRISENSE,3.125,0.009652429,0.000856872,62.1519591,0.010482971,0.009652429,31.6758969
LAKE,BUSIA,TESO SOUTH,BELLEZA (PWANI OIL PRODUCTS),168.7294583,0.153839156,0.014451582,,0.154070032,0.153839156,
LAKE,BUSIA,TESO SOUTH,DETREX,728.48,0.188571816,0.013227355,64.44629121,0.188588621,0.188571816,44.37589978
LAKE,BUSIA,TESO SOUTH,FRESCO (PWANI OIL PRODUCTS),97.61208333,0.172639011,0.015491132,,0.172931004,0.172639011,
LAKE,BUSIA,TESO SOUTH,FRESH FRI,1106.633,0.027441941,0.002380786,39.98659082,0.027463446,0.027441941,21.09060506
LAKE,BUSIA,TESO SOUTH,NDUME,980,0.014780758,0.00101016,15.33899468,0.014780758,0.014780758,7.896219303
LAKE,BUSIA,TESO SOUTH,ONJA,50,0.038210445,0.005117838,53.79714347,0.038395085,0.038210445,28.95418455
LAKE,BUSIA,TESO SOUTH,POPCO,99.788,0.010218911,0.001082885,42.35977946,0.012152323,0.010218911,21.61276054
LAKE,BUSIA,TESO SOUTH,SALIT,1760.643667,0.027751038,0.001452067,33.40488856,0.027805762,0.027751038,17.62946462
LAKE,BUSIA,TESO SOUTH,SAWA CANDLES,2.4,0.001795977,0.000153362,,0.002154399,0.001795977,
LAKE,BUSIA,TESO SOUTH,SAWA GLYCERIN,121.6741181,0.039660409,0.003892958,,0.039680155,0.039660409,
LAKE,BUSIA,TESO SOUTH,SAWA HANDWASH,14.39,0.030990058,0.003834132,,0.03329368,0.030990058,
LAKE,BUSIA,TESO SOUTH,SAWA MILKING JELLY,213.3650556,0.046501517,0.00506044,,0.046519188,0.046501517,
LAKE,BUSIA,TESO SOUTH,SAWA PETROLLEUM JELLY,15.70375,0.047382671,0.005444553,66.6946847,0.047628255,0.047382671,36.50751468
LAKE,BUSIA,TESO SOUTH,SAWA SOAP,3539.839042,0.072664246,0.011959052,,0.072665579,0.072664246,
LAKE,BUSIA,TESO SOUTH,USHINDI BAR,265.875,0.042599817,0.003217221,54.97061151,0.042680504,0.042599817,29.82704374
LAKE,BUSIA,TESO SOUTH,USHINDI DETERGENT,0,0,,61.56176694,,0,30.78088347
LAKE,BUSIA,TESO SOUTH,USHINDI PASTE DISHWASH,25.2,0.037655633,0.002406601,,0.038239757,0.037655633,
LAKE,BUSIA,UGENYA,SAWA SOAP,2.7,5.40E-05,9.12E-06,,5.54E-05,5.40E-05,
LAKE,HOMA BAY,HOMA BAY,4U SOAP,12,0.000134481,0.000187097,,0.000268926,0.000134481,
LAKE,HOMA BAY,HOMA BAY,AFRISENSE,67.95,0.227293711,0.018631816,62.1519591,0.227941731,0.227293711,45.20272897
LAKE,HOMA BAY,HOMA BAY,BELLEZA (PWANI OIL PRODUCTS),259.2696458,0.236535662,0.022206298,,0.236743975,0.236535662,
LAKE,HOMA BAY,HOMA BAY,DETREX,1577.478,0.408364643,0.028643013,64.44629121,0.408376896,0.408364643,58.54073228
LAKE,HOMA BAY,HOMA BAY,FRESCO (PWANI OIL PRODUCTS),103.1899167,0.182524272,0.01637634,,0.182812776,0.182524272,
LAKE,HOMA BAY,HOMA BAY,FRESH FRI,26707.1205,0.662786406,0.057457111,39.98659082,0.662793862,0.662786406,46.49586423
LAKE,HOMA BAY,HOMA BAY,FRYMATE,12,0.005090354,0.000808925,49.7624333,0.006102212,0.005090354,25.13452504
LAKE,HOMA BAY,HOMA BAY,MPISHI POA,125.438,0.04955277,0.008605724,49.67336696,0.050351794,0.04955277,27.29813642
LAKE,HOMA BAY,HOMA BAY,NDUME,27233.6,0.410748205,0.028071731,15.33899468,0.410748205,0.410748205,13.96996187
LAKE,HOMA BAY,HOMA BAY,ONJA,136.25,0.104454685,0.013946109,53.79714347,0.104626608,0.104454685,32.51793542
LAKE,HOMA BAY,HOMA BAY,POPCO,8211.434,1,0.089109321,42.35977946,1,1,63.53966919
LAKE,HOMA BAY,HOMA BAY,POPCO BAR,3960,1,0.208574739,,1,1,
LAKE,HOMA BAY,HOMA BAY,POPCO LAUNDRY SOAP,40,0.25,0.102145046,,0.4,0.25,
LAKE,HOMA BAY,HOMA BAY,RAINBOW WASHING POWDER,6,0.045020464,0.022146759,,0.050847458,0.045020464,
LAKE,HOMA BAY,HOMA BAY,SALIT,47295.25317,0.746917455,0.039006128,33.40488856,0.7469317,0.746917455,41.65313864
LAKE,HOMA BAY,HOMA BAY,SAWA BODY WASH,12.42,0.129308549,0.021564434,,0.165361145,0.129308549,
LAKE,HOMA BAY,HOMA BAY,SAWA CANDLES,244.6,0.219288793,0.015630192,,0.21956912,0.219288793,
LAKE,HOMA BAY,HOMA BAY,SAWA GLYCERIN,2360.747826,0.769878299,0.075532017,,0.76988303,0.769878299,
LAKE,HOMA BAY,HOMA BAY,SAWA HANDWASH,34.955,0.078684019,0.009313558,,0.080874258,0.078684019,
LAKE,HOMA BAY,HOMA BAY,SAWA MILKING JELLY,1106.117444,0.241148599,0.026234104,,0.241162662,0.241148599,
LAKE,HOMA BAY,HOMA BAY,SAWA PETROLLEUM JELLY,69.25375,0.209837545,0.02401055,66.6946847,0.210041248,0.209837545,47.34239126
LAKE,HOMA BAY,HOMA BAY,SAWA SOAP,9394.833625,0.192855356,0.031739664,,0.192856516,0.192855356,
LAKE,HOMA BAY,HOMA BAY,USHINDI BAR,3313.475,0.531867585,0.040094711,54.97061151,0.531907038,0.531867585,56.72239214
LAKE,HOMA BAY,HOMA BAY,USHINDI DETERGENT,0,0,,61.56176694,,0,30.78088347
LAKE,HOMA BAY,HOMA BAY,USHINDI LIQUID DISHWASH,317.6225,0.225980015,0.020125507,,0.226093515,0.225980015,
LAKE,HOMA BAY,HOMA BAY,USHINDI PASTE DISHWASH,294,0.445794109,0.028077011,,0.446130501,0.445794109,
LAKE,HOMA BAY,HOMA BAY,WHITE WASH (PWANI OIL PRODUCTS),4552.65,0.661632276,0.092136989,45.05765285,0.661683914,0.661632276,52.34042385
LAKE,HOMA BAY,HOMA BAY,,6.21,,,,,,
LAKE,HOMA BAY,KABONDO KASIPUL,AFRISENSE,47.6175,0.159030057,0.013056667,62.1519591,0.159735326,0.159030057,40.96000914
LAKE,HOMA BAY,KABONDO KASIPUL,BELLEZA (PWANI OIL PRODUCTS),50.10089583,0.045487627,0.004291113,,0.045748067,0.045487627,
LAKE,HOMA BAY,KABONDO KASIPUL,DETREX,175.38375,0.045383507,0.003184526,64.44629121,0.045403277,0.045383507,35.14794432
LAKE,HOMA BAY,KABONDO KASIPUL,DIVA (PWANI OIL PRODUCTS),2.8,0.012373453,0.002545732,54.30539415,0.015695067,0.012373453,27.82464233
LAKE,HOMA BAY,KABONDO KASIPUL,DIVA GLYCERIN,31.17809722,0.116127703,0.021761759,,0.117376728,0.116127703,
LAKE,HOMA BAY,KABONDO KASIPUL,FRESCO (PWANI OIL PRODUCTS),26.99272917,0.047484554,0.004283772,,0.047820716,0.047484554,
LAKE,HOMA BAY,KABONDO KASIPUL,FRESH FRI,719.06,0.017823282,0.00154697,39.98659082,0.017845,0.017823282,20.70598768
LAKE,HOMA BAY,KABONDO KASIPUL,FRYMATE,5,0.001527106,0.000337052,49.7624333,0.002542588,0.001527106,24.95720917
LAKE,HOMA BAY,KABONDO KASIPUL,MPISHI POA,3.1415,0.000420695,0.000215524,49.67336696,0.001261023,0.000420695,24.8575808
LAKE,HOMA BAY,KABONDO KASIPUL,NDUME,0,0,0,15.33899468,0,0,7.66949734
LAKE,HOMA BAY,KABONDO KASIPUL,ONJA,60.5,0.046274962,0.006192584,53.79714347,0.046458053,0.046274962,29.38803248
LAKE,HOMA BAY,KABONDO KASIPUL,SALIT,675.3933333,0.010610766,0.000557022,33.40488856,0.010666455,0.010610766,17.05689574
LAKE,HOMA BAY,KABONDO KASIPUL,SAWA CANDLES,45.8,0.040768678,0.002926667,,0.041113106,0.040768678,
LAKE,HOMA BAY,KABONDO KASIPUL,SAWA GLYCERIN,150.3259236,0.049004479,0.004809671,,0.049024032,0.049004479,
LAKE,HOMA BAY,KABONDO KASIPUL,SAWA HANDWASH,29.305,0.065580646,0.007808148,,0.067802035,0.065580646,
LAKE,HOMA BAY,KABONDO KASIPUL,SAWA MILKING JELLY,153.7370556,0.033500806,0.003646226,,0.033518717,0.033500806,
LAKE,HOMA BAY,KABONDO KASIPUL,SAWA PETROLLEUM JELLY,32.87375,0.099471377,0.01139746,66.6946847,0.099703532,0.099471377,39.98155448
LAKE,HOMA BAY,KABONDO KASIPUL,SAWA SOAP,729.8545,0.014980989,0.002465753,,0.014982404,0.014980989,
LAKE,HOMA BAY,KABONDO KASIPUL,USHINDI BAR,526.3,0.084408965,0.006368494,54.97061151,0.084486128,0.084408965,32.12531816
LAKE,HOMA BAY,KABONDO KASIPUL,USHINDI DETERGENT,0,0,,61.56176694,,0,30.78088347
LAKE,HOMA BAY,KABONDO KASIPUL,USHINDI LIQUID DISHWASH,139.041,0.098841539,0.008810051,,0.098973682,0.098841539,
LAKE,HOMA BAY,KABONDO KASIPUL,USHINDI PASTE DISHWASH,73.4,0.110841178,0.007009703,,0.11138088,0.110841178,
LAKE,HOMA BAY,KABONDO KASIPUL,WHITE WASH (PWANI OIL PRODUCTS),31.15,0.004375413,0.000630417,45.05765285,0.004527353,0.004375413,22.72597228
LAKE,HOMA BAY,KARACHUONYO,AFRISENSE,20.3625,0.067525033,0.005583375,62.1519591,0.068307042,0.067525033,35.27279266
LAKE,HOMA BAY,KARACHUONYO,BELLEZA (PWANI OIL PRODUCTS),156.6773542,0.14283115,0.013419326,,0.14306503,0.14283115,
LAKE,HOMA BAY,KARACHUONYO,DETREX,1136.812417,0.294282944,0.02064164,64.44629121,0.29429756,0.294282944,51.18858991
LAKE,HOMA BAY,KARACHUONYO,DIVA (PWANI OIL PRODUCTS),0.6,0,0.000545514,54.30539415,0.003363229,0,27.15269708
LAKE,HOMA BAY,KARACHUONYO,DIVA GLYCERIN,7.202986111,0.025740454,0.005027557,,0.027117208,0.025740454,
LAKE,HOMA BAY,KARACHUONYO,FRESCO (PWANI OIL PRODUCTS),53.4874375,0.094439541,0.008488508,,0.094759132,0.094439541,
LAKE,HOMA BAY,KARACHUONYO,FRESH FRI,13247.34,0.328746008,0.028500036,39.98659082,0.32876085,0.328746008,33.1387275
LAKE,HOMA BAY,KARACHUONYO,FRYKING,12,0.217391304,0.049586777,,0.25,0.217391304,
LAKE,HOMA BAY,KARACHUONYO,FRYMATE,348.5,0.176380758,0.023492534,49.7624333,0.177218408,0.176380758,33.65835238
LAKE,HOMA BAY,KARACHUONYO,HOTEL SOAP,0.28,0,0.014354067,,0.019292605,0,
LAKE,HOMA BAY,KARACHUONYO,MPISHI POA,938.9223333,0.376366487,0.06441514,49.67336696,0.376890765,0.376366487,43.53207411
LAKE,HOMA BAY,KARACHUONYO,NDUME,26634.4,0.401710827,0.027454091,15.33899468,0.401710827,0.401710827,13.83133759
LAKE,HOMA BAY,KARACHUONYO,ONJA,109.25,0.083717358,0.011182477,53.79714347,0.083893262,0.083717358,31.40232645
LAKE,HOMA BAY,KARACHUONYO,POPCO,2304.158,0.279195607,0.025004397,42.35977946,0.280603607,0.279195607,33.00655406
LAKE,HOMA BAY,KARACHUONYO,POPCO BAR,1570,0.391857506,0.08269251,,0.396464646,0.391857506,
LAKE,HOMA BAY,KARACHUONYO,RAINBOW WASHING POWDER,5,0.036493861,0.018455633,,0.042372881,0.036493861,
LAKE,HOMA BAY,KARACHUONYO,SALIT,27207.90933,0.429661125,0.02243936,33.40488856,0.429693228,0.429661125,31.05522629
LAKE,HOMA BAY,KARACHUONYO,SAWA BODY WASH,3.11,0,0.00539979,,0.041406857,0,
LAKE,HOMA BAY,KARACHUONYO,SAWA CANDLES,134,0.119971264,0.008562738,,0.120287253,0.119971264,
LAKE,HOMA BAY,KARACHUONYO,SAWA GLYCERIN,1614.831896,0.526616474,0.051666472,,0.526626207,0.526616474,
LAKE,HOMA BAY,KARACHUONYO,SAWA HANDWASH,108.945,0.250280234,0.029027765,,0.252062538,0.250280234,
LAKE,HOMA BAY,KARACHUONYO,SAWA MILKING JELLY,1018.432167,0.222030551,0.024154447,,0.222044968,0.222030551,
LAKE,HOMA BAY,KARACHUONYO,SAWA PETROLLEUM JELLY,84.89375,0.257284683,0.029433,66.6946847,0.257476154,0.257284683,50.50686315
LAKE,HOMA BAY,KARACHUONYO,SAWA SOAP,5653.481306,0.116053016,0.019099816,,0.116054286,0.116053016,
LAKE,HOMA BAY,KARACHUONYO,USHINDI BAR,3056.45,0.49060428,0.036984579,54.97061151,0.490647211,0.49060428,54.45412304
LAKE,HOMA BAY,KARACHUONYO,USHINDI DETERGENT,0,0,,61.56176694,,0,30.78088347
LAKE,HOMA BAY,KARACHUONYO,USHINDI LIQUID DISHWASH,221.1216667,0.157277664,0.014010927,,0.157401238,0.157277664,
LAKE,HOMA BAY,KARACHUONYO,USHINDI PASTE DISHWASH,240.2,0.364105679,0.022939109,,0.364491654,0.364105679,
LAKE,HOMA BAY,KARACHUONYO,WHITE WASH (PWANI OIL PRODUCTS),796.92125,0.115689891,0.016128172,45.05765285,0.115824843,0.115689891,27.74154136
LAKE,HOMA BAY,KASIPUL,4U SOAP,30,0.000537924,0.000467743,,0.000672314,0.000537924,
LAKE,HOMA BAY,KASIPUL,AFRISENSE,38.6125,0.128796972,0.010587505,62.1519591,0.129527595,0.128796972,39.08096366
LAKE,HOMA BAY,KASIPUL,BELLEZA (PWANI OIL PRODUCTS),87.05404167,0.079239447,0.007456129,,0.079490678,0.079239447,
LAKE,HOMA BAY,KASIPUL,DETREX,320.957,0.083070234,0.005827768,64.44629121,0.083089224,0.083070234,37.57671412
LAKE,HOMA BAY,KASIPUL,DIVA GLYCERIN,1.689125,0.004952949,0.001178979,,0.006359078,0.004952949,
LAKE,HOMA BAY,KASIPUL,FRESCO (PWANI OIL PRODUCTS),74.60352083,0.131862312,0.011839651,,0.132168696,0.131862312,
LAKE,HOMA BAY,KASIPUL,FRESH FRI,13080.16917,0.324597217,0.028140388,39.98659082,0.324612151,0.324597217,32.97283151
LAKE,HOMA BAY,KASIPUL,FRYKING,12,0.217391304,0.049586777,,0.25,0.217391304,
LAKE,HOMA BAY,KASIPUL,FRYMATE,361,0.182743701,0.024335165,49.7624333,0.183574879,0.182743701,33.97498787
LAKE,HOMA BAY,KASIPUL,HOTEL SOAP,0.28,0,0.014354067,,0.019292605,0,
LAKE,HOMA BAY,KASIPUL,MPISHI POA,25.035,0.009216311,0.001717536,49.67336696,0.010049245,0.009216311,25.29448867
LAKE,HOMA BAY,KASIPUL,NDUME,26420,0.39847716,0.027233092,15.33899468,0.39847716,0.39847716,13.78173637
LAKE,HOMA BAY,KASIPUL,ONJA,61,0.046658986,0.006243763,53.79714347,0.046842004,0.046658986,29.40869191
LAKE,HOMA BAY,KASIPUL,POPCO,584.506,0.069364084,0.006342976,42.35977946,0.071181964,0.069364084,24.11813704
LAKE,HOMA BAY,KASIPUL,POPCO BAR,120,0.022900763,0.006320447,,0.03030303,0.022900763,
LAKE,HOMA BAY,KASIPUL,RAINBOW WASHING POWDER,1,0.002387449,0.003691127,,0.008474576,0.002387449,
LAKE,HOMA BAY,KASIPUL,SALIT,17899.42467,0.282644392,0.014762311,33.40488856,0.282684769,0.282644392,26.14414868
LAKE,HOMA BAY,KASIPUL,SAWA BODY WASH,24.86,0.302090326,0.043163594,,0.330988572,0.302090326,
LAKE,HOMA BAY,KASIPUL,SAWA CANDLES,404,0.362428161,0.025816016,,0.362657092,0.362428161,
LAKE,HOMA BAY,KASIPUL,SAWA GLYCERIN,728.2252222,0.237471881,0.023299532,,0.23748756,0.237471881,
LAKE,HOMA BAY,KASIPUL,SAWA HANDWASH,27.765,0.062009107,0.007397824,,0.064238986,0.062009107,
LAKE,HOMA BAY,KASIPUL,SAWA MILKING JELLY,352.2518889,0.076783057,0.008354459,,0.076800166,0.076783057,
LAKE,HOMA BAY,KASIPUL,SAWA PETROLLEUM JELLY,21.05875,0.063628159,0.007301152,66.6946847,0.063869554,0.063628159,37.59100234
LAKE,HOMA BAY,KASIPUL,SAWA SOAP,3212.410361,0.065942803,0.010852861,,0.065944145,0.065942803,
LAKE,HOMA BAY,KASIPUL,USHINDI BAR,841.475,0.135007786,0.01018227,54.97061151,0.135080686,0.135007786,34.90676633
LAKE,HOMA BAY,KASIPUL,USHINDI DETERGENT,0,0,,61.56176694,,0,30.78088347
LAKE,HOMA BAY,KASIPUL,USHINDI LIQUID DISHWASH,221.57125,0.157597738,0.014039414,,0.157721266,0.157597738,
LAKE,HOMA BAY,KASIPUL,USHINDI PASTE DISHWASH,104.4,0.15791072,0.009970204,,0.158421851,0.15791072,
LAKE,HOMA BAY,KASIPUL,WHITE WASH (PWANI OIL PRODUCTS),305.15,0.044204758,0.006175656,45.05765285,0.044350619,0.044204758,24.52058905
LAKE,HOMA BAY,NDHIWA,AFRISENSE,13.5625,0.044694941,0.003718823,62.1519591,0.045496096,0.044694941,33.85385771
LAKE,HOMA BAY,NDHIWA,BELLEZA (PWANI OIL PRODUCTS),126.098875,0.114901747,0.010800297,,0.115143247,0.114901747,
LAKE,HOMA BAY,NDHIWA,DETREX,611.8424167,0.158376098,0.011109512,64.44629121,0.158393529,0.158376098,42.42989776
LAKE,HOMA BAY,NDHIWA,FRESCO (PWANI OIL PRODUCTS),70.32054167,0.124271845,0.011159938,,0.124580907,0.124271845,
LAKE,HOMA BAY,NDHIWA,FRESH FRI,11062.555,0.274524733,0.023799737,39.98659082,0.274540775,0.274524733,30.97060358
LAKE,HOMA BAY,NDHIWA,FRYMATE,192,0.096716722,0.012942802,49.7624333,0.097635393,0.096716722,29.69407607
LAKE,HOMA BAY,NDHIWA,MPISHI POA,2491.232,1,0.170911961,49.67336696,1,1,74.51005044
LAKE,HOMA BAY,NDHIWA,NDUME,58791.6,0.886718765,0.060600949,15.33899468,0.886718765,0.886718765,21.27087176
LAKE,HOMA BAY,NDHIWA,ONJA,50.5,0.03859447,0.005169017,53.79714347,0.038779036,0.03859447,28.97484398
LAKE,HOMA BAY,NDHIWA,POPCO,2541.14,0.308112093,0.027576092,42.35977946,0.309463609,0.308112093,34.23145005
LAKE,HOMA BAY,NDHIWA,POPCO BAR,1680,0.419847328,0.088486253,,0.424242424,0.419847328,
LAKE,HOMA BAY,NDHIWA,POPCO LAUNDRY SOAP,60,0.5,0.153217569,,0.6,0.5,
LAKE,HOMA BAY,NDHIWA,SALIT,62238.2155,0.982924238,0.051330137,33.40488856,0.982925199,0.982924238,49.53691891
LAKE,HOMA BAY,NDHIWA,SAWA CANDLES,161.4,0.144576149,0.010313626,,0.144883303,0.144576149,
LAKE,HOMA BAY,NDHIWA,SAWA GLYCERIN,1535.906583,0.500876957,0.04914126,,0.50088722,0.500876957,
LAKE,HOMA BAY,NDHIWA,SAWA HANDWASH,27.23833333,0.060787671,0.007257496,,0.063020455,0.060787671,
LAKE,HOMA BAY,NDHIWA,SAWA MILKING JELLY,474.1078333,0.103351346,0.011244551,,0.103367963,0.103351346,
LAKE,HOMA BAY,NDHIWA,SAWA PETROLLEUM JELLY,18.19,0.054925219,0.006306545,66.6946847,0.055168858,0.054925219,37.01056253
LAKE,HOMA BAY,NDHIWA,SAWA SOAP,4189.517833,0.086000828,0.014153938,,0.086002142,0.086000828,
LAKE,HOMA BAY,NDHIWA,USHINDI BAR,1117.475,0.179317375,0.013522008,54.97061151,0.17938654,0.179317375,37.34249154
LAKE,HOMA BAY,NDHIWA,USHINDI DETERGENT,0,0,,61.56176694,,0,30.78088347
LAKE,HOMA BAY,NDHIWA,USHINDI LIQUID DISHWASH,113.5879167,0.08072059,0.007197268,,0.080855391,0.08072059,
LAKE,HOMA BAY,NDHIWA,USHINDI PASTE DISHWASH,69.8,0.105375038,0.006665903,,0.105918058,0.105375038,
LAKE,HOMA BAY,NDHIWA,WHITE WASH (PWANI OIL PRODUCTS),486.65,0.070588064,0.009848872,45.05765285,0.070729899,0.070588064,25.70935892
LAKE,HOMA BAY,RANGWE,AFRISENSE,12.4025,0.040800396,0.003400752,62.1519591,0.041604817,0.040800396,33.6118041
LAKE,HOMA BAY,RANGWE,BELLEZA (PWANI OIL PRODUCTS),87.25325,0.079421397,0.007473191,,0.079672578,0.079421397,
LAKE,HOMA BAY,RANGWE,DETREX,399.395,0.103376654,0.007252004,64.44629121,0.103395223,0.103376654,38.88538755
LAKE,HOMA BAY,RANGWE,FRESCO (PWANI OIL PRODUCTS),26.49470833,0.046601942,0.004204736,,0.046938415,0.046601942,
LAKE,HOMA BAY,RANGWE,FRESH FRI,4520.186,0.112158375,0.009724629,39.98659082,0.112178007,0.112158375,24.47812644
LAKE,HOMA BAY,RANGWE,NDUME,590,0.008898619,0.000608158,15.33899468,0.008898619,0.008898619,7.805993215
LAKE,HOMA BAY,RANGWE,ONJA,25.5,0.019393241,0.002610097,53.79714347,0.019581494,0.019393241,27.94187271
LAKE,HOMA BAY,RANGWE,POPCO,16.04,0,0.000174064,42.35977946,0.001953374,0,21.17988973
LAKE,HOMA BAY,RANGWE,SALIT,2586.632333,0.040796573,0.00213329,33.40488856,0.040850562,0.040796573,18.06524924
LAKE,HOMA BAY,RANGWE,SAWA GLYCERIN,811.171375,0.264522695,0.02595339,,0.264537817,0.264522695,
LAKE,HOMA BAY,RANGWE,SAWA HANDWASH,19.0225,0.041733665,0.005068435,,0.044011746,0.041733665,
LAKE,HOMA BAY,RANGWE,SAWA MILKING JELLY,282.5917222,0.061595029,0.006702309,,0.06161242,0.061595029,
LAKE,HOMA BAY,RANGWE,SAWA PETROLLEUM JELLY,22.97125,0.069430119,0.007964224,66.6946847,0.069670018,0.069430119,37.97796222
LAKE,HOMA BAY,RANGWE,SAWA SOAP,1805.951208,0.037071062,0.006101256,,0.037072446,0.037071062,
LAKE,HOMA BAY,RANGWE,USHINDI BAR,681.275,0.10928896,0.008243769,54.97061151,0.109364026,0.10928896,33.49298669
LAKE,HOMA BAY,RANGWE,USHINDI LIQUID DISHWASH,98.38558333,0.069897512,0.006234003,,0.0700339,0.069897512,
LAKE,HOMA BAY,RANGWE,USHINDI PASTE DISHWASH,6.6,0.009413908,0.0006303,,0.010015175,0.009413908,
LAKE,HOMA BAY,RANGWE,WHITE WASH (PWANI OIL PRODUCTS),13.65,0.001831568,0.00027625,45.05765285,0.001983896,0.001831568,22.6113526
LAKE,HOMA BAY,SUBA NORTH,AFRISENSE,2,0.005875391,0.000548398,62.1519591,0.006709102,0.005875391,31.44114663
LAKE,HOMA BAY,SUBA NORTH,BELLEZA (PWANI OIL PRODUCTS),41.73414583,0.037845706,0.003574506,,0.038108231,0.037845706,
LAKE,HOMA BAY,SUBA NORTH,DETREX,279.79875,0.072414982,0.005080438,64.44629121,0.072434192,0.072414982,36.89002261
LAKE,HOMA BAY,SUBA NORTH,FRESCO (PWANI OIL PRODUCTS),16.03627083,0.028067079,0.002544972,,0.028410094,0.028067079,
LAKE,HOMA BAY,SUBA NORTH,FRESH FRI,3241.084833,0.080414063,0.006972799,39.98659082,0.080434397,0.080414063,23.20877965
LAKE,HOMA BAY,SUBA NORTH,FRYMATE,36,0.017307203,0.002426775,49.7624333,0.018306636,0.017307203,25.74246518
LAKE,HOMA BAY,SUBA NORTH,MPISHI POA,150.598,0.059660688,0.010331836,49.67336696,0.060451214,0.059660688,27.80023075
LAKE,HOMA BAY,SUBA NORTH,NDUME,7907.2,0.119259599,0.008150549,15.33899468,0.119259599,0.119259599,9.49881969
LAKE,HOMA BAY,SUBA NORTH,ONJA,40,0.030529954,0.004094271,53.79714347,0.030716068,0.030529954,28.54099605
LAKE,HOMA BAY,SUBA NORTH,POPCO,942.704,0.113071318,0.010230091,42.35977946,0.114803821,0.113071318,25.96956582
LAKE,HOMA BAY,SUBA NORTH,POPCO BAR,620,0.150127226,0.032655641,,0.156565657,0.150127226,
LAKE,HOMA BAY,SUBA NORTH,SALIT,12655,0.199814778,0.010437042,33.40488856,0.199859818,0.199814778,23.37723468
LAKE,HOMA BAY,SUBA NORTH,SAWA CANDLES,86.4,0.077227011,0.005521049,,0.077558348,0.077227011,
LAKE,HOMA BAY,SUBA NORTH,SAWA GLYCERIN,542.5811181,0.1769287,0.017359858,,0.176945623,0.1769287,
LAKE,HOMA BAY,SUBA NORTH,SAWA HANDWASH,6.17,0.011926389,0.001643961,,0.01427533,0.011926389,
LAKE,HOMA BAY,SUBA NORTH,SAWA MILKING JELLY,207.7928333,0.045286604,0.004928282,,0.045304297,0.045286604,
LAKE,HOMA BAY,SUBA NORTH,SAWA PETROLLEUM JELLY,12.51625,0.037712739,0.004339434,66.6946847,0.037960815,0.037712739,35.86258156
LAKE,HOMA BAY,SUBA NORTH,SAWA SOAP,2127.3725,0.043669186,0.007187151,,0.04367056,0.043669186,
LAKE,HOMA BAY,SUBA NORTH,USHINDI BAR,686.525,0.110131805,0.008307297,54.97061151,0.110206801,0.110131805,33.53931842
LAKE,HOMA BAY,SUBA NORTH,USHINDI DETERGENT,0,0,,61.56176694,,0,30.78088347
LAKE,HOMA BAY,SUBA NORTH,USHINDI LIQUID DISHWASH,27.142,0.01917669,0.001719798,,0.019320515,0.01917669,
LAKE,HOMA BAY,SUBA NORTH,USHINDI PASTE DISHWASH,101.2,0.153051928,0.009664604,,0.153566009,0.153051928,
LAKE,HOMA BAY,SUBA NORTH,WHITE WASH (PWANI OIL PRODUCTS),408.9,0.059286124,0.008275359,45.05765285,0.059429684,0.059286124,25.20012004
LAKE,HOMA BAY,SUBA SOUTH,BELLEZA (PWANI OIL PRODUCTS),25.10025,0.022652838,0.002149822,,0.022919509,0.022652838,
LAKE,HOMA BAY,SUBA SOUTH,DETREX,89.52,0.023154672,0.001625457,64.44629121,0.023174903,0.023154672,33.71537835
LAKE,HOMA BAY,SUBA SOUTH,FRESCO (PWANI OIL PRODUCTS),5.378625,0.00917917,0.000853593,,0.009528851,0.00917917,
LAKE,HOMA BAY,SUBA SOUTH,FRESH FRI,1726.8,0.042833041,0.003715,39.98659082,0.042854206,0.042833041,21.70604269
LAKE,HOMA BAY,SUBA SOUTH,FRYMATE,46,0.022397557,0.00310088,49.7624333,0.023391813,0.022397557,25.99577357
LAKE,HOMA BAY,SUBA SOUTH,NDUME,4192,0.063225445,0.004321011,15.33899468,0.063225445,0.063225445,8.639312102
LAKE,HOMA BAY,SUBA SOUTH,POPCO,613.006,0.072841647,0.006652254,42.35977946,0.074652734,0.072841647,24.26544585
LAKE,HOMA BAY,SUBA SOUTH,POPCO BAR,310,0.071246819,0.01632782,,0.078282828,0.071246819,
LAKE,HOMA BAY,SUBA SOUTH,POPCO LAUNDRY SOAP,100,1,0.255362615,,1,1,
LAKE,HOMA BAY,SUBA SOUTH,SALIT,10734.822,0.169487791,0.008853401,33.40488856,0.169534537,0.169487791,22.36416504
LAKE,HOMA BAY,SUBA SOUTH,SAWA CANDLES,62.4,0.055675287,0.003987424,,0.056014363,0.055675287,
LAKE,HOMA BAY,SUBA SOUTH,SAWA GLYCERIN,97.90833333,0.031909792,0.003132573,,0.031929698,0.031909792,
LAKE,HOMA BAY,SUBA SOUTH,SAWA HANDWASH,24.66,0.054808049,0.006570514,,0.057055048,0.054808049,
LAKE,HOMA BAY,SUBA SOUTH,SAWA MILKING JELLY,16.779,0.003639798,0.000397952,,0.003658263,0.003639798,
LAKE,HOMA BAY,SUBA SOUTH,SAWA SOAP,695.372,0.014273133,0.002349256,,0.01427455,0.014273133,
LAKE,HOMA BAY,SUBA SOUTH,USHINDI BAR,136.3,0.021797589,0.001649298,54.97061151,0.021880029,0.021797589,28.68353253
LAKE,HOMA BAY,SUBA SOUTH,USHINDI DETERGENT,0,0,,61.56176694,,0,30.78088347
LAKE,HOMA BAY,SUBA SOUTH,WHITE WASH (PWANI OIL PRODUCTS),178,0.025721907,0.003602382,45.05765285,0.025870589,0.025721907,23.68779518
LAKE,KAKAMEGA,BUTERE,AFRISENSE,44.2325,0.147665371,0.012128503,62.1519591,0.148380171,0.147665371,40.25367167
LAKE,KAKAMEGA,BUTERE,BELLEZA (PWANI OIL PRODUCTS),127.89175,0.116539301,0.010953856,,0.116780355,0.116539301,
LAKE,KAKAMEGA,BUTERE,DETREX,227.8681667,0.058970934,0.00413751,64.44629121,0.058990423,0.058970934,36.02360359
LAKE,KAKAMEGA,BUTERE,DIVA (PWANI OIL PRODUCTS),17.8,0.096737908,0.016183584,54.30539415,0.099775785,0.096737908,32.40608729
LAKE,KAKAMEGA,BUTERE,DIVA GLYCERIN,10.54608333,0.038344081,0.007360979,,0.039703024,0.038344081,
LAKE,KAKAMEGA,BUTERE,FRESCO (PWANI OIL PRODUCTS),49.3040625,0.087025596,0.007824602,,0.087347803,0.087025596,
LAKE,KAKAMEGA,BUTERE,FRESH FRI,1136.5275,0.028183853,0.0024451,39.98659082,0.028205341,0.028183853,21.12027159
LAKE,KAKAMEGA,BUTERE,FRYMATE,18,0.008144566,0.001213388,49.7624333,0.009153318,0.008144566,25.28651007
LAKE,KAKAMEGA,BUTERE,NDUME,2419.2,0.036487356,0.002493652,15.33899468,0.036487356,0.036487356,8.229176699
LAKE,KAKAMEGA,BUTERE,ONJA,34.5,0.026305684,0.003531308,53.79714347,0.026492609,0.026305684,28.31374237
LAKE,KAKAMEGA,BUTERE,POPCO,463.328,0.054577974,0.00502797,42.35977946,0.056424737,0.054577974,23.49180067
LAKE,KAKAMEGA,BUTERE,RAINBOW WASHING POWDER,5.28,0.03888131,0.019489148,,0.044745763,0.03888131,
LAKE,KAKAMEGA,BUTERE,SALIT,3173.341167,0.050062959,0.002617171,33.40488856,0.050116427,0.050062959,18.37479185
LAKE,KAKAMEGA,BUTERE,SAWA CANDLES,361.4,0.324173851,0.023093832,,0.324416517,0.324173851,
LAKE,KAKAMEGA,BUTERE,SAWA GLYCERIN,93.09941667,0.030341485,0.002978712,,0.030361422,0.030341485,
LAKE,KAKAMEGA,BUTERE,SAWA HANDWASH,59.6225,0.135892421,0.01588607,,0.137946658,0.135892421,
LAKE,KAKAMEGA,BUTERE,SAWA MILKING JELLY,142.9055,0.031139198,0.003389331,,0.031157153,0.031139198,
LAKE,KAKAMEGA,BUTERE,SAWA PETROLLEUM JELLY,11.87875,0.035778752,0.00411841,66.6946847,0.036027327,0.035778752,35.73359493
LAKE,KAKAMEGA,BUTERE,SAWA SOAP,1565.633333,0.032137826,0.005289362,,0.032139216,0.032137826,
LAKE,KAKAMEGA,BUTERE,USHINDI BAR,342.25,0.054861211,0.004141397,54.97061151,0.054940865,0.054861211,30.5010601
LAKE,KAKAMEGA,BUTERE,USHINDI DETERGENT,0,0,,61.56176694,,0,30.78088347
LAKE,KAKAMEGA,BUTERE,USHINDI LIQUID DISHWASH,5.86475,0.004028664,0.000371608,,0.00417471,0.004028664,
LAKE,KAKAMEGA,BUTERE,USHINDI PASTE DISHWASH,29,0.043425448,0.002769501,,0.04400607,0.043425448,
LAKE,KAKAMEGA,BUTERE,WHITE WASH (PWANI OIL PRODUCTS),67.3,0.00963027,0.001362024,45.05765285,0.009781408,0.00963027,22.9627438
LAKE,KAKAMEGA,BUTERE,ZESTA TOMATO SAUCE,0,0,,,,0,
LAKE,KAKAMEGA,IKOLOMANI,AFRISENSE,17.805,0.058938569,0.004882112,62.1519591,0.059727778,0.058938569,34.73912705
LAKE,KAKAMEGA,IKOLOMANI,BELLEZA (PWANI OIL PRODUCTS),29.5824375,0.026746725,0.002533719,,0.027012278,0.026746725,
LAKE,KAKAMEGA,IKOLOMANI,DETREX,67.28,0.01739707,0.001221635,64.44629121,0.01741742,0.01739707,33.34432227
LAKE,KAKAMEGA,IKOLOMANI,DIVA (PWANI OIL PRODUCTS),4.8,0.023622047,0.004364112,54.30539415,0.02690583,0.023622047,28.43550166
LAKE,KAKAMEGA,IKOLOMANI,DIVA GLYCERIN,2.259875,0.007104702,0.001577353,,0.008507791,0.007104702,
LAKE,KAKAMEGA,IKOLOMANI,FRESCO (PWANI OIL PRODUCTS),11.15566667,0.019417476,0.001770415,,0.019763543,0.019417476,
LAKE,KAKAMEGA,IKOLOMANI,FRESH FRI,456.2181667,0.01130016,0.000981498,39.98659082,0.011322022,0.01130016,20.44515027
LAKE,KAKAMEGA,IKOLOMANI,MPISHI POA,35.132,0.013272736,0.002410245,49.67336696,0.014102259,0.013272736,25.49598496
LAKE,KAKAMEGA,IKOLOMANI,NDUME,420,0.00633461,0.000432926,15.33899468,0.00633461,0.00633461,7.766663895
LAKE,KAKAMEGA,IKOLOMANI,ONJA,12,0.009024578,0.001228281,53.79714347,0.009214821,0.009024578,27.38406823
LAKE,KAKAMEGA,IKOLOMANI,POPCO,402.72,0.0471826,0.00437026,42.35977946,0.049043809,0.0471826,23.17853428
LAKE,KAKAMEGA,IKOLOMANI,SALIT,3150.591333,0.049703652,0.002598408,33.40488856,0.04975714,0.049703652,18.36278923
LAKE,KAKAMEGA,IKOLOMANI,SAWA CANDLES,61.4,0.054777299,0.003923523,,0.055116697,0.054777299,
LAKE,KAKAMEGA,IKOLOMANI,SAWA GLYCERIN,26.21633333,0.00852924,0.00083879,,0.008549626,0.00852924,
LAKE,KAKAMEGA,IKOLOMANI,SAWA HANDWASH,5.141666667,0.009541498,0.001369967,,0.011896109,0.009541498,
LAKE,KAKAMEGA,IKOLOMANI,SAWA MILKING JELLY,47.58488889,0.010356416,0.001128584,,0.010374756,0.010356416,
LAKE,KAKAMEGA,IKOLOMANI,SAWA PETROLLEUM JELLY,2.31625,0.006768953,0.000803053,66.6946847,0.007025006,0.006768953,33.79879554
LAKE,KAKAMEGA,IKOLOMANI,SAWA SOAP,532.123125,0.010921967,0.001797734,,0.010923388,0.010921967,
LAKE,KAKAMEGA,IKOLOMANI,USHINDI BAR,104.45,0.016684326,0.001263897,54.97061151,0.016767198,0.016684326,28.40245337
LAKE,KAKAMEGA,IKOLOMANI,USHINDI DETERGENT,0,0,,61.56176694,,0,30.78088347
LAKE,KAKAMEGA,IKOLOMANI,USHINDI LIQUID DISHWASH,0.412,0.000146659,2.61E-05,,0.000293274,0.000146659,
LAKE,KAKAMEGA,IKOLOMANI,USHINDI PASTE DISHWASH,1,0.000911023,9.55E-05,,0.001517451,0.000911023,
LAKE,KAKAMEGA,IKOLOMANI,WHITE WASH (PWANI OIL PRODUCTS),5.95,0.000712277,0.000120417,45.05765285,0.000864775,0.000712277,22.56091994
LAKE,KAKAMEGA,IKOLOMANI,ZESTA TOMATO SAUCE,0,0,,,,0,
LAKE,KAKAMEGA,KHWISERO,AFRISENSE,7.875,0.025599919,0.002159316,62.1519591,0.026417088,0.025599919,32.66706469
LAKE,KAKAMEGA,KHWISERO,BELLEZA (PWANI OIL PRODUCTS),26.893125,0.024290393,0.002303381,,0.024556617,0.024290393,
LAKE,KAKAMEGA,KHWISERO,DETREX,66.4,0.017169252,0.001205656,64.44629121,0.017189606,0.017169252,33.32964019
LAKE,KAKAMEGA,KHWISERO,DIVA GLYCERIN,8.395930556,0.030237908,0.005860211,,0.031608307,0.030237908,
LAKE,KAKAMEGA,KHWISERO,FRESCO (PWANI OIL PRODUCTS),12.2513125,0.021359223,0.001944295,,0.021704606,0.021359223,
LAKE,KAKAMEGA,KHWISERO,FRESH FRI,461.563,0.011432806,0.000992996,39.98659082,0.011454665,0.011432806,20.45045434
LAKE,KAKAMEGA,KHWISERO,FRYMATE,25,0.011707814,0.001685261,49.7624333,0.012712942,0.011707814,25.46382595
LAKE,KAKAMEGA,KHWISERO,NDUME,1050,0.015836526,0.001082314,15.33899468,0.015836526,0.015836526,7.912413728
LAKE,KAKAMEGA,KHWISERO,ONJA,4.75,0.003456221,0.000486195,53.79714347,0.003647533,0.003456221,27.08450656
LAKE,KAKAMEGA,KHWISERO,POPCO,105.134,0.010871228,0.001140899,42.35977946,0.012803367,0.010871228,21.64039257
LAKE,KAKAMEGA,KHWISERO,SALIT,890.5625,0.014009114,0.00073448,33.40488856,0.014064612,0.014009114,17.17041717
LAKE,KAKAMEGA,KHWISERO,SAWA BODY WASH,3.11,0,0.00539979,,0.041406857,0,
LAKE,KAKAMEGA,KHWISERO,SAWA CANDLES,22.2,0.019576149,0.001418603,,0.019928187,0.019576149,
LAKE,KAKAMEGA,KHWISERO,SAWA GLYCERIN,22.5845625,0.007344828,0.000722592,,0.007365239,0.007344828,
LAKE,KAKAMEGA,KHWISERO,SAWA HANDWASH,7.7125,0.015503726,0.002054951,,0.017844163,0.015503726,
LAKE,KAKAMEGA,KHWISERO,SAWA MILKING JELLY,48.49266667,0.010554339,0.001150114,,0.010572675,0.010554339,
LAKE,KAKAMEGA,KHWISERO,SAWA PETROLLEUM JELLY,1.97625,0.005737494,0.000685174,66.6946847,0.005993813,0.005737494,33.73000267
LAKE,KAKAMEGA,KHWISERO,SAWA SOAP,364.95625,0.007490371,0.001232974,,0.007491797,0.007490371,
LAKE,KAKAMEGA,KHWISERO,USHINDI BAR,86.45,0.01379457,0.001046088,54.97061151,0.013877685,0.01379457,28.24360173
LAKE,KAKAMEGA,KHWISERO,USHINDI DETERGENT,0,0,,61.56176694,,0,30.78088347
LAKE,KAKAMEGA,KHWISERO,USHINDI LIQUID DISHWASH,11.099,0.007755111,0.000703266,,0.007900611,0.007755111,
LAKE,KAKAMEGA,KHWISERO,USHINDI PASTE DISHWASH,3.8,0.005162466,0.0003629,,0.005766313,0.005162466,
LAKE,KAKAMEGA,KHWISERO,WHITE WASH (PWANI OIL PRODUCTS),31.125,0.004371779,0.000629911,45.05765285,0.00452372,0.004371779,22.72580854
LAKE,KAKAMEGA,LIKUYANI,4U SOAP,243,0.005311996,0.003788717,,0.005445744,0.005311996,
LAKE,KAKAMEGA,LIKUYANI,AFRISENSE,35.89,0.119656541,0.009840999,62.1519591,0.120394831,0.119656541,38.51286802
LAKE,KAKAMEGA,LIKUYANI,BELLEZA (PWANI OIL PRODUCTS),106.0784375,0.096615721,0.009085558,,0.09686221,0.09661572,
LAKE,KAKAMEGA,LIKUYANI,DETREX,205.7533333,0.053245736,0.00373596,64.44629121,0.053265343,0.053245736,35.6546358
LAKE,KAKAMEGA,LIKUYANI,DETREX SANITIZER SPRAY,5.34,0,1,,1,0,
LAKE,KAKAMEGA,LIKUYANI,DIVA (PWANI OIL PRODUCTS),24,0.131608549,0.021820562,54.30539415,0.134529148,0.131608549,34.2997512
LAKE,KAKAMEGA,LIKUYANI,FRESCO (PWANI OIL PRODUCTS),87.65166667,0.154986761,0.013910404,,0.155284983,0.154986761,
LAKE,KAKAMEGA,LIKUYANI,FRESH FRI,2719.981833,0.067481501,0.005851709,39.98659082,0.06750212,0.067481501,22.69165056
LAKE,KAKAMEGA,LIKUYANI,FRYKING,12,0.217391304,0.049586777,,0.25,0.217391304,
LAKE,KAKAMEGA,LIKUYANI,FRYMATE,517,0.26215322,0.034851191,49.7624333,0.262903636,0.26215322,37.92659876
LAKE,KAKAMEGA,LIKUYANI,MPISHI POA,420.264,0.167997806,0.028832379,49.67336696,0.168697255,0.167997806,33.18170014
LAKE,KAKAMEGA,LIKUYANI,NDUME,7245.175,0.109274669,0.00746815,15.33899468,0.109274669,0.109274669,9.345660907
LAKE,KAKAMEGA,LIKUYANI,ONJA,305,0.23406298,0.031218813,53.79714347,0.234210021,0.23406298,39.49049145
LAKE,KAKAMEGA,LIKUYANI,POPCO,732.37,0.087406414,0.007947576,42.35977946,0.08918905,0.087406414,24.88240615
LAKE,KAKAMEGA,LIKUYANI,SALIT,8947.46,0.141258478,0.007379298,33.40488856,0.141306813,0.141258478,21.421168
LAKE,KAKAMEGA,LIKUYANI,SAWA BODY WASH,6.215,0.043125998,0.010790898,,0.082747143,0.043125998,
LAKE,KAKAMEGA,LIKUYANI,SAWA CANDLES,90.8,0.081178161,0.005802214,,0.081508079,0.081178161,
LAKE,KAKAMEGA,LIKUYANI,SAWA GLYCERIN,360.4933125,0.117545316,0.011533967,,0.117563461,0.117545316,
LAKE,KAKAMEGA,LIKUYANI,SAWA HANDWASH,33.925,0.076295263,0.00903912,,0.07849118,0.076295263,
LAKE,KAKAMEGA,LIKUYANI,SAWA MILKING JELLY,243.1682778,0.052999523,0.005767292,,0.053017073,0.052999523,
LAKE,KAKAMEGA,LIKUYANI,SAWA PETROLLEUM JELLY,7.75625,0.023272305,0.002689123,66.6946847,0.023524104,0.023272305,34.89948142
LAKE,KAKAMEGA,LIKUYANI,SAWA SOAP,1996.872167,0.04099028,0.006746267,,0.040991658,0.04099028,
LAKE,KAKAMEGA,LIKUYANI,USHINDI BAR,431.1,0.069125367,0.005216526,54.97061151,0.069203819,0.069125367,31.28516946
LAKE,KAKAMEGA,LIKUYANI,USHINDI DETERGENT,0,0,,61.56176694,,0,30.78088347
LAKE,KAKAMEGA,LIKUYANI,USHINDI LIQUID DISHWASH,123.0655833,0.087468076,0.007797802,,0.087601887,0.087468076,
LAKE,KAKAMEGA,LIKUYANI,USHINDI PASTE DISHWASH,72.2,0.109019131,0.006895103,,0.109559939,0.109019131,
LAKE,KAKAMEGA,LIKUYANI,WHITE WASH (PWANI OIL PRODUCTS),47.95,0.006817505,0.000970417,45.05765285,0.006969072,0.006817505,22.83600718
LAKE,KAKAMEGA,LUGARI,4U SOAP,297,0.006522324,0.004630655,,0.00665591,0.006522324,
LAKE,KAKAMEGA,LUGARI,AFRISENSE,11.6325,0.038215224,0.003189619,62.1519591,0.039021813,0.038215224,33.45113059
LAKE,KAKAMEGA,LUGARI,BELLEZA (PWANI OIL PRODUCTS),97.412875,0.088700873,0.008343357,,0.088949523,0.088700873,
LAKE,KAKAMEGA,LUGARI,DETREX,260.926,0.06752911,0.004737757,64.44629121,0.067548422,0.06752911,36.57514631
LAKE,KAKAMEGA,LUGARI,FRESCO (PWANI OIL PRODUCTS),58.8660625,0.103971756,0.009342101,,0.104287983,0.103971756,
LAKE,KAKAMEGA,LUGARI,FRESH FRI,3638.187167,0.090269218,0.007827116,39.98659082,0.090289334,0.090269218,23.6028537
LAKE,KAKAMEGA,LUGARI,FRYMATE,622.5,0.315856452,0.041962992,49.7624333,0.31655225,0.315856452,40.59900228
LAKE,KAKAMEGA,LUGARI,MPISHI POA,747.566,0.29948993,0.051287062,49.67336696,0.300078836,0.29948993,39.7133567
LAKE,KAKAMEGA,LUGARI,NDUME,4975.4,0.075041002,0.005128521,15.33899468,0.075041002,0.075041002,8.820550863
LAKE,KAKAMEGA,LUGARI,ONJA,269.25,0.206605223,0.027559559,53.79714347,0.206757535,0.206605223,38.01334254
LAKE,KAKAMEGA,LUGARI,POPCO,2419.704,0.293294502,0.026258286,42.35977946,0.294674962,0.293294502,33.60378014
LAKE,KAKAMEGA,LUGARI,SALIT,7878.754833,0.124379518,0.006497898,33.40488856,0.124428803,0.124379518,20.85732821
LAKE,KAKAMEGA,LUGARI,SAWA BODY WASH,33.13,0.416954096,0.057522521,,0.441096194,0.416954096,
LAKE,KAKAMEGA,LUGARI,SAWA CANDLES,56.4,0.050287356,0.003604018,,0.050628366,0.050287356,
LAKE,KAKAMEGA,LUGARI,SAWA GLYCERIN,170.0848125,0.055448346,0.005441856,,0.055467767,0.055448346,
LAKE,KAKAMEGA,LUGARI,SAWA HANDWASH,24.68,0.054854433,0.006575843,,0.057101321,0.054854433,
LAKE,KAKAMEGA,LUGARI,SAWA MILKING JELLY,375.7842778,0.081913831,0.008912583,,0.081930845,0.081913831,
LAKE,KAKAMEGA,LUGARI,SAWA PETROLLEUM JELLY,9.28625,0.027913873,0.00321958,66.6946847,0.028164475,0.027913873,35.20904932
LAKE,KAKAMEGA,LUGARI,SAWA SOAP,1405.624819,0.028853177,0.004748787,,0.028854572,0.028853177,
LAKE,KAKAMEGA,LUGARI,USHINDI BAR,672.2,0.107832041,0.008133957,54.97061151,0.107907231,0.107832041,33.41289899
LAKE,KAKAMEGA,LUGARI,USHINDI DETERGENT,0,0,,61.56176694,,0,30.78088347
LAKE,KAKAMEGA,LUGARI,USHINDI LIQUID DISHWASH,101.5773333,0.072169832,0.006436242,,0.072305886,0.072169832,
LAKE,KAKAMEGA,LUGARI,USHINDI PASTE DISHWASH,100.2,0.151533556,0.009569104,,0.152048558,0.151533556,
LAKE,KAKAMEGA,LUGARI,WHITE WASH (PWANI OIL PRODUCTS),77,0.011040287,0.001558334,45.05765285,0.01119121,0.011040287,23.02627585
LAKE,KAKAMEGA,LUGARI,,1.035,,,,,,
LAKE,KAKAMEGA,LURAMBI,4U SOAP,144,0.003093061,0.002245166,,0.003227108,0.003093061,
LAKE,KAKAMEGA,LURAMBI,AFRISENSE,167.8025,0.562535147,0.046011263,62.1519591,0.562902022,0.562535147,66.03864103
LAKE,KAKAMEGA,LURAMBI,BELLEZA (PWANI OIL PRODUCTS),672.6269375,0.614082969,0.057610114,,0.614188267,0.614082969,
LAKE,KAKAMEGA,LURAMBI,DETREX,3116.69475,0.806844733,0.056591298,64.44629121,0.806848734,0.806844733,84.22129625
LAKE,KAKAMEGA,LURAMBI,DIVA (PWANI OIL PRODUCTS),124.2,0.695163105,0.11292141,54.30539415,0.696188341,0.695163105,64.90380347
LAKE,KAKAMEGA,LURAMBI,DIVA GLYCERIN,118.9316944,0.446962718,0.083012215,,0.447744231,0.446962718,
LAKE,KAKAMEGA,LURAMBI,FRESCO (PWANI OIL PRODUCTS),286.3619792,0.507149162,0.045445923,,0.507323099,0.507149162,
LAKE,KAKAMEGA,LURAMBI,FRESH FRI,7649.957667,0.189832017,0.016457951,39.98659082,0.189849931,0.189832017,27.58403059
LAKE,KAKAMEGA,LURAMBI,FRYMATE,234,0.118096208,0.01577404,49.7624333,0.118993135,0.118096208,30.75797131
LAKE,KAKAMEGA,LURAMBI,MPISHI POA,201.1461667,0.07996819,0.013799713,49.67336696,0.080741644,0.07996819,28.80897272
LAKE,KAKAMEGA,LURAMBI,NDUME,4857.6,0.073264294,0.005007096,15.33899468,0.073264294,0.073264294,8.793297958
LAKE,KAKAMEGA,LURAMBI,ONJA,242.25,0.185867896,0.024795926,53.79714347,0.186024189,0.185867896,36.89773358
LAKE,KAKAMEGA,LURAMBI,POPCO,1534.114,0.185235023,0.016647988,42.35977946,0.186826564,0.185235023,29.02640447
LAKE,KAKAMEGA,LURAMBI,POPCO LAUNDRY SOAP,21.6,0.02,0.055158325,,0.216,0.02,
LAKE,KAKAMEGA,LURAMBI,RAINBOW WASHING POWDER,0.72,0,0.002657611,,0.006101695,0,
LAKE,KAKAMEGA,LURAMBI,SALIT,18310.75483,0.289140875,0.015101551,33.40488856,0.289180887,0.289140875,26.36116299
LAKE,KAKAMEGA,LURAMBI,SAWA BODY WASH,21.74,0.25875599,0.037746441,,0.289448574,0.25875599,
LAKE,KAKAMEGA,LURAMBI,SAWA CANDLES,740.6,0.664691092,0.047325103,,0.66481149,0.664691092,
LAKE,KAKAMEGA,LURAMBI,SAWA GLYCERIN,1008.151184,0.328762733,0.03225575,,0.328776534,0.328762733,
LAKE,KAKAMEGA,LURAMBI,SAWA HANDWASH,290.3808333,0.671062803,0.077370293,,0.671844784,0.671062803,
LAKE,KAKAMEGA,LURAMBI,SAWA MILKING JELLY,1346.305778,0.293516936,0.03193072,,0.293530029,0.293516937,
LAKE,KAKAMEGA,LURAMBI,SAWA PETROLLEUM JELLY,96.73,0.293192367,0.033536675,66.6946847,0.293374581,0.293192367,52.90171484
LAKE,KAKAMEGA,LURAMBI,SAWA SOAP,15404.61582,0.31622394,0.052043213,,0.316224923,0.31622394,
LAKE,KAKAMEGA,LURAMBI,USHINDI BAR,2228.325,0.357655445,0.026963851,54.97061151,0.35770958,0.357655445,47.14584426
LAKE,KAKAMEGA,LURAMBI,USHINDI DETERGENT,0,0,,61.56176694,,0,30.78088347
LAKE,KAKAMEGA,LURAMBI,USHINDI LIQUID DISHWASH,136.9926667,0.097383258,0.008680263,,0.097515615,0.097383258,
LAKE,KAKAMEGA,LURAMBI,USHINDI PASTE DISHWASH,155.8,0.235955056,0.014878906,,0.236418816,0.235955056,
LAKE,KAKAMEGA,LURAMBI,WHITE WASH (PWANI OIL PRODUCTS),767.475,0.111409508,0.015532236,45.05765285,0.111545114,0.111409508,27.54867737
LAKE,KAKAMEGA,LURAMBI,ZESTA TOMATO SAUCE,0,0,,,,0,
LAKE,KAKAMEGA,MALAVA,4U SOAP,72,0.00147929,0.001122583,,0.001613554,0.00147929,
LAKE,KAKAMEGA,MALAVA,AFRISENSE,20.7725,0.068901554,0.005695797,62.1519591,0.069682408,0.068901554,35.35834609
LAKE,KAKAMEGA,MALAVA,BELLEZA (PWANI OIL PRODUCTS),62.85022917,0.05713246,0.005383086,,0.057389723,0.05713246,
LAKE,KAKAMEGA,MALAVA,DETREX,376.354,0.097411685,0.006833637,64.44629121,0.097430378,0.097411685,38.50096744
LAKE,KAKAMEGA,MALAVA,DIVA (PWANI OIL PRODUCTS),16,0.086614173,0.014547041,54.30539415,0.089686099,0.086614173,31.85631389
LAKE,KAKAMEGA,MALAVA,DIVA GLYCERIN,10.35583333,0.03762683,0.007228188,,0.038986787,0.03762683,
LAKE,KAKAMEGA,MALAVA,FRESCO (PWANI OIL PRODUCTS),34.3634375,0.06054722,0.005453511,,0.060878772,0.06054722,
LAKE,KAKAMEGA,MALAVA,FRESH FRI,2897.697833,0.071891998,0.006234043,39.98659082,0.07191252,0.071891998,22.86801131
LAKE,KAKAMEGA,MALAVA,FRYKING,24,0.47826087,0.099173554,,0.5,0.47826087,
LAKE,KAKAMEGA,MALAVA,FRYMATE,63,0.031051158,0.004246857,49.7624333,0.032036613,0.031051158,26.42639783
LAKE,KAKAMEGA,MALAVA,MPISHI POA,110.7706667,0.043660234,0.007599466,49.67336696,0.044464212,0.043660234,27.00543431
LAKE,KAKAMEGA,MALAVA,NDUME,3696.8,0.055756638,0.003810571,15.33899468,0.055756638,0.055756638,8.524748107
LAKE,KAKAMEGA,MALAVA,ONJA,181.5,0.139208909,0.018577753,53.79714347,0.13937416,0.139208909,34.3876134
LAKE,KAKAMEGA,MALAVA,POPCO,1612.676,0.19482114,0.017500532,42.35977946,0.196393955,0.19482114,29.43247025
LAKE,KAKAMEGA,MALAVA,RAINBOW WASHING POWDER,2.88,0.018417462,0.010630444,,0.02440678,0.018417462,
LAKE,KAKAMEGA,MALAVA,SALIT,5939.016833,0.093743603,0.004898125,33.40488856,0.093794612,0.093743603,19.83393889
LAKE,KAKAMEGA,MALAVA,SAWA BODY WASH,6.22,0.043195444,0.01079958,,0.082813714,0.043195444,
LAKE,KAKAMEGA,MALAVA,SAWA CANDLES,149.8,0.134159483,0.009572374,,0.134470377,0.134159483,
LAKE,KAKAMEGA,MALAVA,SAWA GLYCERIN,121.4717292,0.039594405,0.003886482,,0.039614152,0.039594405,
LAKE,KAKAMEGA,MALAVA,SAWA HANDWASH,7.194166667,0.014301617,0.001916844,,0.016644912,0.014301617,
LAKE,KAKAMEGA,MALAVA,SAWA MILKING JELLY,140.3499444,0.03058201,0.00332872,,0.030599975,0.03058201,
LAKE,KAKAMEGA,MALAVA,SAWA PETROLLEUM JELLY,7.395,0.02217638,0.002563876,66.6946847,0.022428461,0.02217638,34.82638899
LAKE,KAKAMEGA,MALAVA,SAWA SOAP,2003.386556,0.041124007,0.006768275,,0.041125385,0.041124007,
LAKE,KAKAMEGA,MALAVA,USHINDI BAR,510.425,0.081860361,0.006176399,54.97061151,0.081937739,0.081860361,31.98521983
LAKE,KAKAMEGA,MALAVA,USHINDI DETERGENT,0,0,,61.56176694,,0,30.78088347
LAKE,KAKAMEGA,MALAVA,USHINDI LIQUID DISHWASH,7.416,0.005133054,0.0004699,,0.005278938,0.005133054,
LAKE,KAKAMEGA,MALAVA,USHINDI PASTE DISHWASH,18.8,0.02793805,0.001795401,,0.028528073,0.02793805,
LAKE,KAKAMEGA,MALAVA,WHITE WASH (PWANI OIL PRODUCTS),146.05,0.021077573,0.002955775,45.05765285,0.021226964,0.021077573,23.47853238
LAKE,KAKAMEGA,MATUNGU,4U SOAP,48,0.000941366,0.000748389,,0.001075703,0.000941366,
LAKE,KAKAMEGA,MATUNGU,AFRISENSE,21.755,0.072200166,0.005965197,62.1519591,0.072978254,0.072200166,35.56336133
LAKE,KAKAMEGA,MATUNGU,BELLEZA (PWANI OIL PRODUCTS),109.7637917,0.099981805,0.009401206,,0.100227376,0.099981805,
LAKE,KAKAMEGA,MATUNGU,DETREX,318.671,0.082478423,0.00578626,64.44629121,0.082497425,0.082478423,37.53857409
LAKE,KAKAMEGA,MATUNGU,DIVA (PWANI OIL PRODUCTS),18.6,0.101237345,0.016910936,54.30539415,0.10426009,0.101237345,32.65043102
LAKE,KAKAMEGA,MATUNGU,FRESCO (PWANI OIL PRODUCTS),59.86210417,0.105736981,0.009500174,,0.106052585,0.105736981,
LAKE,KAKAMEGA,MATUNGU,FRESH FRI,794.8331667,0.019703795,0.001709987,39.98659082,0.019725472,0.019703795,20.781183
LAKE,KAKAMEGA,MATUNGU,FRYMATE,80,0.039704759,0.005392834,49.7624333,0.040681414,0.039704759,26.8570221
LAKE,KAKAMEGA,MATUNGU,MPISHI POA,150,0.059420445,0.01029081,49.67336696,0.060211173,0.059420445,27.78829703
LAKE,KAKAMEGA,MATUNGU,NDUME,5128,0.077342577,0.005285817,15.33899468,0.077342577,0.077342577,8.855854712
LAKE,KAKAMEGA,MATUNGU,ONJA,70,0.053571429,0.007164974,53.79714347,0.05375312,0.053571429,29.78056156
LAKE,KAKAMEGA,MATUNGU,POPCO,324.328,0.037617227,0.003519562,42.35977946,0.039497121,0.037617227,22.77334719
LAKE,KAKAMEGA,MATUNGU,RAINBOW WASHING POWDER,4.8,0.03478854,0.017717407,,0.040677966,0.03478854,
LAKE,KAKAMEGA,MATUNGU,SALIT,4573.0965,0.072170473,0.0037716,33.40488856,0.072222697,0.072170473,19.1132909
LAKE,KAKAMEGA,MATUNGU,SAWA BODY WASH,6.21,0.043056552,0.010782217,,0.082680573,0.043056552,
LAKE,KAKAMEGA,MATUNGU,SAWA CANDLES,224.8,0.201508621,0.014364952,,0.201795332,0.201508621,
LAKE,KAKAMEGA,MATUNGU,SAWA GLYCERIN,119.6178125,0.038989796,0.003827166,,0.039009556,0.038989796,
LAKE,KAKAMEGA,MATUNGU,SAWA HANDWASH,26.72666667,0.059601024,0.007121166,,0.061836628,0.059601024,
LAKE,KAKAMEGA,MATUNGU,SAWA MILKING JELLY,130.3208889,0.028395372,0.003090858,,0.028413378,0.028395372,
LAKE,KAKAMEGA,MATUNGU,SAWA PETROLLEUM JELLY,6.26875,0.01875967,0.002173401,66.6946847,0.019012632,0.01875967,34.59851262
LAKE,KAKAMEGA,MATUNGU,SAWA SOAP,1731.375222,0.035540169,0.005849307,,0.035541555,0.035540169,
LAKE,KAKAMEGA,MATUNGU,USHINDI BAR,164.95,0.026397117,0.001995978,54.97061151,0.026479169,0.026397117,28.9363714
LAKE,KAKAMEGA,MATUNGU,USHINDI DETERGENT,0,0,,61.56176694,,0,30.78088347
LAKE,KAKAMEGA,MATUNGU,USHINDI LIQUID DISHWASH,46.97725,0.033298104,0.002976618,,0.033439859,0.033298104,
LAKE,KAKAMEGA,MATUNGU,USHINDI PASTE DISHWASH,43.4,0.065290009,0.004144702,,0.06585736,0.065290009,
LAKE,KAKAMEGA,MATUNGU,WHITE WASH (PWANI OIL PRODUCTS),61.325,0.008761729,0.001241102,45.05765285,0.008912999,0.008761729,22.92360937
LAKE,KAKAMEGA,MUMIAS EAST,AFRISENSE,87.0825,0.291528525,0.023877927,62.1519591,0.292122676,0.291528525,49.19504851
LAKE,KAKAMEGA,MUMIAS EAST,BELLEZA (PWANI OIL PRODUCTS),322.3190833,0.294122999,0.027606446,,0.294315598,0.294122998,
LAKE,KAKAMEGA,MUMIAS EAST,DETREX,648.5733333,0.167885181,0.011776452,64.44629121,0.167902414,0.167885181,43.04272285
LAKE,KAKAMEGA,MUMIAS EAST,DIVA (PWANI OIL PRODUCTS),99.8,0.557930259,0.090737171,54.30539415,0.55941704,0.557930259,57.45131968
LAKE,KAKAMEGA,MUMIAS EAST,DIVA GLYCERIN,4.51975,0.015624533,0.003154705,,0.017015582,0.015624533,
LAKE,KAKAMEGA,MUMIAS EAST,FRESCO (PWANI OIL PRODUCTS),137.5533542,0.243424537,0.02182985,,0.243691548,0.243424537,
LAKE,KAKAMEGA,MUMIAS EAST,FRESH FRI,1550.924,0.038468208,0.003336624,39.98659082,0.03848947,0.038468208,21.53150792
LAKE,KAKAMEGA,MUMIAS EAST,MPISHI POA,10.47166667,0.003365556,0.000718413,49.67336696,0.004203409,0.003365556,25.003862
LAKE,KAKAMEGA,MUMIAS EAST,NDUME,0,0,0,15.33899468,0,0,7.66949734
LAKE,KAKAMEGA,MUMIAS EAST,ONJA,96.5,0.073924731,0.009877428,53.79714347,0.074102515,0.073924731,30.8755111
LAKE,KAKAMEGA,MUMIAS EAST,RAINBOW WASHING POWDER,19.92,0.163710778,0.073527241,,0.168813559,0.163710778,
LAKE,KAKAMEGA,MUMIAS EAST,SALIT,1590.472667,0.025063384,0.001311721,33.40488856,0.02511826,0.025063384,17.53968384
LAKE,KAKAMEGA,MUMIAS EAST,SAWA CANDLES,655.2,0.588002874,0.041867955,,0.588150808,0.588002874,
LAKE,KAKAMEGA,MUMIAS EAST,SAWA GLYCERIN,264.3554375,0.086192353,0.00845804,,0.086211142,0.086192353,
LAKE,KAKAMEGA,MUMIAS EAST,SAWA HANDWASH,153.1641667,0.352832493,0.040809706,,0.354371,0.352832493,
LAKE,KAKAMEGA,MUMIAS EAST,SAWA MILKING JELLY,410.4078333,0.089462815,0.00973376,,0.08947969,0.089462815,
LAKE,KAKAMEGA,MUMIAS EAST,SAWA PETROLLEUM JELLY,44.94375,0.13608819,0.015582177,66.6946847,0.136310905,0.13608819,42.42370126
LAKE,KAKAMEGA,MUMIAS EAST,SAWA SOAP,3631.327917,0.074542327,0.012268139,,0.074543656,0.074542327,
LAKE,KAKAMEGA,MUMIAS EAST,USHINDI BAR,616.275,0.09885373,0.007457237,54.97061151,0.098929676,0.09885373,32.91935575
LAKE,KAKAMEGA,MUMIAS EAST,USHINDI DETERGENT,0,0,,61.56176694,,0,30.78088347
LAKE,KAKAMEGA,MUMIAS EAST,USHINDI LIQUID DISHWASH,41.72633333,0.029559791,0.002643905,,0.029702094,0.029559791,
LAKE,KAKAMEGA,MUMIAS EAST,USHINDI PASTE DISHWASH,82,0.12389918,0.007831003,,0.124430956,0.12389918,
LAKE,KAKAMEGA,MUMIAS EAST,WHITE WASH (PWANI OIL PRODUCTS),56.35,0.00803855,0.001140417,45.05765285,0.008189931,0.00803855,22.89102463
LAKE,KAKAMEGA,MUMIAS EAST,ZESTA TOMATO SAUCE,0,0,,,,0,
LAKE,KAKAMEGA,MUMIAS WEST,AFRISENSE,39.5525,0.131952896,0.010845252,62.1519591,0.132680873,0.131952896,39.27711055
LAKE,KAKAMEGA,MUMIAS WEST,BELLEZA (PWANI OIL PRODUCTS),172.3152083,0.157114265,0.0147587,,0.157344247,0.157114265,
LAKE,KAKAMEGA,MUMIAS WEST,DETREX,297.045,0.076879777,0.005393586,64.44629121,0.076898895,0.076879777,37.17776209
LAKE,KAKAMEGA,MUMIAS WEST,DIVA (PWANI OIL PRODUCTS),29.6,0.163104612,0.026912027,54.30539415,0.165919283,0.163104612,36.01015731
LAKE,KAKAMEGA,MUMIAS WEST,DIVA GLYCERIN,4.51975,0.015624533,0.003154705,,0.017015582,0.015624533,
LAKE,KAKAMEGA,MUMIAS WEST,FRESCO (PWANI OIL PRODUCTS),49.9016875,0.088084731,0.007919446,,0.088406564,0.088084731,
LAKE,KAKAMEGA,MUMIAS WEST,FRESH FRI,904.9113333,0.022435679,0.001946806,39.98659082,0.022457295,0.022435679,20.89042172
LAKE,KAKAMEGA,MUMIAS WEST,FRYMATE,6,0.002036142,0.000404463,49.7624333,0.003051106,0.002036142,24.98254001
LAKE,KAKAMEGA,MUMIAS WEST,ONJA,49.25,0.037634409,0.005041071,53.79714347,0.037819159,0.037634409,28.92319541
LAKE,KAKAMEGA,MUMIAS WEST,RAINBOW WASHING POWDER,10.56,0.083901774,0.038978296,,0.089491525,0.083901774,
LAKE,KAKAMEGA,MUMIAS WEST,SALIT,928.0021667,0.01460043,0.000765357,33.40488856,0.014655894,0.01460043,17.19017002
LAKE,KAKAMEGA,MUMIAS WEST,SAWA CANDLES,346,0.310344828,0.022109756,,0.31059246,0.310344828,
LAKE,KAKAMEGA,MUMIAS WEST,SAWA GLYCERIN,128.4334583,0.041864799,0.004109223,,0.041884499,0.041864799,
LAKE,KAKAMEGA,MUMIAS WEST,SAWA HANDWASH,75.555,0.172842775,0.020131193,,0.174809171,0.172842775,
LAKE,KAKAMEGA,MUMIAS WEST,SAWA MILKING JELLY,152.1212778,0.033148517,0.003607904,,0.033166435,0.033148517,
LAKE,KAKAMEGA,MUMIAS WEST,SAWA PETROLLEUM JELLY,16.59625,0.050090253,0.005753986,66.6946847,0.050335138,0.050090253,36.68809596
LAKE,KAKAMEGA,MUMIAS WEST,SAWA SOAP,1611.089,0.033070938,0.00544293,,0.033072327,0.033070938,
LAKE,KAKAMEGA,MUMIAS WEST,USHINDI BAR,238.025,0.038128723,0.002880222,54.97061151,0.038209787,0.038128723,29.58126495
LAKE,KAKAMEGA,MUMIAS WEST,USHINDI DETERGENT,0,0,,61.56176694,,0,30.78088347
LAKE,KAKAMEGA,MUMIAS WEST,USHINDI LIQUID DISHWASH,19.62925,0.013828098,0.001243768,,0.013972707,0.013828098,
LAKE,KAKAMEGA,MUMIAS WEST,USHINDI PASTE DISHWASH,33.8,0.050713635,0.003227901,,0.051289833,0.050713635,
LAKE,KAKAMEGA,MUMIAS WEST,WHITE WASH (PWANI OIL PRODUCTS),42.475,0.006021644,0.000859613,45.05765285,0.006173333,0.006021644,22.80014759
LAKE,KAKAMEGA,MUMIAS WEST,ZESTA TOMATO SAUCE,0,0,,,,0,
LAKE,KAKAMEGA,NAVAKHOLO,BELLEZA (PWANI OIL PRODUCTS),2.788916667,0.002274381,0.000238869,,0.002546612,0.002274381,
LAKE,KAKAMEGA,NAVAKHOLO,DETREX,2.48,0.000621324,4.50E-05,64.44629121,0.000642021,0.000621324,32.26318763
LAKE,KAKAMEGA,NAVAKHOLO,DIVA GLYCERIN,0.502194444,0.000478167,0.000350523,,0.00189062,0.000478167,
LAKE,KAKAMEGA,NAVAKHOLO,FRESCO (PWANI OIL PRODUCTS),0.398416667,0.000353045,6.32E-05,,0.000705841,0.000353045,
LAKE,KAKAMEGA,NAVAKHOLO,FRESH FRI,62.37733333,0.001525948,0.000134197,39.98659082,0.001548026,0.001525948,20.05431285
LAKE,KAKAMEGA,NAVAKHOLO,ONJA,2,0.001344086,0.000204714,53.79714347,0.001535803,0.001344086,26.97087972
LAKE,KAKAMEGA,NAVAKHOLO,SALIT,118.9505,0.001822396,9.81E-05,33.40488856,0.00187858,0.001822396,16.76332122
LAKE,KAKAMEGA,NAVAKHOLO,SAWA GLYCERIN,2.950729167,0.000941745,9.44E-05,,0.000962287,0.000941745,
LAKE,KAKAMEGA,NAVAKHOLO,SAWA MILKING JELLY,3.454388889,0.000734629,8.19E-05,,0.000753148,0.000734629,
LAKE,KAKAMEGA,NAVAKHOLO,SAWA PETROLLEUM JELLY,0.1275,0.000128932,4.42E-05,66.6946847,0.000386698,0.000128932,33.35594146
LAKE,KAKAMEGA,NAVAKHOLO,SAWA SOAP,62.905,0.001289875,0.000212519,,0.00129131,0.001289875,
LAKE,KAKAMEGA,NAVAKHOLO,USHINDI BAR,13.6,0.002099087,0.000164567,54.97061151,0.002183187,0.002099087,27.60069382
LAKE,KAKAMEGA,NAVAKHOLO,WHITE WASH (PWANI OIL PRODUCTS),34.3,0.004833305,0.000694167,45.05765285,0.004985175,0.004833305,22.74660383
LAKE,KAKAMEGA,SABATIA,AFRISENSE,0.75,0.001678683,0.000205649,62.1519591,0.002515913,0.001678683,31.180313
LAKE,KAKAMEGA,SABATIA,DETREX,0.24,4.14E-05,4.36E-06,64.44629121,6.21E-05,4.14E-05,32.22581507
LAKE,KAKAMEGA,SABATIA,SAWA CANDLES,0.4,0,2.56E-05,,0.000359066,0,
LAKE,KAKAMEGA,SABATIA,SAWA PETROLLEUM JELLY,0.255,0.00051573,8.84E-05,66.6946847,0.000773395,0.00051573,33.38173878
LAKE,KAKAMEGA,SABATIA,SAWA SOAP,0.42,7.18E-06,1.42E-06,,8.62E-06,7.18E-06,
LAKE,KAKAMEGA,SABATIA,USHINDI BAR,0.525,0,6.35E-06,54.97061151,8.43E-05,0,27.48530576
LAKE,KAKAMEGA,SHINYALU,AFRISENSE,41.2075,0.137509338,0.011299052,62.1519591,0.138232655,0.137509338,39.62245428
LAKE,KAKAMEGA,SHINYALU,BELLEZA (PWANI OIL PRODUCTS),199.1087292,0.181586608,0.017053549,,0.181809914,0.181586608,
LAKE,KAKAMEGA,SHINYALU,DETREX,459.93575,0.119049745,0.008351271,64.44629121,0.119067989,0.119049745,39.89546011
LAKE,KAKAMEGA,SHINYALU,DIVA (PWANI OIL PRODUCTS),20.2,0.11023622,0.01836564,54.30539415,0.1132287,0.11023622,33.13911848
LAKE,KAKAMEGA,SHINYALU,DIVA GLYCERIN,22.84984722,0.084729825,0.015948788,,0.08602322,0.084729825,
LAKE,KAKAMEGA,SHINYALU,FRESCO (PWANI OIL PRODUCTS),76.29679167,0.134863195,0.012108375,,0.135168519,0.134863195,
LAKE,KAKAMEGA,SHINYALU,FRESH FRI,3007.3155,0.074612453,0.006469872,39.98659082,0.074632915,0.074612453,22.97679303
LAKE,KAKAMEGA,SHINYALU,FRYKING,24,0.47826087,0.099173554,,0.5,0.47826087,
LAKE,KAKAMEGA,SHINYALU,FRYMATE,12,0.005090354,0.000808925,49.7624333,0.006102212,0.005090354,25.13452504
LAKE,KAKAMEGA,SHINYALU,MPISHI POA,175.605,0.06970714,0.012047451,49.67336696,0.07048922,0.06970714,28.2992718
LAKE,KAKAMEGA,SHINYALU,NDUME,2098,0.031642887,0.002162567,15.33899468,0.031642887,0.031642887,8.154867419
LAKE,KAKAMEGA,SHINYALU,ONJA,35.5,0.027073733,0.003633665,53.79714347,0.027260511,0.027073733,28.35506122
LAKE,KAKAMEGA,SHINYALU,POPCO,1323.998,0.15959672,0.014367839,42.35977946,0.161238342,0.15959672,27.94037158
LAKE,KAKAMEGA,SHINYALU,POPCO BAR,30,0,0.001580112,,0.007575758,0,
LAKE,KAKAMEGA,SHINYALU,RAINBOW WASHING POWDER,1.92,0.010231924,0.007086963,,0.016271186,0.010231924,
LAKE,KAKAMEGA,SHINYALU,SALIT,4716.166333,0.074430096,0.003889595,33.40488856,0.074482192,0.074430096,19.18877333
LAKE,KAKAMEGA,SHINYALU,SAWA BODY WASH,9.33,0.086390889,0.01619937,,0.12422057,0.086390889,
LAKE,KAKAMEGA,SHINYALU,SAWA CANDLES,203.4,0.182291667,0.01299747,,0.182585278,0.182291667,
LAKE,KAKAMEGA,SHINYALU,SAWA GLYCERIN,151.9505278,0.049534303,0.00486165,,0.049553845,0.049534303,
LAKE,KAKAMEGA,SHINYALU,SAWA HANDWASH,15.9325,0.034567395,0.004245122,,0.036862512,0.034567395,
LAKE,KAKAMEGA,SHINYALU,SAWA MILKING JELLY,277.2713333,0.060435023,0.006576124,,0.060452435,0.060435023,
LAKE,KAKAMEGA,SHINYALU,SAWA PETROLLEUM JELLY,26.15875,0.079100052,0.009069343,66.6946847,0.079337458,0.079100052,38.62289535
LAKE,KAKAMEGA,SHINYALU,SAWA SOAP,3119.326361,0.064031978,0.010538385,,0.064033323,0.064031978,
LAKE,KAKAMEGA,SHINYALU,USHINDI BAR,605.375,0.097103823,0.007325341,54.97061151,0.097179916,0.097103823,32.82316226
LAKE,KAKAMEGA,SHINYALU,USHINDI DETERGENT,0,0,,61.56176694,,0,30.78088347
LAKE,KAKAMEGA,SHINYALU,USHINDI LIQUID DISHWASH,17.59841667,0.012382276,0.001115088,,0.012527097,0.012382276,
LAKE,KAKAMEGA,SHINYALU,USHINDI PASTE DISHWASH,28.4,0.042514425,0.002712201,,0.043095599,0.042514425,
LAKE,KAKAMEGA,SHINYALU,WHITE WASH (PWANI OIL PRODUCTS),130.2,0.018773576,0.002635001,45.05765285,0.018923318,0.018773576,23.37471969
LAKE,KAKAMEGA,SOY,4U SOAP,42,0.000806885,0.00065484,,0.00094124,0.000806885,
LAKE,KAKAMEGA,SOY,BELLEZA (PWANI OIL PRODUCTS),17.92875,0.01610262,0.001535587,,0.016371078,0.01610262,
LAKE,KAKAMEGA,SOY,DETREX,16.47555556,0.004244563,0.000299154,64.44629121,0.004265185,0.004244563,32.49669195
LAKE,KAKAMEGA,SOY,FRESCO (PWANI OIL PRODUCTS),6.573875,0.01129744,0.00104328,,0.011646374,0.01129744,
LAKE,KAKAMEGA,SOY,FRESH FRI,168.8618333,0.004168645,0.000363286,39.98659082,0.004190665,0.004168645,20.1599853
LAKE,KAKAMEGA,SOY,FRYMATE,35,0.016798167,0.002359365,49.7624333,0.017798118,0.016798167,25.71713434
LAKE,KAKAMEGA,SOY,NDUME,1653.2,0.024934233,0.001704078,15.33899468,0.024934233,0.024934233,8.05196341
LAKE,KAKAMEGA,SOY,ONJA,23.5,0.017857143,0.002405384,53.79714347,0.01804569,0.017857143,27.85923501
LAKE,KAKAMEGA,SOY,POPCO,42.764,0.003260856,0.000464069,42.35977946,0.00520786,0.003260856,21.31801887
LAKE,KAKAMEGA,SOY,SALIT,937.334,0.014747816,0.000773054,33.40488856,0.014803272,0.014747816,17.19509342
LAKE,KAKAMEGA,SOY,SAWA CANDLES,8,0.006824713,0.000511208,,0.007181329,0.006824713,
LAKE,KAKAMEGA,SOY,SAWA GLYCERIN,33.90824306,0.011037764,0.001084893,,0.011058098,0.011037764,
LAKE,KAKAMEGA,SOY,SAWA MILKING JELLY,51.12033333,0.01112725,0.001212436,,0.011145576,0.01112725,
LAKE,KAKAMEGA,SOY,SAWA PETROLLEUM JELLY,0.31875,0.000709128,0.000110512,66.6946847,0.000966744,0.000709128,33.39463745
LAKE,KAKAMEGA,SOY,SAWA SOAP,254.9413889,0.00523199,0.000861298,,0.00523342,0.00523199,
LAKE,KAKAMEGA,SOY,USHINDI BAR,15.3,0.002372008,0.000185138,54.97061151,0.002456085,0.002372008,27.61569648
LAKE,KAKAMEGA,SOY,USHINDI DETERGENT,0,0,,61.56176694,,0,30.78088347
LAKE,KAKAMEGA,SOY,USHINDI LIQUID DISHWASH,3.497833333,0.002343572,0.000221633,,0.002489866,0.002343572,
LAKE,KAKAMEGA,SOY,USHINDI PASTE DISHWASH,0.6,0.000303674,5.73E-05,,0.00091047,0.000303674,
LAKE,KAKAMEGA,SOY,WHITE WASH (PWANI OIL PRODUCTS),2.275,0.000178069,4.60E-05,45.05765285,0.000330649,0.000178069,22.5368498
LAKE,KAKAMEGA,TURBO,BELLEZA (PWANI OIL PRODUCTS),3.2869375,0.002729258,0.000281524,,0.003001364,0.002729258,
LAKE,KAKAMEGA,TURBO,DETREX,1.36,0.000331373,2.47E-05,64.44629121,0.000352076,0.000331373,32.24450135
LAKE,KAKAMEGA,TURBO,FRESCO (PWANI OIL PRODUCTS),1.19525,0.001765225,0.000189687,,0.002117522,0.001765225,
LAKE,KAKAMEGA,TURBO,FRESH FRI,15.59333333,0.000364878,3.35E-05,39.98659082,0.000386982,0.000364878,20.00788562
LAKE,KAKAMEGA,TURBO,ONJA,1.25,0.000768049,0.000127946,53.79714347,0.000959877,0.000768049,26.93989059
LAKE,KAKAMEGA,TURBO,SAWA GLYCERIN,4.363097222,0.001402353,0.000139597,,0.001422886,0.001402353,
LAKE,KAKAMEGA,TURBO,SAWA MILKING JELLY,4.238333333,0.000905553,0.000100522,,0.000924068,0.000905553,
LAKE,KAKAMEGA,TURBO,SAWA PETROLLEUM JELLY,0.34,0.000773595,0.000117879,66.6946847,0.001031194,0.000773595,33.398937
LAKE,KAKAMEGA,TURBO,SAWA SOAP,41.33443056,0.000847075,0.000139645,,0.00084851,0.000847075,
LAKE,KAKAMEGA,TURBO,USHINDI BAR,9.8,0.001489027,0.000118585,54.97061151,0.001573179,0.001489027,27.56715848
LAKE,KAKAMEGA,TURBO,USHINDI LIQUID DISHWASH,11.511,0.008048429,0.000729371,,0.008193886,0.008048429,
LAKE,KAKAMEGA,TURBO,WHITE WASH (PWANI OIL PRODUCTS),3.675,0.000381577,7.44E-05,45.05765285,0.000534126,0.000381577,22.54601938
LAKE,KISII,BOBASI,AFRISENSE,9.3475,0.030543642,0.002563074,62.1519591,0.031356664,0.030543642,32.97432671
LAKE,KISII,BOBASI,BELLEZA (PWANI OIL PRODUCTS),82.07383333,0.074690684,0.007029577,,0.074943156,0.074690684,
LAKE,KISII,BOBASI,DETREX,218.872,0.056641962,0.003974162,64.44629121,0.056661499,0.056641962,35.87350995
LAKE,KISII,BOBASI,FRESCO (PWANI OIL PRODUCTS),47.41158333,0.083671668,0.007524264,,0.083995059,0.083671668,
LAKE,KISII,BOBASI,FRESH FRI,8384.637,0.208065046,0.018038524,39.98659082,0.208082558,0.208065046,28.31310728
LAKE,KISII,BOBASI,FRYMATE,166,0.083481802,0.011190131,49.7624333,0.084413933,0.083481802,29.03547425
LAKE,KISII,BOBASI,MPISHI POA,11.51883333,0.003786251,0.000790254,49.67336696,0.00462375,0.003786251,25.02475932
LAKE,KISII,BOBASI,NDUME,18690,0.281890163,0.019265197,15.33899468,0.281890163,0.281890163,11.99340905
LAKE,KISII,BOBASI,ONJA,28.25,0.021505376,0.002891579,53.79714347,0.021693223,0.021505376,28.05549955
LAKE,KISII,BOBASI,POPCO,712.74,0.085011166,0.007734554,42.35977946,0.086798481,0.085011166,24.78094397
LAKE,KISII,BOBASI,POPCO BAR,50,0.005089059,0.002633519,,0.012626263,0.005089059,
LAKE,KISII,BOBASI,SALIT,18958.773,0.299375572,0.015635995,33.40488856,0.299415007,0.299375572,26.70305188
LAKE,KISII,BOBASI,SAWA BODY WASH,18.66,0.215977222,0.032398739,,0.248441141,0.215977222,
LAKE,KISII,BOBASI,SAWA CANDLES,135.4,0.121228448,0.008652199,,0.121543986,0.121228448,
LAKE,KISII,BOBASI,SAWA GLYCERIN,111.6629861,0.036395528,0.003572652,,0.036415341,0.036395528,
LAKE,KISII,BOBASI,SAWA HANDWASH,42.655,0.096541714,0.011365178,,0.0986895,0.096541714,
LAKE,KISII,BOBASI,SAWA MILKING JELLY,490.3502778,0.106892692,0.011629778,,0.106909243,0.106892692,
LAKE,KISII,BOBASI,SAWA PETROLLEUM JELLY,10.43375,0.031395049,0.003617423,66.6946847,0.031644754,0.031395049,35.44122524
LAKE,KISII,BOBASI,SAWA SOAP,1062.182722,0.02180301,0.003588496,,0.021804416,0.02180301,
LAKE,KISII,BOBASI,USHINDI BAR,591.425,0.094864262,0.007156539,54.97061151,0.094940544,0.094864262,32.70005223
LAKE,KISII,BOBASI,USHINDI DETERGENT,0,0,,61.56176694,,0,30.78088347
LAKE,KISII,BOBASI,USHINDI LIQUID DISHWASH,155.6003333,0.110630713,0.0098593,,0.110761128,0.110630713,
LAKE,KISII,BOBASI,USHINDI PASTE DISHWASH,59.4,0.089583966,0.005672702,,0.090136571,0.089583966,
LAKE,KISII,BOBASI,WHITE WASH (PWANI OIL PRODUCTS),62.875,0.008987041,0.001272471,45.05765285,0.009138277,0.008987041,22.9337614
LAKE,KISII,BOMACHOGE BORABU,AFRISENSE,8.28,0.026959653,0.002270367,62.1519591,0.027775681,0.026959653,32.75157479
LAKE,KISII,BOMACHOGE BORABU,BELLEZA (PWANI OIL PRODUCTS),47.41158333,0.043031295,0.004060775,,0.043292406,0.043031295,
LAKE,KISII,BOMACHOGE BORABU,DETREX,198.16,0.051279936,0.003598085,64.44629121,0.051299584,0.051279936,35.52794729
LAKE,KISII,BOMACHOGE BORABU,FRESCO (PWANI OIL PRODUCTS),43.72622917,0.077140335,0.006939395,,0.077466031,0.077140335,
LAKE,KISII,BOMACHOGE BORABU,FRESH FRI,7265.459,0.180289655,0.015630749,39.98659082,0.180307781,0.180289655,27.20246409
LAKE,KISII,BOMACHOGE BORABU,FRYMATE,1571,0.798676508,0.105901783,49.7624333,0.798881261,0.798676508,64.62530311
LAKE,KISII,BOMACHOGE BORABU,MPISHI POA,37.698,0.014303615,0.002586286,49.67336696,0.015132272,0.014303615,25.54719219
LAKE,KISII,BOMACHOGE BORABU,NDUME,45030,0.67916073,0.046415827,15.33899468,0.67916073,0.67916073,18.08714017
LAKE,KISII,BOMACHOGE BORABU,ONJA,15.5,0.01171275,0.00158653,53.79714347,0.011902476,0.01171275,27.52868421
LAKE,KISII,BOMACHOGE BORABU,POPCO,285.084,0.032828684,0.003093691,42.35977946,0.034717931,0.032828684,22.57050554
LAKE,KISII,BOMACHOGE BORABU,POPCO BAR,540,0.129770992,0.02844201,,0.136363636,0.129770992,
LAKE,KISII,BOMACHOGE BORABU,SALIT,42489.23367,0.671011944,0.035042428,33.40488856,0.671030461,0.671011944,39.11752349
LAKE,KISII,BOMACHOGE BORABU,SAWA BODY WASH,9.33,0.086390889,0.01619937,,0.12422057,0.086390889,
LAKE,KISII,BOMACHOGE BORABU,SAWA CANDLES,500.6,0.449173851,0.031988856,,0.449371634,0.449173851,
LAKE,KISII,BOMACHOGE BORABU,SAWA GLYCERIN,118.0054097,0.038463951,0.003775578,,0.038483722,0.038463951,
LAKE,KISII,BOMACHOGE BORABU,SAWA HANDWASH,24.15916667,0.053646526,0.00643707,,0.055896286,0.053646526,
LAKE,KISII,BOMACHOGE BORABU,SAWA MILKING JELLY,296.0518889,0.064529753,0.007021547,,0.06454709,0.064529753,
LAKE,KISII,BOMACHOGE BORABU,SAWA PETROLLEUM JELLY,7.16125,0.021467251,0.002482834,66.6946847,0.021719515,0.021467251,34.7790939
LAKE,KISII,BOMACHOGE BORABU,SAWA SOAP,1583.216417,0.03249877,0.005348765,,0.032500161,0.03249877,
LAKE,KISII,BOMACHOGE BORABU,USHINDI BAR,702.2,0.112648301,0.008496972,54.97061151,0.112723084,0.112648301,33.67765173
LAKE,KISII,BOMACHOGE BORABU,USHINDI DETERGENT,0,0,,61.56176694,,0,30.78088347
LAKE,KISII,BOMACHOGE BORABU,USHINDI LIQUID DISHWASH,304.7329167,0.216803465,0.019308784,,0.216918311,0.216803465,
LAKE,KISII,BOMACHOGE BORABU,USHINDI PASTE DISHWASH,23.8,0.035529912,0.002272901,,0.036115326,0.035529912,
LAKE,KISII,BOMACHOGE BORABU,WHITE WASH (PWANI OIL PRODUCTS),22.575,0.003128929,0.000456875,45.05765285,0.003281059,0.003128929,22.66980864
LAKE,KISII,BOMACHOGE CHACHE,AFRISENSE,1.28,0.003458087,0.000350975,62.1519591,0.004293825,0.003458087,31.29090646
LAKE,KISII,BOMACHOGE CHACHE,BELLEZA (PWANI OIL PRODUCTS),17.43072917,0.015647744,0.001492932,,0.015916326,0.015647744,
LAKE,KISII,BOMACHOGE CHACHE,DETREX,72.236,0.018680104,0.001311623,64.44629121,0.018700428,0.018680104,33.42700905
LAKE,KISII,BOMACHOGE CHACHE,FRESCO (PWANI OIL PRODUCTS),23.20777083,0.040776699,0.003683096,,0.041115229,0.040776699,
LAKE,KISII,BOMACHOGE CHACHE,FRESH FRI,3843.450333,0.095363372,0.008268714,39.98659082,0.095383375,0.095363372,23.80655153
LAKE,KISII,BOMACHOGE CHACHE,FRYMATE,233,0.117587172,0.01570663,49.7624333,0.118484617,0.117587172,30.73264047
LAKE,KISII,BOMACHOGE CHACHE,MPISHI POA,39.79233333,0.015145004,0.002729969,49.67336696,0.015972954,0.015145004,25.58898682
LAKE,KISII,BOMACHOGE CHACHE,NDUME,14360,0.216583346,0.014801938,15.33899468,0.216583346,0.216583346,10.99166814
LAKE,KISII,BOMACHOGE CHACHE,ONJA,9.25,0.006912442,0.0009468,53.79714347,0.007103091,0.006912442,27.27044139
LAKE,KISII,BOMACHOGE CHACHE,POPCO,121.158,0.012826473,0.001314789,42.35977946,0.014754792,0.012826473,21.7232163
LAKE,KISII,BOMACHOGE CHACHE,POPCO BAR,100,0.017811705,0.005267039,,0.025252525,0.017811705,
LAKE,KISII,BOMACHOGE CHACHE,SALIT,12931.53883,0.204182389,0.010665114,33.40488856,0.204227182,0.204182389,23.52313422
LAKE,KISII,BOMACHOGE CHACHE,SAWA BODY WASH,6.22,0.043195444,0.01079958,,0.082813714,0.043195444,
LAKE,KISII,BOMACHOGE CHACHE,SAWA CANDLES,151.6,0.135775862,0.009687396,,0.136086176,0.135775862,
LAKE,KISII,BOMACHOGE CHACHE,SAWA GLYCERIN,62.16786806,0.020253934,0.001989058,,0.020274078,0.020253934,
LAKE,KISII,BOMACHOGE CHACHE,SAWA HANDWASH,8.224166667,0.016690374,0.002191282,,0.01902799,0.016690374,
LAKE,KISII,BOMACHOGE CHACHE,SAWA MILKING JELLY,83.79455556,0.018251221,0.001987379,,0.018269415,0.018251221,
LAKE,KISII,BOMACHOGE CHACHE,SAWA PETROLLEUM JELLY,3.93125,0.011668386,0.00136298,66.6946847,0.011923176,0.011668386,34.12556166
LAKE,KISII,BOMACHOGE CHACHE,SAWA SOAP,528.6519167,0.01085071,0.001786007,,0.010852131,0.01085071,
LAKE,KISII,BOMACHOGE CHACHE,USHINDI BAR,294.95,0.047267575,0.003569043,54.97061151,0.047347869,0.047267575,30.08363328
LAKE,KISII,BOMACHOGE CHACHE,USHINDI DETERGENT,0,0,,61.56176694,,0,30.78088347
LAKE,KISII,BOMACHOGE CHACHE,USHINDI LIQUID DISHWASH,49.25241667,0.034917876,0.00312078,,0.035059393,0.034917876,
LAKE,KISII,BOMACHOGE CHACHE,USHINDI PASTE DISHWASH,28.2,0.04221075,0.002693101,,0.042792109,0.04221075,
LAKE,KISII,BOMACHOGE CHACHE,WHITE WASH (PWANI OIL PRODUCTS),34.45,0.00485511,0.000697203,45.05765285,0.005006976,0.00485511,22.74758628
LAKE,KISII,BONCHARI,AFRISENSE,0.25,0,6.85E-05,62.1519591,0.000838638,0,31.07597955
LAKE,KISII,BONCHARI,BELLEZA (PWANI OIL PRODUCTS),34.16422917,0.030931587,0.002926147,,0.031195998,0.030931587,
LAKE,KISII,BONCHARI,DETREX,591.684,0.153157387,0.010743486,64.44629121,0.153174925,0.153157387,42.09357117
LAKE,KISII,BONCHARI,DIVA (PWANI OIL PRODUCTS),21.1,0.115298088,0.019183911,54.30539415,0.118273543,0.115298088,33.41400517
LAKE,KISII,BONCHARI,FRESCO (PWANI OIL PRODUCTS),23.307375,0.040953222,0.003698903,,0.041291689,0.040953222,
LAKE,KISII,BONCHARI,FRESH FRI,8228.202833,0.204182715,0.017701975,39.98659082,0.204200312,0.204182715,28.15786608
LAKE,KISII,BONCHARI,FRYMATE,29,0.013743955,0.001954902,49.7624333,0.014747012,0.013743955,25.5651493
LAKE,KISII,BONCHARI,MPISHI POA,54.35566667,0.020995759,0.003729092,49.67336696,0.02181879,0.020995759,25.8796135
LAKE,KISII,BONCHARI,NDUME,66302.42,1,0.068342919,15.33899468,1,1,23.00849202
LAKE,KISII,BONCHARI,ONJA,30.75,0.023425499,0.003147471,53.79714347,0.023612978,0.023425499,28.15879668
LAKE,KISII,BONCHARI,POPCO,1167.208,0.140465242,0.012666376,42.35977946,0.142144234,0.140465242,27.1299664
LAKE,KISII,BONCHARI,POPCO BAR,300,0.06870229,0.015801117,,0.075757576,0.06870229,
LAKE,KISII,BONCHARI,POPCO LAUNDRY SOAP,20,0,0.051072523,,0.2,0,
LAKE,KISII,BONCHARI,SALIT,53354.21167,0.842611687,0.044003174,33.40488856,0.842620546,0.842611687,44.84979379
LAKE,KISII,BONCHARI,SAWA CANDLES,225.4,0.202047414,0.014403292,,0.202333932,0.202047414,
LAKE,KISII,BONCHARI,SAWA GLYCERIN,106.9355069,0.034853779,0.003421397,,0.034873624,0.034853779,
LAKE,KISII,BONCHARI,SAWA HANDWASH,1.0275,0,0.000273771,,0.002377294,0,
LAKE,KISII,BONCHARI,SAWA MILKING JELLY,228.6041667,0.049824105,0.00542187,,0.049841714,0.049824105,
LAKE,KISII,BONCHARI,SAWA PETROLLEUM JELLY,6.73625,0.020177927,0.002335485,66.6946847,0.020430523,0.020177927,34.69310281
LAKE,KISII,BONCHARI,SAWA SOAP,2333.617917,0.047902984,0.007883934,,0.047904352,0.047902984,
LAKE,KISII,BONCHARI,USHINDI BAR,862.925,0.138451412,0.010441826,54.97061151,0.138524021,0.138451412,35.09606454
LAKE,KISII,BONCHARI,USHINDI DETERGENT,0,0,,61.56176694,,0,30.78088347
LAKE,KISII,BONCHARI,USHINDI LIQUID DISHWASH,155.4076667,0.110493547,0.009847092,,0.110623981,0.110493547,
LAKE,KISII,BONCHARI,USHINDI PASTE DISHWASH,115.8,0.175220164,0.011058904,,0.175720789,0.175220164,
LAKE,KISII,BONCHARI,WHITE WASH (PWANI OIL PRODUCTS),895.05,0.129954138,0.018114112,45.05765285,0.130086914,0.129954138,28.38425487
LAKE,KISII,KILGORIS,AFRISENSE,0.5,0.000839342,0.000137099,62.1519591,0.001677275,0.000839342,31.12814628
LAKE,KISII,KILGORIS,BELLEZA (PWANI OIL PRODUCTS),6.474270833,0.005640466,0.000554518,,0.005911778,0.005640466,
LAKE,KISII,KILGORIS,DETREX,21.12,0.00544694,0.000383486,64.44629121,0.005467537,0.00544694,32.57418068
LAKE,KISII,KILGORIS,FRESCO (PWANI OIL PRODUCTS),8.565958333,0.014827891,0.001359426,,0.015175578,0.014827891,
LAKE,KISII,KILGORIS,FRESH FRI,547.0925,0.013555449,0.001177003,39.98659082,0.013577261,0.013555449,20.5353316
LAKE,KISII,KILGORIS,FRYMATE,2.5,0.000254518,0.000168526,49.7624333,0.001271294,0.000254518,24.89388207
LAKE,KISII,KILGORIS,MPISHI POA,4.188666667,0.000841389,0.000287365,49.67336696,0.001681364,0.000841389,24.87847811
LAKE,KISII,KILGORIS,ONJA,3,0.002112135,0.00030707,53.79714347,0.002303705,0.002112135,27.01219857
LAKE,KISII,KILGORIS,SALIT,186.2203333,0.002884845,0.000153583,33.40488856,0.002940969,0.002884845,16.79881221
LAKE,KISII,KILGORIS,SAWA CANDLES,2,0.001436782,0.000127802,,0.001795332,0.001436782,
LAKE,KISII,KILGORIS,SAWA GLYCERIN,18.96570139,0.006164627,0.000606807,,0.006185062,0.006164627,
LAKE,KISII,KILGORIS,SAWA HANDWASH,4.625833333,0.008345187,0.001232527,,0.010702642,0.008345187,
LAKE,KISII,KILGORIS,SAWA MILKING JELLY,18.19461111,0.003948444,0.000431527,,0.003966903,0.003948444,
LAKE,KISII,KILGORIS,SAWA PETROLLEUM JELLY,7.055,0.02114492,0.002445997,66.6946847,0.021397267,0.02114492,34.75759613
LAKE,KISII,KILGORIS,SAWA SOAP,109.3526667,0.00224335,0.000369439,,0.002244784,0.00224335,
LAKE,KISII,KILGORIS,USHINDI BAR,47.875,0.007601663,0.000579312,54.97061151,0.0076853,0.007601663,27.90317383
LAKE,KISII,KILGORIS,USHINDI DETERGENT,0,0,,61.56176694,,0,30.78088347
LAKE,KISII,KILGORIS,USHINDI LIQUID DISHWASH,22.09708333,0.015585035,0.001400137,,0.015729387,0.015585035,
LAKE,KISII,KILGORIS,USHINDI PASTE DISHWASH,8,0.01153963,0.000764,,0.012139605,0.01153963,
LAKE,KISII,KILGORIS,WHITE WASH (PWANI OIL PRODUCTS),12.95,0.001729815,0.000262083,45.05765285,0.001882158,0.001729815,22.60676781
LAKE,KISII,KITUTU CHACHE NORTH,AFRISENSE,1.8475,0.005363393,0.000506582,62.1519591,0.006197533,0.005363393,31.40932493
LAKE,KISII,KITUTU CHACHE NORTH,BELLEZA (PWANI OIL PRODUCTS),10.85685417,0.009643377,0.000929883,,0.009913597,0.009643377,
LAKE,KISII,KITUTU CHACHE NORTH,DETREX,34.16,0.0088228,0.000620259,64.44629121,0.008843328,0.0088228,32.79174234
LAKE,KISII,KITUTU CHACHE NORTH,FRESCO (PWANI OIL PRODUCTS),4.880604167,0.008296558,0.000774557,,0.00864655,0.008296558,
LAKE,KISII,KITUTU CHACHE NORTH,FRESH FRI,1184.640167,0.029377897,0.002548609,39.98659082,0.029399359,0.029377897,21.16801735
LAKE,KISII,KITUTU CHACHE NORTH,NDUME,300,0.004524722,0.000309233,15.33899468,0.004524722,0.004524722,7.738902022
LAKE,KISII,KITUTU CHACHE NORTH,ONJA,8.25,0.006144393,0.000844443,53.79714347,0.006335189,0.006144393,27.22912254
LAKE,KISII,KITUTU CHACHE NORTH,RAINBOW WASHING POWDER,1.5,0.00665075,0.00553669,,0.012711864,0.00665075,
LAKE,KISII,KITUTU CHACHE NORTH,SALIT,490.5018333,0.007690619,0.000404535,33.40488856,0.007746472,0.007690619,16.95934855
LAKE,KISII,KITUTU CHACHE NORTH,SAWA CANDLES,3.4,0.002693966,0.000217264,,0.003052065,0.002693966,
LAKE,KISII,KITUTU CHACHE NORTH,SAWA GLYCERIN,20.79419444,0.006760945,0.000665309,,0.006781367,0.006760945,
LAKE,KISII,KITUTU CHACHE NORTH,SAWA HANDWASH,21.07,0.046482189,0.00561398,,0.048748981,0.046482189,
LAKE,KISII,KITUTU CHACHE NORTH,SAWA MILKING JELLY,31.8835,0.006933037,0.00075619,,0.006951441,0.006933037,
LAKE,KISII,KITUTU CHACHE NORTH,SAWA PETROLLEUM JELLY,1.105,0.003094379,0.000383108,66.6946847,0.003351379,0.003094379,33.55372095
LAKE,KISII,KITUTU CHACHE NORTH,SAWA SOAP,233.1772778,0.004785217,0.00078777,,0.004786648,0.004785217,
LAKE,KISII,KITUTU CHACHE NORTH,USHINDI BAR,132.5,0.021187529,0.001603317,54.97061151,0.021270021,0.021187529,28.64999719
LAKE,KISII,KITUTU CHACHE NORTH,USHINDI DETERGENT,0,0,,61.56176694,,0,30.78088347
LAKE,KISII,KITUTU CHACHE NORTH,USHINDI LIQUID DISHWASH,55.08966667,0.03907362,0.003490645,,0.039214528,0.03907362,
LAKE,KISII,KITUTU CHACHE NORTH,USHINDI PASTE DISHWASH,10.8,0.015791072,0.0010314,,0.016388467,0.015791072,
LAKE,KISII,KITUTU CHACHE NORTH,WHITE WASH (PWANI OIL PRODUCTS),6.3,0.000763153,0.0001275,45.05765285,0.000915644,0.000763153,22.56321233
LAKE,KISII,KITUTU CHACHE SOUTH,AFRISENSE,41.8375,0.139624479,0.011471797,62.1519591,0.140346022,0.139624479,39.75391443
LAKE,KISII,KITUTU CHACHE SOUTH,BELLEZA (PWANI OIL PRODUCTS),121.1186667,0.110352984,0.010373745,,0.110595725,0.110352984,
LAKE,KISII,KITUTU CHACHE SOUTH,DETREX,1479.287833,0.382944684,0.026860128,64.44629121,0.382957463,0.382944684,56.9025102
LAKE,KISII,KITUTU CHACHE SOUTH,DIVA (PWANI OIL PRODUCTS),102.1,0.570866142,0.092828309,54.30539415,0.572309417,0.570866142,58.15380791
LAKE,KISII,KITUTU CHACHE SOUTH,FRESCO (PWANI OIL PRODUCTS),96.41683333,0.170520741,0.015301445,,0.170813482,0.170520741,
LAKE,KISII,KITUTU CHACHE SOUTH,FRESH FRI,19059.51933,0.47299076,0.041004231,39.98659082,0.473002413,0.472990759,38.90658337
LAKE,KISII,KITUTU CHACHE SOUTH,FRYKING,2,0,0.008264463,,0.041666667,0,
LAKE,KISII,KITUTU CHACHE SOUTH,FRYMATE,1966.5,1,0.132562607,49.7624333,1,1,74.64364995
LAKE,KISII,KITUTU CHACHE SOUTH,MPISHI POA,158.978,0.063027316,0.010906749,49.67336696,0.063815012,0.063027316,27.96746248
LAKE,KISII,KITUTU CHACHE SOUTH,NDUME,63100.23,0.951703271,0.06504218,15.33899468,0.951703271,0.951703271,22.26766875
LAKE,KISII,KITUTU CHACHE SOUTH,ONJA,31,0.023617512,0.00317306,53.79714347,0.023804953,0.023617512,28.16912639
LAKE,KISII,KITUTU CHACHE SOUTH,POPCO,1275.759333,0.153710649,0.01384436,42.35977946,0.155363769,0.153710649,27.69103893
LAKE,KISII,KITUTU CHACHE SOUTH,POPCO BAR,475,0.113231552,0.025018435,,0.119949495,0.113231552,
LAKE,KISII,KITUTU CHACHE SOUTH,RAINBOW WASHING POWDER,7.9,0.06122101,0.0291599,,0.066949153,0.06122101,
LAKE,KISII,KITUTU CHACHE SOUTH,SALIT,32899.43867,0.519552239,0.027133373,33.40488856,0.519579282,0.519552239,34.05802893
LAKE,KISII,KITUTU CHACHE SOUTH,SAWA BODY WASH,9.33,0.086390889,0.01619937,,0.12422057,0.086390889,
LAKE,KISII,KITUTU CHACHE SOUTH,SAWA CANDLES,556.6,0.499461207,0.035567313,,0.499640934,0.499461207,
LAKE,KISII,KITUTU CHACHE SOUTH,SAWA GLYCERIN,249.7312847,0.081423051,0.007990141,,0.081441938,0.081423051,
LAKE,KISII,KITUTU CHACHE SOUTH,SAWA HANDWASH,85.82083333,0.196651102,0.022866465,,0.198560899,0.196651102,
LAKE,KISII,KITUTU CHACHE SOUTH,SAWA MILKING JELLY,493.5995,0.107601121,0.011706841,,0.107617659,0.107601121,
LAKE,KISII,KITUTU CHACHE SOUTH,SAWA PETROLLEUM JELLY,42.60625,0.128996906,0.014771756,66.6946847,0.129221449,0.128996906,41.9507503
LAKE,KISII,KITUTU CHACHE SOUTH,SAWA SOAP,4316.76725,0.088613,0.014583839,,0.088614309,0.088613,
LAKE,KISII,KITUTU CHACHE SOUTH,USHINDI BAR,1579.65,0.25351587,0.019114558,54.97061151,0.253578781,0.25351587,41.42122813
LAKE,KISII,KITUTU CHACHE SOUTH,USHINDI DETERGENT,0,0,,61.56176694,,0,30.78088347
LAKE,KISII,KITUTU CHACHE SOUTH,USHINDI LIQUID DISHWASH,447.5211667,0.318459462,0.028356273,,0.318559401,0.318459462,
LAKE,KISII,KITUTU CHACHE SOUTH,USHINDI PASTE DISHWASH,180.4,0.273307015,0.017228207,,0.273748103,0.273307015,
LAKE,KISII,KITUTU CHACHE SOUTH,WHITE WASH (PWANI OIL PRODUCTS),183.375,0.026503231,0.003711162,45.05765285,0.026651794,0.026503231,23.72299979
LAKE,KISII,KITUTU MASABA,AFRISENSE,5.9,0.018969121,0.001617774,62.1519591,0.01979185,0.018969121,32.25494756
LAKE,KISII,KITUTU MASABA,BELLEZA (PWANI OIL PRODUCTS),35.95710417,0.032569141,0.003079706,,0.032833106,0.032569141,
LAKE,KISII,KITUTU MASABA,DETREX,1183.472333,0.306362495,0.021488866,64.44629121,0.306376861,0.306362495,51.96707218
LAKE,KISII,KITUTU MASABA,DIVA (PWANI OIL PRODUCTS),64.4,0.358830146,0.058551842,54.30539415,0.360986547,0.358830146,46.6391096
LAKE,KISII,KITUTU MASABA,FRESCO (PWANI OIL PRODUCTS),18.2275625,0.031950574,0.002892732,,0.032292218,0.031950574,
LAKE,KISII,KITUTU MASABA,FRESH FRI,6494.796167,0.161163599,0.013972762,39.98659082,0.161182148,0.161163599,26.43767831
LAKE,KISII,KITUTU MASABA,FRYMATE,133,0.066683635,0.008965587,49.7624333,0.06763285,0.066683635,28.19955656
LAKE,KISII,KITUTU MASABA,MPISHI POA,26.17916667,0.009675975,0.001796032,49.67336696,0.010508522,0.009675975,25.31732173
LAKE,KISII,KITUTU MASABA,NDUME,720,0.010859332,0.000742158,15.33899468,0.010859332,0.010859332,7.836068578
LAKE,KISII,KITUTU MASABA,ONJA,4,0.002880184,0.000409427,53.79714347,0.003071607,0.002880184,27.05351742
LAKE,KISII,KITUTU MASABA,SALIT,5027.490833,0.079347105,0.004146356,33.40488856,0.079398925,0.079347105,19.35302549
LAKE,KISII,KITUTU MASABA,SAWA BODY WASH,3.11,0,0.00539979,,0.041406857,0,
LAKE,KISII,KITUTU MASABA,SAWA CANDLES,33.6,0.029813218,0.002147075,,0.03016158,0.029813218,
LAKE,KISII,KITUTU MASABA,SAWA GLYCERIN,72.60982639,0.023659317,0.002323148,,0.023679392,0.023659317,
LAKE,KISII,KITUTU MASABA,SAWA HANDWASH,11.30833333,0.023843115,0.00301304,,0.026163727,0.023843115,
LAKE,KISII,KITUTU MASABA,SAWA MILKING JELLY,91.46611111,0.019923852,0.002169328,,0.019942015,0.019923852,
LAKE,KISII,KITUTU MASABA,SAWA PETROLLEUM JELLY,9.54125,0.028687468,0.003307989,66.6946847,0.028937871,0.028687468,35.26064397
LAKE,KISII,KITUTU MASABA,SAWA SOAP,934.9791667,0.01919178,0.003158749,,0.01919319,0.01919178,
LAKE,KISII,KITUTU MASABA,USHINDI BAR,608.75,0.097645652,0.007366181,54.97061151,0.0977217,0.097645652,32.85294694
LAKE,KISII,KITUTU MASABA,USHINDI DETERGENT,0,0,,61.56176694,,0,30.78088347
LAKE,KISII,KITUTU MASABA,USHINDI LIQUID DISHWASH,237.842,0.169181459,0.015070377,,0.169303288,0.169181459,
LAKE,KISII,KITUTU MASABA,USHINDI PASTE DISHWASH,78.8,0.119040389,0.007525403,,0.119575114,0.119040389,
LAKE,KISII,KITUTU MASABA,WHITE WASH (PWANI OIL PRODUCTS),6.65,0.00081403,0.000134583,45.05765285,0.000966514,0.00081403,22.56550472
LAKE,KISII,NYARIBARI CHACHE,4U SOAP,6,0,9.35E-05,,0.000134463,0,
LAKE,KISII,NYARIBARI CHACHE,AFRISENSE,33.635,0.11208568,0.00922268,62.1519591,0.112830318,0.11208568,38.04232415
LAKE,KISII,NYARIBARI CHACHE,BELLEZA (PWANI OIL PRODUCTS),224.5077917,0.204785298,0.019228965,,0.205002274,0.204785298,
LAKE,KISII,NYARIBARI CHACHE,DETREX,2353.561833,0.609281087,0.042734733,64.44629121,0.609289179,0.609281087,71.48905195
LAKE,KISII,NYARIBARI CHACHE,DIVA (PWANI OIL PRODUCTS),178.4,1,0.162199513,54.30539415,1,1,81.45809123
LAKE,KISII,NYARIBARI CHACHE,FRESCO (PWANI OIL PRODUCTS),140.6410833,0.248896734,0.022319876,,0.249161814,0.248896734,
LAKE,KISII,NYARIBARI CHACHE,FRESH FRI,40294.76133,1,0.086689263,39.98659082,1,1,59.97988623
LAKE,KISII,NYARIBARI CHACHE,FRYKING,24,0.47826087,0.099173554,,0.5,0.47826087,
LAKE,KISII,NYARIBARI CHACHE,FRYMATE,1226.5,0.62331382,0.08267889,49.7624333,0.623696923,0.62331382,55.89882906
LAKE,KISII,NYARIBARI CHACHE,MPISHI POA,276.036,0.110054848,0.018937559,49.67336696,0.110803008,0.110054848,30.30347831
LAKE,KISII,NYARIBARI CHACHE,NDUME,64741.075,0.976451161,0.066733523,15.33899468,0.976451161,0.976451161,22.64727651
LAKE,KISII,NYARIBARI CHACHE,ONJA,56.25,0.043010753,0.005757568,53.79714347,0.043194471,0.043010753,29.21242737
LAKE,KISII,NYARIBARI CHACHE,POPCO,3929.222,0.477485524,0.042639362,42.35977946,0.47850619,0.477485524,41.40607123
LAKE,KISII,NYARIBARI CHACHE,POPCO BAR,421,0.099491094,0.022174234,,0.106313131,0.099491094,
LAKE,KISII,NYARIBARI CHACHE,RAINBOW WASHING POWDER,11.44,0.091405184,0.042226488,,0.096949153,0.091405184,
LAKE,KISII,NYARIBARI CHACHE,SALIT,55212.85333,0.87196678,0.045536063,33.40488856,0.871973986,0.87196678,45.83039738
LAKE,KISII,NYARIBARI CHACHE,SAWA BODY WASH,6.22,0.043195444,0.01079958,,0.082813714,0.043195444,
LAKE,KISII,NYARIBARI CHACHE,SAWA CANDLES,1114,1,0.071185748,,1,1,
LAKE,KISII,NYARIBARI CHACHE,SAWA GLYCERIN,470.8438333,0.153533379,0.015064627,,0.153550783,0.153533379,
LAKE,KISII,NYARIBARI CHACHE,SAWA HANDWASH,37.01,0.083449937,0.0098611,,0.085628845,0.083449937,
LAKE,KISII,NYARIBARI CHACHE,SAWA MILKING JELLY,823.6556111,0.179563357,0.019534876,,0.179578562,0.179563357,
LAKE,KISII,NYARIBARI CHACHE,SAWA PETROLLEUM JELLY,31.42875,0.095087674,0.010896472,66.6946847,0.095320959,0.095087674,39.68918479
LAKE,KISII,NYARIBARI CHACHE,SAWA SOAP,8479.243028,0.174060147,0.028646417,,0.174061333,0.174060147,
LAKE,KISII,NYARIBARI CHACHE,USHINDI BAR,4027.425,0.646486539,0.048733864,54.97061151,0.646516332,0.646486539,63.02306611
LAKE,KISII,NYARIBARI CHACHE,USHINDI DETERGENT,0,0,,61.56176694,,0,30.78088347
LAKE,KISII,NYARIBARI CHACHE,USHINDI LIQUID DISHWASH,1281.067833,0.911890767,0.08117227,,0.911903687,0.911890767,
LAKE,KISII,NYARIBARI CHACHE,USHINDI PASTE DISHWASH,625.6,0.949286365,0.059744824,,0.949317147,0.949286365,
LAKE,KISII,NYARIBARI CHACHE,WHITE WASH (PWANI OIL PRODUCTS),342.125,0.049579539,0.00692396,45.05765285,0.04972458,0.049579539,24.76276407
LAKE,KISII,NYARIBARI MASABA,AFRISENSE,0.77,0.001745831,0.000211133,62.1519591,0.002583004,0.001745831,31.18448634
LAKE,KISII,NYARIBARI MASABA,BELLEZA (PWANI OIL PRODUCTS),28.28758333,0.025564047,0.002422815,,0.025829923,0.025564047,
LAKE,KISII,NYARIBARI MASABA,DETREX,65.92,0.017044987,0.001196941,64.44629121,0.017065344,0.017044987,33.32163179
LAKE,KISII,NYARIBARI MASABA,FRESCO (PWANI OIL PRODUCTS),16.135875,0.028243601,0.002560779,,0.028586554,0.028243601,
LAKE,KISII,NYARIBARI MASABA,FRESH FRI,4379.422833,0.108664961,0.009421794,39.98659082,0.10868467,0.108664961,24.33843673
LAKE,KISII,NYARIBARI MASABA,FRYMATE,162,0.08144566,0.010920489,49.7624333,0.082379863,0.08144566,28.9341509
LAKE,KISII,NYARIBARI MASABA,MPISHI POA,55.49983333,0.021455422,0.003807588,49.67336696,0.022278067,0.021455422,25.90244655
LAKE,KISII,NYARIBARI MASABA,NDUME,8140,0.122770783,0.008390514,15.33899468,0.122770783,0.122770783,9.552677723
LAKE,KISII,NYARIBARI MASABA,ONJA,15.75,0.011904762,0.001612119,53.79714347,0.012094452,0.011904762,27.53901392
LAKE,KISII,NYARIBARI MASABA,POPCO,229.838,0.02608758,0.002494169,42.35977946,0.027989995,0.02608758,22.28495388
LAKE,KISII,NYARIBARI MASABA,POPCO BAR,120,0.022900763,0.006320447,,0.03030303,0.022900763,
LAKE,KISII,NYARIBARI MASABA,SALIT,4344.989833,0.068567793,0.003583472,33.40488856,0.068620219,0.068567793,18.99294375
LAKE,KISII,NYARIBARI MASABA,SAWA BODY WASH,18.64,0.215699437,0.032364014,,0.248174859,0.215699437,
LAKE,KISII,NYARIBARI MASABA,SAWA CANDLES,59,0.052622126,0.003770161,,0.052962298,0.052622126,
LAKE,KISII,NYARIBARI MASABA,SAWA GLYCERIN,67.32552778,0.021935975,0.002154077,,0.021956086,0.021935975,
LAKE,KISII,NYARIBARI MASABA,SAWA HANDWASH,20.56,0.045299406,0.005478093,,0.04756901,0.045299406,
LAKE,KISII,NYARIBARI MASABA,SAWA MILKING JELLY,147.5678333,0.032155728,0.003499909,,0.032173665,0.032155728,
LAKE,KISII,NYARIBARI MASABA,SAWA PETROLLEUM JELLY,1.38125,0.003932439,0.000478885,66.6946847,0.004189224,0.003932439,33.60961516
LAKE,KISII,NYARIBARI MASABA,SAWA SOAP,862.0383333,0.017694454,0.002912325,,0.017695865,0.017694454,
LAKE,KISII,NYARIBARI MASABA,USHINDI BAR,250.275,0.040095362,0.003028453,54.97061151,0.04017626,0.040095362,29.68937232
LAKE,KISII,NYARIBARI MASABA,USHINDI DETERGENT,0,0,,61.56176694,,0,30.78088347
LAKE,KISII,NYARIBARI MASABA,USHINDI LIQUID DISHWASH,56.73266667,0.04024333,0.003594751,,0.040384066,0.04024333,
LAKE,KISII,NYARIBARI MASABA,USHINDI PASTE DISHWASH,54,0.081384756,0.005157002,,0.081942337,0.081384756,
LAKE,KISII,NYARIBARI MASABA,WHITE WASH (PWANI OIL PRODUCTS),115.225,0.016596771,0.002331935,45.05765285,0.016746846,0.016596771,23.27663799
LAKE,KISII,SOUTH MUGIRANGO,AFRISENSE,1.79,0.005170344,0.000490816,62.1519591,0.006004646,0.005170344,31.39732658
LAKE,KISII,SOUTH MUGIRANGO,BELLEZA (PWANI OIL PRODUCTS),14.74141667,0.013191412,0.001262594,,0.013460664,0.013191412,
LAKE,KISII,SOUTH MUGIRANGO,DETREX,34.32,0.008864222,0.000623164,64.44629121,0.008884748,0.008864222,32.79441181
LAKE,KISII,SOUTH MUGIRANGO,FRESCO (PWANI OIL PRODUCTS),10.159625,0.017652251,0.001612342,,0.017998941,0.017652251,
LAKE,KISII,SOUTH MUGIRANGO,FRESH FRI,1295.124,0.032119848,0.002786301,39.98659082,0.03214125,0.032119848,21.27765864
LAKE,KISII,SOUTH MUGIRANGO,MPISHI POA,74.34883333,0.029027924,0.005100731,49.67336696,0.029844203,0.029027924,26.27859822
LAKE,KISII,SOUTH MUGIRANGO,NDUME,166,0.002503679,0.000171109,15.33899468,0.002503679,0.002503679,7.707901264
LAKE,KISII,SOUTH MUGIRANGO,ONJA,2,0.001344086,0.000204714,53.79714347,0.001535803,0.001344086,26.97087972
LAKE,KISII,SOUTH MUGIRANGO,SALIT,797.4516667,0.012538536,0.000657688,33.40488856,0.012594117,0.012538536,17.12129268
LAKE,KISII,SOUTH MUGIRANGO,SAWA CANDLES,18.8,0.016522989,0.001201339,,0.016876122,0.016522989,
LAKE,KISII,SOUTH MUGIRANGO,SAWA GLYCERIN,29.53292361,0.009610863,0.000944905,,0.009631226,0.009610863,
LAKE,KISII,SOUTH MUGIRANGO,SAWA HANDWASH,22.09833333,0.04886708,0.005887973,,0.051128202,0.04886708,
LAKE,KISII,SOUTH MUGIRANGO,SAWA MILKING JELLY,53.43994444,0.011632995,0.00126745,,0.011651312,0.011632995,
LAKE,KISII,SOUTH MUGIRANGO,SAWA PETROLLEUM JELLY,1.16875,0.003287777,0.00040521,66.6946847,0.003544728,0.003287777,33.56661961
LAKE,KISII,SOUTH MUGIRANGO,SAWA SOAP,273.341875,0.005609715,0.000923463,,0.005611144,0.005609715,
LAKE,KISII,SOUTH MUGIRANGO,USHINDI BAR,198.175,0.031731124,0.002398017,54.97061151,0.031812727,0.031731124,29.22958506
LAKE,KISII,SOUTH MUGIRANGO,USHINDI DETERGENT,0,0,,61.56176694,,0,30.78088347
LAKE,KISII,SOUTH MUGIRANGO,USHINDI LIQUID DISHWASH,43.88475,0.031096444,0.002780668,,0.031238522,0.031096444,
LAKE,KISII,SOUTH MUGIRANGO,USHINDI PASTE DISHWASH,22.8,0.03401154,0.002177401,,0.034597876,0.03401154,
LAKE,KISII,SOUTH MUGIRANGO,WHITE WASH (PWANI OIL PRODUCTS),56.2,0.008016746,0.001137381,45.05765285,0.00816813,0.008016746,22.89004217
LAKE,KISUMU,KABONDO KASIPUL,BELLEZA (PWANI OIL PRODUCTS),0.2988125,0,2.56E-05,,0.000272851,0,
LAKE,KISUMU,KABONDO KASIPUL,DETREX,0.08,0,1.45E-06,64.44629121,2.07E-05,0,32.22314561
LAKE,KISUMU,KABONDO KASIPUL,FRESCO (PWANI OIL PRODUCTS),0.199208333,0,3.16E-05,,0.00035292,0,
LAKE,KISUMU,KABONDO KASIPUL,FRESH FRI,0.891,0,1.92E-06,39.98659082,2.21E-05,0,19.99329541
LAKE,KISUMU,KABONDO KASIPUL,ONJA,0.25,0,2.56E-05,53.79714347,0.000191975,0,26.89857174
LAKE,KISUMU,KABONDO KASIPUL,SAWA GLYCERIN,0.063048611,0,2.02E-06,,2.06E-05,0,
LAKE,KISUMU,KABONDO KASIPUL,SAWA MILKING JELLY,0.1275,9.27E-06,3.02E-06,,2.78E-05,9.27E-06,
LAKE,KISUMU,KABONDO KASIPUL,SAWA SOAP,0.07,0,2.36E-07,,1.44E-06,0,
LAKE,KISUMU,KABONDO KASIPUL,USHINDI BAR,2,0.000236799,2.42E-05,54.97061151,0.000321057,0.000236799,27.49832276
LAKE,KISUMU,KISUMU CENTRAL,4U SOAP,156,0.003362023,0.002432263,,0.003496033,0.003362023,
LAKE,KISUMU,KISUMU CENTRAL,AFRISENSE,111.4325,0.373280399,0.03055467,62.1519591,0.37380599,0.373280399,54.27608763
LAKE,KISUMU,KISUMU CENTRAL,BELLEZA (PWANI OIL PRODUCTS),303.7927083,0.277201601,0.026019673,,0.277398818,0.277201601,
LAKE,KISUMU,KISUMU CENTRAL,DETREX,1570.17325,0.406473553,0.028510377,64.44629121,0.406485845,0.406473553,58.41885855
LAKE,KISUMU,KISUMU CENTRAL,DIVA (PWANI OIL PRODUCTS),55.5,0.308773903,0.05046005,54.30539415,0.311098655,0.308773903,43.92078559
LAKE,KISUMU,KISUMU CENTRAL,DIVA GLYCERIN,40.41781944,0.150961872,0.028210922,,0.152161672,0.150961872,
LAKE,KISUMU,KISUMU CENTRAL,FRESCO (PWANI OIL PRODUCTS),148.3106042,0.262488967,0.023537036,,0.26274925,0.262488967,
LAKE,KISUMU,KISUMU CENTRAL,FRESH FRI,7475.7925,0.185509643,0.016083256,39.98659082,0.185527653,0.185509643,27.4111936
LAKE,KISUMU,KISUMU CENTRAL,FRYKING,12,0.217391304,0.049586777,,0.25,0.217391304,
LAKE,KISUMU,KISUMU CENTRAL,FRYMATE,10,0.004072283,0.000674104,49.7624333,0.005085177,0.004072283,25.08386336
LAKE,KISUMU,KISUMU CENTRAL,MPISHI POA,50.167,0.01931298,0.003441727,49.67336696,0.020137426,0.01931298,25.79602424
LAKE,KISUMU,KISUMU CENTRAL,NDUME,6324,0.095381134,0.006518625,15.33899468,0.095381134,0.095381134,9.132548045
LAKE,KISUMU,KISUMU CENTRAL,ONJA,368.25,0.282642089,0.037692879,53.79714347,0.282779804,0.282642089,42.10390875
LAKE,KISUMU,KISUMU CENTRAL,POPCO,1144.042,0.137638532,0.012414982,42.35977946,0.139323046,0.137638532,27.01022759
LAKE,KISUMU,KISUMU CENTRAL,RAINBOW WASHING POWDER,40.5,0.339188267,0.149490625,,0.343220339,0.339188267,
LAKE,KISUMU,KISUMU CENTRAL,SALIT,19090.74867,0.301459974,0.01574484,33.40488856,0.301499292,0.301459974,26.77268113
LAKE,KISUMU,KISUMU CENTRAL,SAWA CANDLES,209.2,0.1875,0.013368095,,0.187791741,0.1875,
LAKE,KISUMU,KISUMU CENTRAL,SAWA GLYCERIN,568.5673889,0.185403472,0.018191287,,0.185420221,0.185403472,
LAKE,KISUMU,KISUMU CENTRAL,SAWA HANDWASH,61.68,0.140664136,0.016434279,,0.14270703,0.140664136,
LAKE,KISUMU,KISUMU CENTRAL,SAWA MILKING JELLY,895.3851111,0.195202563,0.021236105,,0.195217477,0.195202563,
LAKE,KISUMU,KISUMU CENTRAL,SAWA PETROLLEUM JELLY,50.46875,0.152849407,0.017497716,66.6946847,0.153067801,0.152849407,43.54158535
LAKE,KISUMU,KISUMU CENTRAL,SAWA SOAP,7251.644653,0.148860053,0.024499078,,0.148861276,0.148860053,
LAKE,KISUMU,KISUMU CENTRAL,USHINDI BAR,1739.4,0.279162452,0.021047613,54.97061151,0.279223203,0.279162452,42.83103648
LAKE,KISUMU,KISUMU CENTRAL,USHINDI DETERGENT,0,0,,61.56176694,,0,30.78088347
LAKE,KISUMU,KISUMU CENTRAL,USHINDI LIQUID DISHWASH,461.0129167,0.328064715,0.02921115,,0.328163246,0.328064715,
LAKE,KISUMU,KISUMU CENTRAL,USHINDI PASTE DISHWASH,196.6,0.297904646,0.018775308,,0.298330804,0.297904646,
LAKE,KISUMU,KISUMU CENTRAL,WHITE WASH (PWANI OIL PRODUCTS),1430.675,0.207813965,0.028954145,45.05765285,0.207934858,0.207813965,31.89243592
LAKE,KISUMU,KISUMU EAST,4U SOAP,1044,0.023265196,0.016277453,,0.023396531,0.023265196,
LAKE,KISUMU,KISUMU EAST,AFRISENSE,197.815,0.663298109,0.054240658,62.1519591,0.66358048,0.663298109,72.30125649
LAKE,KISUMU,KISUMU EAST,BELLEZA (PWANI OIL PRODUCTS),377.8982083,0.344887191,0.032366766,,0.345065939,0.34488719,
LAKE,KISUMU,KISUMU EAST,DETREX,1401.798167,0.362883773,0.025453111,64.44629121,0.362896968,0.362883773,55.60965894
LAKE,KISUMU,KISUMU EAST,DIVA (PWANI OIL PRODUCTS),55.2,0.307086614,0.050187293,54.30539415,0.30941704,0.307086614,43.8291567
LAKE,KISUMU,KISUMU EAST,DIVA GLYCERIN,65.30397222,0.244783789,0.045581016,,0.245851007,0.244783789,
LAKE,KISUMU,KISUMU EAST,FRESCO (PWANI OIL PRODUCTS),213.94975,0.378817299,0.033954032,,0.379036527,0.378817299,
LAKE,KISUMU,KISUMU EAST,FRESH FRI,5195.6555,0.128921954,0.011177819,39.98659082,0.128941215,0.128921954,25.14844484
LAKE,KISUMU,KISUMU EAST,FRYMATE,4,0.001018071,0.000269642,49.7624333,0.002034071,0.001018071,24.93187833
LAKE,KISUMU,KISUMU EAST,MPISHI POA,8.377333333,0.002524167,0.00057473,49.67336696,0.003362727,0.002524167,24.96206737
LAKE,KISUMU,KISUMU EAST,NDUME,1790,0.026997506,0.001845088,15.33899468,0.026997506,0.026997506,8.083611945
LAKE,KISUMU,KISUMU EAST,ONJA,383.75,0.294546851,0.039279408,53.79714347,0.294682281,0.294546851,42.74435094
LAKE,KISUMU,KISUMU EAST,POPCO,682.502,0.081321533,0.007406415,42.35977946,0.083116055,0.081321533,24.62465191
LAKE,KISUMU,KISUMU EAST,RAINBOW WASHING POWDER,118,1,0.435552931,,1,1,
LAKE,KISUMU,KISUMU EAST,SALIT,8956.431667,0.141400175,0.007386697,33.40488856,0.141448502,0.141400175,21.42590138
LAKE,KISUMU,KISUMU EAST,SAWA CANDLES,331.4,0.297234195,0.021176801,,0.297486535,0.297234195,
LAKE,KISUMU,KISUMU EAST,SAWA GLYCERIN,731.7091111,0.238608065,0.023410999,,0.23862372,0.238608065,
LAKE,KISUMU,KISUMU EAST,SAWA HANDWASH,33.42083333,0.075126009,0.008904788,,0.077324706,0.075126009,
LAKE,KISUMU,KISUMU EAST,SAWA MILKING JELLY,1418.410889,0.309238036,0.033640857,,0.309250838,0.309238036,
LAKE,KISUMU,KISUMU EAST,SAWA PETROLLEUM JELLY,95.795,0.290355854,0.033212507,66.6946847,0.290538799,0.290355854,52.71253445
LAKE,KISUMU,KISUMU EAST,SAWA SOAP,6218.491194,0.127651518,0.021008655,,0.127652771,0.127651518,
LAKE,KISUMU,KISUMU EAST,USHINDI BAR,1815.575,0.291391739,0.021969369,54.97061151,0.291451458,0.291391739,43.50328781
LAKE,KISUMU,KISUMU EAST,USHINDI DETERGENT,0,0,,61.56176694,,0,30.78088347
LAKE,KISUMU,KISUMU EAST,USHINDI LIQUID DISHWASH,162.0120833,0.115195464,0.010265568,,0.115325209,0.115195464,
LAKE,KISUMU,KISUMU EAST,USHINDI PASTE DISHWASH,228.4,0.346188886,0.021812209,,0.346585736,0.346188886,
LAKE,KISUMU,KISUMU EAST,WHITE WASH (PWANI OIL PRODUCTS),408.175,0.059180737,0.008260687,45.05765285,0.059324313,0.059180737,25.19537151
LAKE,KISUMU,KISUMU WEST,4U SOAP,300,0.006589564,0.004677429,,0.006723141,0.006589564,
LAKE,KISUMU,KISUMU WEST,AFRISENSE,79.5275,0.266163621,0.021806354,62.1519591,0.266779044,0.266163621,47.61857005
LAKE,KISUMU,KISUMU WEST,BELLEZA (PWANI OIL PRODUCTS),280.7841458,0.256186317,0.024049002,,0.256389268,0.256186317,
LAKE,KISUMU,KISUMU WEST,DETREX,623.5275,0.161401191,0.011321683,64.44629121,0.161418558,0.161401191,42.62485375
LAKE,KISUMU,KISUMU WEST,DIVA (PWANI OIL PRODUCTS),6.36,0.032395951,0.005782449,54.30539415,0.035650224,0.032395951,28.91197194
LAKE,KISUMU,KISUMU WEST,DIVA GLYCERIN,10.14133333,0.036818155,0.007078471,,0.038179255,0.036818155,
LAKE,KISUMU,KISUMU WEST,FRESCO (PWANI OIL PRODUCTS),79.98214583,0.141394528,0.012693244,,0.141697547,0.141394528,
LAKE,KISUMU,KISUMU WEST,FRESH FRI,5353.779167,0.132846215,0.011518003,39.98659082,0.13286539,0.132846215,25.30536266
LAKE,KISUMU,KISUMU WEST,NDUME,9085.2,0.137026673,0.009364803,15.33899468,0.137026673,0.137026673,9.771348743
LAKE,KISUMU,KISUMU WEST,ONJA,90,0.068932412,0.009212109,53.79714347,0.069111154,0.068932412,30.60693858
LAKE,KISUMU,KISUMU WEST,POPCO,1106.612,0.133071333,0.012008797,42.35977946,0.134764768,0.133071333,26.81676203
LAKE,KISUMU,KISUMU WEST,RAINBOW WASHING POWDER,3.5,0.023703956,0.012918943,,0.029661017,0.023703956,
LAKE,KISUMU,KISUMU WEST,SALIT,23381.32317,0.369224629,0.019283434,33.40488856,0.369260133,0.369224629,29.03635187
LAKE,KISUMU,KISUMU WEST,SAWA BODY WASH,12.44,0.129586333,0.02159916,,0.165627427,0.129586333,
LAKE,KISUMU,KISUMU WEST,SAWA CANDLES,282.4,0.253232759,0.018045651,,0.253500898,0.253232759,
LAKE,KISUMU,KISUMU WEST,SAWA GLYCERIN,277.6125347,0.090515823,0.0088822,,0.090534523,0.090515823,
LAKE,KISUMU,KISUMU WEST,SAWA HANDWASH,58.08916667,0.132336343,0.015477522,,0.134399034,0.132336343,
LAKE,KISUMU,KISUMU WEST,SAWA MILKING JELLY,1165.7845,0.254157826,0.027649245,,0.254171648,0.254157826,
LAKE,KISUMU,KISUMU WEST,SAWA PETROLLEUM JELLY,131.7075,0.399303765,0.045663513,66.6946847,0.399458623,0.399303765,59.97878104
LAKE,KISUMU,KISUMU WEST,SAWA SOAP,3425.750681,0.070322245,0.011573614,,0.070323581,0.070322245,
LAKE,KISUMU,KISUMU WEST,USHINDI BAR,1600.1,0.256798953,0.019362013,54.97061151,0.256861588,0.256798953,41.60170125
LAKE,KISUMU,KISUMU WEST,USHINDI DETERGENT,0,0,,61.56176694,,0,30.78088347
LAKE,KISUMU,KISUMU WEST,USHINDI LIQUID DISHWASH,181.3569167,0.128967734,0.011491314,,0.12909546,0.128967734,
LAKE,KISUMU,KISUMU WEST,USHINDI PASTE DISHWASH,129.8,0.196477376,0.012395905,,0.196965099,0.196477376,
LAKE,KISUMU,KISUMU WEST,WHITE WASH (PWANI OIL PRODUCTS),544.375,0.078979119,0.011017116,45.05765285,0.079119673,0.078979119,26.08744014
LAKE,KISUMU,MUHORONI,4U SOAP,198,0.004303389,0.003087103,,0.004437273,0.004303389,
LAKE,KISUMU,MUHORONI,AFRISENSE,298.1025,1,0.081739381,62.1519591,1,1,93.22793865
LAKE,KISUMU,MUHORONI,BELLEZA (PWANI OIL PRODUCTS),297.61725,0.271561135,0.025490748,,0.271759891,0.271561135,
LAKE,KISUMU,MUHORONI,DETREX,603.3830833,0.156186104,0.010955912,64.44629121,0.15620358,0.156186104,42.28876074
LAKE,KISUMU,MUHORONI,DIVA (PWANI OIL PRODUCTS),12.2,0.065241845,0.011092119,54.30539415,0.06838565,0.065241845,30.69568117
LAKE,KISUMU,MUHORONI,DIVA GLYCERIN,142.0022083,0.533939595,0.099115025,,0.534598198,0.533939595,
LAKE,KISUMU,MUHORONI,FRESCO (PWANI OIL PRODUCTS),159.9642917,0.283142101,0.025386488,,0.283395094,0.283142101,
LAKE,KISUMU,MUHORONI,FRESH FRI,7812.095,0.193855888,0.016806769,39.98659082,0.193873713,0.193855888,27.74493147
LAKE,KISUMU,MUHORONI,FRYMATE,23.5,0.010944261,0.001584145,49.7624333,0.011950165,0.010944261,25.42582969
LAKE,KISUMU,MUHORONI,MPISHI POA,30.36783333,0.011358753,0.002083397,49.67336696,0.012189886,0.011358753,25.40091099
LAKE,KISUMU,MUHORONI,NDUME,13696.8,0.206580695,0.014118328,15.33899468,0.206580695,0.206580695,10.83823752
LAKE,KISUMU,MUHORONI,ONJA,667,0.512096774,0.068271962,53.79714347,0.51219044,0.512096774,54.44791537
LAKE,KISUMU,MUHORONI,POPCO,1879.992,0.227438974,0.020401407,42.35977946,0.228948074,0.227438974,30.81415449
LAKE,KISUMU,MUHORONI,SALIT,35618.918,0.562503265,0.029376227,33.40488856,0.56252789,0.562503265,35.49280318
LAKE,KISUMU,MUHORONI,SAWA CANDLES,376.2,0.33746408,0.024039568,,0.337701975,0.33746408,
LAKE,KISUMU,MUHORONI,SAWA GLYCERIN,309.5440972,0.100929504,0.009903849,,0.10094799,0.100929504,
LAKE,KISUMU,MUHORONI,SAWA HANDWASH,169.6583333,0.391085454,0.045204482,,0.392533023,0.391085454,
LAKE,KISUMU,MUHORONI,SAWA MILKING JELLY,848.0954444,0.184891982,0.020114522,,0.184907088,0.184891982,
LAKE,KISUMU,MUHORONI,SAWA PETROLLEUM JELLY,167.34375,0.507413615,0.058018743,66.6946847,0.507540603,0.507413615,67.18913343
LAKE,KISUMU,MUHORONI,SAWA SOAP,3029.958931,0.062197447,0.010236464,,0.062198794,0.062197447,
LAKE,KISUMU,MUHORONI,USHINDI BAR,3298.55,0.529471496,0.039914111,54.97061151,0.529511151,0.529471496,56.59067765
LAKE,KISUMU,MUHORONI,USHINDI DETERGENT,0,0,,61.56176694,,0,30.78088347
LAKE,KISUMU,MUHORONI,USHINDI LIQUID DISHWASH,1010.697417,0.719404521,0.064040795,,0.719445666,0.719404521,
LAKE,KISUMU,MUHORONI,USHINDI PASTE DISHWASH,556.6,0.844518676,0.053155321,,0.84461305,0.844518676,
LAKE,KISUMU,MUHORONI,WHITE WASH (PWANI OIL PRODUCTS),2016.25,0.292934652,0.04080507,45.05765285,0.293042556,0.292934652,35.72777429
LAKE,KISUMU,NYAKACH,4U SOAP,162,0.003496503,0.002525812,,0.003630496,0.003496503,
LAKE,KISUMU,NYAKACH,AFRISENSE,50.4225,0.16844747,0.013825795,62.1519591,0.169144841,0.16844747,41.5453198
LAKE,KISUMU,NYAKACH,BELLEZA (PWANI OIL PRODUCTS),161.4583542,0.147197962,0.013828816,,0.14743065,0.147197962,
LAKE,KISUMU,NYAKACH,DETREX,661.2895833,0.171177227,0.012007347,64.44629121,0.171194392,0.171177227,43.25488301
LAKE,KISUMU,NYAKACH,DIVA (PWANI OIL PRODUCTS),27.2,0.149606299,0.024729971,54.30539415,0.152466368,0.149606299,35.27712612
LAKE,KISUMU,NYAKACH,DIVA GLYCERIN,265.6241806,1,0.185400972,,1,1,
LAKE,KISUMU,NYAKACH,FRESCO (PWANI OIL PRODUCTS),93.2295,0.164872021,0.014795612,,0.165166755,0.164872021,
LAKE,KISUMU,NYAKACH,FRESH FRI,4627.553167,0.114822977,0.009955616,39.98659082,0.114842551,0.114822978,24.58467483
LAKE,KISUMU,NYAKACH,FRYMATE,28.5,0.013489438,0.001921197,49.7624333,0.014492754,0.013489438,25.55248388
LAKE,KISUMU,NYAKACH,HOTEL SOAP,14.51333333,1,0.744019139,,1,1,
LAKE,KISUMU,NYAKACH,MPISHI POA,2.094333333,9.99E-18,0.000143683,49.67336696,0.000840682,0,24.83668348
LAKE,KISUMU,NYAKACH,NDUME,2896,0.043678647,0.002985126,15.33899468,0.043678647,0.043678647,8.339483874
LAKE,KISUMU,NYAKACH,ONJA,398.25,0.305683564,0.040763581,53.79714347,0.305816855,0.305683564,43.34347427
LAKE,KISUMU,NYAKACH,POPCO,789.408,0.094366177,0.008566544,42.35977946,0.096135218,0.094366177,25.17722017
LAKE,KISUMU,NYAKACH,SALIT,10162.88633,0.160454729,0.008381705,33.40488856,0.160501984,0.160454729,22.06241663
LAKE,KISUMU,NYAKACH,SAWA CANDLES,107,0.095725575,0.00683741,,0.096050269,0.095725575,
LAKE,KISUMU,NYAKACH,SAWA GLYCERIN,507.5262986,0.165496447,0.01623828,,0.165513606,0.165496447,
LAKE,KISUMU,NYAKACH,SAWA HANDWASH,130.07,0.299272937,0.034656399,,0.300938771,0.299272937,
LAKE,KISUMU,NYAKACH,SAWA MILKING JELLY,1034.432,0.225518999,0.02453392,,0.225533352,0.225518999,
LAKE,KISUMU,NYAKACH,SAWA PETROLLEUM JELLY,81.83375,0.248001547,0.028372086,66.6946847,0.248195411,0.248001547,49.88772734
LAKE,KISUMU,NYAKACH,SAWA SOAP,3352.795625,0.068824626,0.011327141,,0.068825964,0.068824626,
LAKE,KISUMU,NYAKACH,USHINDI BAR,872.95,0.140060845,0.010563133,54.97061151,0.140133319,0.140060845,35.18453608
LAKE,KISUMU,NYAKACH,USHINDI DETERGENT,0,0,,61.56176694,,0,30.78088347
LAKE,KISUMU,NYAKACH,USHINDI LIQUID DISHWASH,347.4608333,0.247222978,0.022016152,,0.247333363,0.247222978,
LAKE,KISUMU,NYAKACH,USHINDI PASTE DISHWASH,204.6,0.310051625,0.019539308,,0.31047041,0.310051625,
LAKE,KISUMU,NYAKACH,WHITE WASH (PWANI OIL PRODUCTS),596.0397222,0.086489235,0.012062712,45.05765285,0.086628644,0.086489235,26.42582837
LAKE,KISUMU,NYANDO,4U SOAP,222,0.004841313,0.003461297,,0.004975124,0.004841313,
LAKE,KISUMU,NYANDO,AFRISENSE,167.7725,0.562434426,0.046003037,62.1519591,0.562801385,0.562434426,66.03238102
LAKE,KISUMU,NYANDO,BELLEZA (PWANI OIL PRODUCTS),302.5974583,0.276109898,0.0259173,,0.276307412,0.276109898,
LAKE,KISUMU,NYANDO,DETREX,1518.320667,0.393049698,0.027568865,64.44629121,0.393062268,0.393049698,57.5537409
LAKE,KISUMU,NYANDO,DIVA (PWANI OIL PRODUCTS),34.4,0.190101237,0.031276139,54.30539415,0.192825112,0.190101237,37.4762197
LAKE,KISUMU,NYANDO,DIVA GLYCERIN,213.1589028,0.802203539,0.148781137,,0.802483051,0.802203539,
LAKE,KISUMU,NYANDO,FRESCO (PWANI OIL PRODUCTS),140.5414792,0.248720212,0.022304069,,0.248985354,0.248720212,
LAKE,KISUMU,NYANDO,FRESH FRI,10676.7375,0.264949642,0.022969698,39.98659082,0.264965895,0.264949642,30.58772831
LAKE,KISUMU,NYANDO,FRYKING,12,0.217391304,0.049586777,,0.25,0.217391304,
LAKE,KISUMU,NYANDO,FRYMATE,52,0.025451769,0.003505342,49.7624333,0.026442919,0.025451769,26.1477586
LAKE,KISUMU,NYANDO,HOTEL SOAP,4.433333333,0.291803279,0.227272727,,0.305466238,0.291803279,
LAKE,KISUMU,NYANDO,MPISHI POA,68.32233333,0.026606805,0.004687281,49.67336696,0.027425119,0.026606805,26.15833306
LAKE,KISUMU,NYANDO,NDUME,10430.8,0.157321558,0.010751815,15.33899468,0.157321558,0.157321558,10.08265188
LAKE,KISUMU,NYANDO,ONJA,679,0.521313364,0.069500243,53.79714347,0.52140526,0.521313364,54.94374157
LAKE,KISUMU,NYANDO,POPCO,2181.144,0.264185468,0.023669466,42.35977946,0.265622789,0.264185468,32.37072789
LAKE,KISUMU,NYANDO,RAINBOW WASHING POWDER,9.5,0.074863574,0.035065702,,0.080508475,0.074863574,
LAKE,KISUMU,NYANDO,SALIT,33558.91633,0.529967925,0.027677268,33.40488856,0.529994381,0.529967925,34.40596375
LAKE,KISUMU,NYANDO,SAWA BODY WASH,6.22,0.043195444,0.01079958,,0.082813714,0.043195444,
LAKE,KISUMU,NYANDO,SAWA CANDLES,227,0.203484195,0.014505534,,0.203770197,0.203484195,
LAKE,KISUMU,NYANDO,SAWA GLYCERIN,722.8454514,0.235717404,0.023127407,,0.235733118,0.235717404,
LAKE,KISUMU,NYANDO,SAWA HANDWASH,246.1975,0.568593649,0.0655979,,0.569619228,0.568593648,
LAKE,KISUMU,NYANDO,SAWA MILKING JELLY,1528.413556,0.333221952,0.036249822,,0.333234309,0.333221952,
LAKE,KISUMU,NYANDO,SAWA PETROLLEUM JELLY,92.62875,0.280750387,0.032114756,66.6946847,0.280935808,0.280750387,52.07190088
LAKE,KISUMU,NYANDO,SAWA SOAP,6303.989014,0.129406614,0.021297503,,0.129407865,0.129406614,
LAKE,KISUMU,NYANDO,USHINDI BAR,3224.1,0.517519145,0.039013228,54.97061151,0.517559807,0.517519145,55.9336496
LAKE,KISUMU,NYANDO,USHINDI DETERGENT,0,0,,61.56176694,,0,30.78088347
LAKE,KISUMU,NYANDO,USHINDI FLOOR CLEANER,12.09,0,0.316078431,,0.462155963,0,
LAKE,KISUMU,NYANDO,USHINDI LIQUID DISHWASH,1021.86575,0.727355652,0.064748454,,0.727395631,0.727355652,
LAKE,KISUMU,NYANDO,USHINDI PASTE DISHWASH,527.2,0.79987853,0.05034762,,0.8,0.79987853,
LAKE,KISUMU,NYANDO,WHITE WASH (PWANI OIL PRODUCTS),2776.255694,0.403411034,0.056186142,45.05765285,0.403502078,0.403411034,40.70558073
LAKE,KISUMU,SEME,4U SOAP,18,0.000268962,0.000280646,,0.000403388,0.000268962,
LAKE,KISUMU,SEME,AFRISENSE,59.0225,0.197320822,0.016183905,62.1519591,0.197993979,0.197320822,43.33985518
LAKE,KISUMU,SEME,BELLEZA (PWANI OIL PRODUCTS),218.4319375,0.199235808,0.018708571,,0.199454297,0.199235808,
LAKE,KISUMU,SEME,DETREX,326.48,0.084500056,0.005928051,64.44629121,0.084519016,0.084500056,37.66886082
LAKE,KISUMU,SEME,DIVA (PWANI OIL PRODUCTS),4.7,0.023059618,0.004273193,54.30539415,0.026345291,0.023059618,28.40495869
LAKE,KISUMU,SEME,FRESCO (PWANI OIL PRODUCTS),120.6206458,0.213415711,0.019142613,,0.213693312,0.21341571,
LAKE,KISUMU,SEME,FRESH FRI,1293.752167,0.032085803,0.00278335,39.98659082,0.032107205,0.032085803,21.27629727
LAKE,KISUMU,SEME,MPISHI POA,50.167,0.01931298,0.003441727,49.67336696,0.020137426,0.01931298,25.79602424
LAKE,KISUMU,SEME,NDUME,4668,0.07040467,0.004811661,15.33899468,0.07040467,0.07040467,8.749434199
LAKE,KISUMU,SEME,ONJA,112.25,0.086021505,0.011489547,53.79714347,0.086196967,0.086021505,31.526283
LAKE,KISUMU,SEME,POPCO,44.552,0.003479027,0.000483472,42.35977946,0.005425605,0.003479027,21.32726056
LAKE,KISUMU,SEME,SALIT,15694.18733,0.247815222,0.012943571,33.40488856,0.24785756,0.247815222,24.98068416
LAKE,KISUMU,SEME,SAWA CANDLES,104.2,0.093211207,0.006658487,,0.093536804,0.093211207,
LAKE,KISUMU,SEME,SAWA GLYCERIN,200.0410833,0.065217835,0.006400305,,0.065237055,0.065217835,
LAKE,KISUMU,SEME,SAWA HANDWASH,53.9875,0.122823835,0.014384657,,0.12490914,0.122823835,
LAKE,KISUMU,SEME,SAWA MILKING JELLY,720.7713889,0.157131478,0.017094741,,0.157147099,0.157131478,
LAKE,KISUMU,SEME,SAWA PETROLLEUM JELLY,35.80625,0.108367715,0.012414169,66.6946847,0.108597577,0.108367715,40.57489295
LAKE,KISUMU,SEME,SAWA SOAP,1960.999736,0.040253892,0.006625075,,0.040255271,0.040253892,
LAKE,KISUMU,SEME,USHINDI BAR,605.825,0.097176066,0.007330787,54.97061151,0.097252154,0.097176066,32.82713355
LAKE,KISUMU,SEME,USHINDI DETERGENT,0,0,,61.56176694,,0,30.78088347
LAKE,KISUMU,SEME,USHINDI LIQUID DISHWASH,93.3165,0.066288653,0.005912811,,0.06642557,0.066288653,
LAKE,KISUMU,SEME,USHINDI PASTE DISHWASH,54.8,0.082599453,0.005233402,,0.083156297,0.082599453,
LAKE,KISUMU,SEME,WHITE WASH (PWANI OIL PRODUCTS),20.7,0.002856375,0.000418929,45.05765285,0.003008546,0.002856375,22.65752796
LAKE,KISUMU,SIGOWET/SOIN,4U SOAP,12,0.000134481,0.000187097,,0.000268926,0.000134481,
LAKE,KISUMU,SIGOWET/SOIN,FRESH FRI,114.052,0.002808392,0.000245369,39.98659082,0.002830442,0.002808392,20.10559345
LAKE,KISUMU,SIGOWET/SOIN,NDUME,100,0.001508241,0.000103078,15.33899468,0.001508241,0.001508241,7.692632234
LAKE,KISUMU,SIGOWET/SOIN,ONJA,24,0.018241167,0.002456562,53.79714347,0.018429641,0.018241167,27.87989444
LAKE,KISUMU,SIGOWET/SOIN,POPCO,81.976,0.008045495,0.000889592,42.35977946,0.009983153,0.008045495,21.52069512
LAKE,KISUMU,SIGOWET/SOIN,SALIT,641.524,0.010075839,0.000529088,33.40488856,0.010131558,0.010075839,17.03902657
LAKE,KISUMU,SIGOWET/SOIN,SAWA GLYCERIN,0.908,0.00027556,2.91E-05,,0.000296115,0.00027556,
LAKE,KISUMU,SIGOWET/SOIN,SAWA MILKING JELLY,9.949333333,0.002150724,0.000235971,,0.002169216,0.002150724,
LAKE,KISUMU,SIGOWET/SOIN,SAWA SOAP,37.728,0.000773042,0.000127461,,0.000774478,0.000773042,
LAKE,KISUMU,SIGOWET/SOIN,USHINDI LIQUID DISHWASH,50.571,0.035856622,0.003204329,,0.035998001,0.035856622,
LAKE,KISUMU,SIGOWET/SOIN,USHINDI PASTE DISHWASH,33.6,0.050409961,0.003208801,,0.050986343,0.050409961,
LAKE,KISUMU,SIGOWET/SOIN,WHITE WASH (PWANI OIL PRODUCTS),10,0.001300995,0.000202381,45.05765285,0.001453404,0.001300995,22.58744621
LAKE,MIGORI,AWENDO,AFRISENSE,13.3275,0.04390596,0.003654386,62.1519591,0.044707777,0.04390596,33.80482099
LAKE,MIGORI,AWENDO,BELLEZA (PWANI OIL PRODUCTS),99.803375,0.090884279,0.008548102,,0.091132333,0.090884279,
LAKE,MIGORI,AWENDO,DETREX,1264.906667,0.327444621,0.022967508,64.44629121,0.327458549,0.327444621,53.32573699
LAKE,MIGORI,AWENDO,DIVA GLYCERIN,9.013,0.032564288,0.006290914,,0.033931399,0.032564288,
LAKE,MIGORI,AWENDO,FRESCO (PWANI OIL PRODUCTS),57.57120833,0.101676964,0.009136606,,0.101994,0.101676964,
LAKE,MIGORI,AWENDO,FRESH FRI,8955.662333,0.222236565,0.019267015,39.98659082,0.222253763,0.222236565,28.879778
LAKE,MIGORI,AWENDO,FRYMATE,72,0.035632476,0.004853551,49.7624333,0.036613272,0.035632476,26.65437538
LAKE,MIGORI,AWENDO,MPISHI POA,161.132,0.063892676,0.011054525,49.67336696,0.064679644,0.063892676,28.01044783
LAKE,MIGORI,AWENDO,NDUME,13357.2,0.20145871,0.013768276,15.33899468,0.20145871,0.20145871,10.75967142
LAKE,MIGORI,AWENDO,ONJA,16.5,0.012480799,0.001688887,53.79714347,0.012670378,0.012480799,27.57000306
LAKE,MIGORI,AWENDO,POPCO,1290.118,0.15546269,0.014000178,42.35977946,0.157112387,0.15546269,27.76525501
LAKE,MIGORI,AWENDO,POPCO BAR,590,0.142493639,0.031075529,,0.148989899,0.142493639,
LAKE,MIGORI,AWENDO,SALIT,10965.19317,0.173126237,0.009043397,33.40488856,0.173172778,0.173126237,22.48570692
LAKE,MIGORI,AWENDO,SAWA CANDLES,132,0.118175287,0.008434936,,0.118491921,0.118175287,
LAKE,MIGORI,AWENDO,SAWA GLYCERIN,2018.378625,0.658223146,0.06457793,,0.658230174,0.658223147,
LAKE,MIGORI,AWENDO,SAWA HANDWASH,1.5425,0.001194378,0.00041099,,0.003568833,0.001194378,
LAKE,MIGORI,AWENDO,SAWA MILKING JELLY,678.0423333,0.147815249,0.016081324,,0.147831042,0.147815249,
LAKE,MIGORI,AWENDO,SAWA PETROLLEUM JELLY,23.65125,0.071493038,0.008199982,66.6946847,0.071732405,0.071493038,38.11554795
LAKE,MIGORI,AWENDO,SAWA SOAP,5028.929,0.103232229,0.016989818,,0.103233518,0.103232229,
LAKE,MIGORI,AWENDO,USHINDI BAR,576.1,0.092403956,0.006971099,54.97061151,0.092480446,0.092403956,32.56480771
LAKE,MIGORI,AWENDO,USHINDI DETERGENT,0,0,,61.56176694,,0,30.78088347
LAKE,MIGORI,AWENDO,USHINDI LIQUID DISHWASH,114.1,0.08108516,0.007229715,,0.081219907,0.08108516,
LAKE,MIGORI,AWENDO,USHINDI PASTE DISHWASH,158,0.239295475,0.015089006,,0.239757208,0.239295475,
LAKE,MIGORI,AWENDO,WHITE WASH (PWANI OIL PRODUCTS),1656.825,0.24068771,0.033530991,45.05765285,0.240803587,0.24068771,33.37364972
LAKE,MIGORI,KURIA EAST,AFRISENSE,4.5775,0.014529003,0.001255146,62.1519591,0.015355457,0.014529003,31.97898558
LAKE,MIGORI,KURIA EAST,BELLEZA (PWANI OIL PRODUCTS),14.54220833,0.013009461,0.001245532,,0.013278763,0.013009461,
LAKE,MIGORI,KURIA EAST,DETREX,36.24,0.009361281,0.000658027,64.44629121,0.009381797,0.009361281,32.82644543
LAKE,MIGORI,KURIA EAST,FRESCO (PWANI OIL PRODUCTS),6.075854167,0.010414828,0.000964244,,0.010764073,0.010414828,
LAKE,MIGORI,KURIA EAST,FRESH FRI,117.1685,0.002885737,0.000252074,39.98659082,0.002907785,0.002885737,20.10868618
LAKE,MIGORI,KURIA EAST,ONJA,2.25,0.001536098,0.000230303,53.79714347,0.001727779,0.001536098,26.98120944
LAKE,MIGORI,KURIA EAST,SALIT,160.3853333,0.002476811,0.000132276,33.40488856,0.002532958,0.002476811,16.78518189
LAKE,MIGORI,KURIA EAST,SAWA GLYCERIN,24.43841667,0.007949417,0.000781906,,0.007969815,0.007949417,
LAKE,MIGORI,KURIA EAST,SAWA MILKING JELLY,22.8055,0.004953758,0.000540885,,0.004972198,0.004953758,
LAKE,MIGORI,KURIA EAST,SAWA PETROLLEUM JELLY,1.7425,0.005028365,0.000604132,66.6946847,0.005284867,0.005028365,33.68270758
LAKE,MIGORI,KURIA EAST,SAWA SOAP,158.061,0.003243233,0.000533996,,0.003244666,0.003243233,
LAKE,MIGORI,KURIA EAST,USHINDI BAR,34.05,0.00538217,0.000412022,54.97061151,0.005465994,0.00538217,27.78116694
LAKE,MIGORI,KURIA EAST,USHINDI DETERGENT,0,0,,61.56176694,,0,30.78088347
LAKE,MIGORI,KURIA EAST,USHINDI LIQUID DISHWASH,0.824,0.000439976,5.22E-05,,0.000586549,0.000439976,
LAKE,MIGORI,KURIA WEST,4U SOAP,44622,1,0.695720776,,1,1,
LAKE,MIGORI,KURIA WEST,AFRISENSE,55.98,0.187106034,0.015349655,62.1519591,0.187787758,0.187106034,42.70498612
LAKE,MIGORI,KURIA WEST,BELLEZA (PWANI OIL PRODUCTS),156.1793333,0.142376274,0.013376671,,0.142610277,0.142376274,
LAKE,MIGORI,KURIA WEST,DETREX,2311.053333,0.598276275,0.041962886,64.44629121,0.598284595,0.598276275,70.77983263
LAKE,MIGORI,KURIA WEST,FRESCO (PWANI OIL PRODUCTS),102.6918958,0.181641659,0.016297303,,0.181930475,0.181641659,
LAKE,MIGORI,KURIA WEST,FRESH FRI,7187.419833,0.178352905,0.015462857,39.98659082,0.178371073,0.178352905,27.12502005
LAKE,MIGORI,KURIA WEST,FRYMATE,12,0.005090354,0.000808925,49.7624333,0.006102212,0.005090354,25.13452504
LAKE,MIGORI,KURIA WEST,NDUME,20948.4,0.315952268,0.0215931,15.33899468,0.315952268,0.315952268,12.5158875
LAKE,MIGORI,KURIA WEST,ONJA,33.75,0.025729647,0.003454541,53.79714347,0.025916683,0.025729647,28.28275323
LAKE,MIGORI,KURIA WEST,POPCO,621.904,0.073927379,0.006748814,42.35977946,0.075736345,0.073927379,24.31143721
LAKE,MIGORI,KURIA WEST,POPCO BAR,3050,0.768447837,0.160644686,,0.77020202,0.768447837,
LAKE,MIGORI,KURIA WEST,SALIT,12763.2165,0.201523933,0.010526292,33.40488856,0.201568876,0.201523933,23.43432879
LAKE,MIGORI,KURIA WEST,SAWA CANDLES,134.4,0.12033046,0.008588298,,0.12064632,0.12033046,
LAKE,MIGORI,KURIA WEST,SAWA GLYCERIN,676.6844167,0.220663137,0.021650486,,0.220679161,0.220663137,
LAKE,MIGORI,KURIA WEST,SAWA HANDWASH,15.425,0.033390411,0.004109902,,0.035688326,0.033390411,
LAKE,MIGORI,KURIA WEST,SAWA MILKING JELLY,541.6983333,0.118088124,0.012847614,,0.118104468,0.118088124,
LAKE,MIGORI,KURIA WEST,SAWA PETROLLEUM JELLY,23.63,0.071428571,0.008192615,66.6946847,0.071667956,0.071428571,38.1112484
LAKE,MIGORI,KURIA WEST,SAWA SOAP,48714.1105,1,0.164576571,,1,1,
LAKE,MIGORI,KURIA WEST,USHINDI BAR,802.675,0.128778757,0.00971277,54.97061151,0.128852181,0.128778757,34.56435278
LAKE,MIGORI,KURIA WEST,USHINDI DETERGENT,0,0,,61.56176694,,0,30.78088347
LAKE,MIGORI,KURIA WEST,USHINDI LIQUID DISHWASH,74.23266667,0.052702198,0.004703603,,0.052841107,0.052702198,
LAKE,MIGORI,KURIA WEST,USHINDI PASTE DISHWASH,280,0.424536896,0.026740011,,0.424886191,0.424536896,
LAKE,MIGORI,KURIA WEST,WHITE WASH (PWANI OIL PRODUCTS),2233.675,0.324540109,0.045205339,45.05765285,0.324643189,0.324540109,37.151842
LAKE,MIGORI,NYATIKE,AFRISENSE,7.1375,0.023123862,0.001957095,62.1519591,0.023943107,0.023123862,32.51317285
LAKE,MIGORI,NYATIKE,BELLEZA (PWANI OIL PRODUCTS),39.94127083,0.036208151,0.003420947,,0.036471123,0.036208151,
LAKE,MIGORI,NYATIKE,DETREX,347.84,0.090029839,0.006315895,64.44629121,0.090048685,0.090029839,38.02523483
LAKE,MIGORI,NYATIKE,FRESCO (PWANI OIL PRODUCTS),27.49075,0.048367167,0.004362809,,0.048703017,0.048367167,
LAKE,MIGORI,NYATIKE,FRESH FRI,2540.322333,0.06302277,0.005465194,39.98659082,0.063043489,0.06302277,22.51336114
LAKE,MIGORI,NYATIKE,MPISHI POA,313.132,0.124958001,0.021482545,49.67336696,0.125693633,0.124958001,31.04376811
LAKE,MIGORI,NYATIKE,NDUME,14899.6,0.224721813,0.015358145,15.33899468,0.224721813,0.224721813,11.11650403
LAKE,MIGORI,NYATIKE,ONJA,5,0.003648233,0.000511784,53.79714347,0.003839509,0.003648233,27.09483628
LAKE,MIGORI,NYATIKE,POPCO,1202.886,0.144818663,0.013053549,42.35977946,0.146489152,0.144818663,27.31437635
LAKE,MIGORI,NYATIKE,POPCO BAR,2160,0.541984733,0.11376804,,0.545454545,0.541984733,
LAKE,MIGORI,NYATIKE,SALIT,23386.20733,0.369301769,0.019287462,33.40488856,0.369337268,0.369301769,29.03892871
LAKE,MIGORI,NYATIKE,SAWA CANDLES,144,0.128951149,0.009201748,,0.129263914,0.128951149,
LAKE,MIGORI,NYATIKE,SAWA GLYCERIN,508.4156458,0.165786486,0.016266735,,0.165803638,0.165786486,
LAKE,MIGORI,NYATIKE,SAWA HANDWASH,7.7125,0.015503726,0.002054951,,0.017844163,0.015503726,
LAKE,MIGORI,NYATIKE,SAWA MILKING JELLY,132.0691667,0.028776549,0.003132322,,0.028794548,0.028776549,
LAKE,MIGORI,NYATIKE,SAWA PETROLLEUM JELLY,2.99625,0.008831872,0.001038812,66.6946847,0.009087394,0.008831872,33.93638127
LAKE,MIGORI,NYATIKE,SAWA SOAP,1924.695,0.03950863,0.006502422,,0.03951001,0.03950863,
LAKE,MIGORI,NYATIKE,USHINDI BAR,280.5,0.044947744,0.003394191,54.97061151,0.045028233,0.044947744,29.95611071
LAKE,MIGORI,NYATIKE,USHINDI DETERGENT,0,0,,61.56176694,,0,30.78088347
LAKE,MIGORI,NYATIKE,USHINDI LIQUID DISHWASH,9.980583333,0.006958871,0.000632399,,0.007104488,0.006958871,
LAKE,MIGORI,NYATIKE,USHINDI PASTE DISHWASH,9.6,0.013969025,0.0009168,,0.014567527,0.013969025,
LAKE,MIGORI,NYATIKE,WHITE WASH (PWANI OIL PRODUCTS),651.5,0.094551084,0.013185123,45.05765285,0.094689262,0.094551084,26.78907635
LAKE,MIGORI,RONGO,4U SOAP,28.8,0.000511027,0.000449033,,0.000645422,0.000511027,
LAKE,MIGORI,RONGO,AFRISENSE,15.6625,0.051745411,0.00429464,62.1519591,0.052540653,0.051745411,34.29205821
LAKE,MIGORI,RONGO,BELLEZA (PWANI OIL PRODUCTS),87.95047917,0.080058224,0.007532908,,0.080309231,0.080058224,
LAKE,MIGORI,RONGO,DETREX,696.0010833,0.180163513,0.01263762,64.44629121,0.180180492,0.180163513,43.8340158
LAKE,MIGORI,RONGO,FRESCO (PWANI OIL PRODUCTS),40.040875,0.070609003,0.006354526,,0.070937004,0.070609003,
LAKE,MIGORI,RONGO,FRESH FRI,15170.95583,0.376485672,0.032638461,39.98659082,0.376499459,0.376485672,35.04767391
LAKE,MIGORI,RONGO,FRYMATE,242,0.122168491,0.016313324,49.7624333,0.123061276,0.122168491,30.96061802
LAKE,MIGORI,RONGO,MPISHI POA,151.431,0.059995342,0.010388984,49.67336696,0.060785587,0.059995342,27.81685414
LAKE,MIGORI,RONGO,NDUME,61349.1,0.925292018,0.063237158,15.33899468,0.925292018,0.925292018,21.86254668
LAKE,MIGORI,RONGO,ONJA,48.75,0.037250384,0.004989892,53.79714347,0.037435208,0.037250384,28.90253599
LAKE,MIGORI,RONGO,POPCO,1824.754,0.220698846,0.019801972,42.35977946,0.222221113,0.220698846,30.52864418
LAKE,MIGORI,RONGO,POPCO BAR,30,0,0.001580112,,0.007575758,0,
LAKE,MIGORI,RONGO,SALIT,39667.42667,0.626444771,0.03271518,33.40488856,0.626465797,0.626444771,37.62876203
LAKE,MIGORI,RONGO,SAWA CANDLES,223.2,0.200071839,0.01426271,,0.200359066,0.200071839,
LAKE,MIGORI,RONGO,SAWA GLYCERIN,1141.922778,0.372388992,0.036535766,,0.372401897,0.372388992,
LAKE,MIGORI,RONGO,SAWA HANDWASH,48.83,0.110862658,0.013010471,,0.112976399,0.110862658,
LAKE,MIGORI,RONGO,SAWA MILKING JELLY,556.6131667,0.12134001,0.013201354,,0.121356293,0.12134001,
LAKE,MIGORI,RONGO,SAWA PETROLLEUM JELLY,53.48625,0.16200361,0.018543895,66.6946847,0.162219644,0.16200361,44.15212205
LAKE,MIGORI,RONGO,SAWA SOAP,5087.875806,0.104442287,0.017188965,,0.104443574,0.104442287,
LAKE,MIGORI,RONGO,USHINDI BAR,1902.6,0.305362905,0.023022415,54.97061151,0.305421447,0.305362905,44.27129138
LAKE,MIGORI,RONGO,USHINDI DETERGENT,0,0,,61.56176694,,0,30.78088347
LAKE,MIGORI,RONGO,USHINDI LIQUID DISHWASH,466.5165833,0.33198297,0.029559879,,0.332080926,0.33198297,
LAKE,MIGORI,RONGO,USHINDI PASTE DISHWASH,659,1,0.062934525,,1,1,
LAKE,MIGORI,RONGO,WHITE WASH (PWANI OIL PRODUCTS),2412.2,0.350490962,0.048818346,45.05765285,0.350590082,0.350490962,38.32112652
LAKE,MIGORI,SOUTH MUGIRANGO,DETREX,1.44,0.000352084,2.61E-05,64.44629121,0.000372787,0.000352084,32.24583609
LAKE,MIGORI,SOUTH MUGIRANGO,FRESCO (PWANI OIL PRODUCTS),0.498020833,0.000529568,7.90E-05,,0.000882301,0.000529568,
LAKE,MIGORI,SOUTH MUGIRANGO,FRESH FRI,19.603,0.000464388,4.22E-05,39.98659082,0.00048649,0.000464388,20.01186471
LAKE,MIGORI,SOUTH MUGIRANGO,SALIT,3.564,0,2.94E-06,33.40488856,5.63E-05,0,16.70244428
LAKE,MIGORI,SOUTH MUGIRANGO,SAWA GLYCERIN,0.151333333,2.88E-05,4.84E-06,,4.94E-05,2.88E-05,
LAKE,MIGORI,SOUTH MUGIRANGO,SAWA HANDWASH,1.0275,0,0.000273771,,0.002377294,0,
LAKE,MIGORI,SOUTH MUGIRANGO,SAWA MILKING JELLY,0.969,0.000192739,2.30E-05,,0.000211267,0.000192739,
LAKE,MIGORI,SOUTH MUGIRANGO,SAWA SOAP,3.13,6.28E-05,1.06E-05,,6.43E-05,6.28E-05,
LAKE,MIGORI,SOUTH MUGIRANGO,USHINDI BAR,3.2,0.00042945,3.87E-05,54.97061151,0.000513691,0.00042945,27.50891287
LAKE,MIGORI,SOUTH MUGIRANGO,USHINDI DETERGENT,0,0,,61.56176694,,0,30.78088347
LAKE,MIGORI,SOUTH MUGIRANGO,USHINDI LIQUID DISHWASH,5.5495,0.003804226,0.000351633,,0.003950306,0.003804226,
LAKE,MIGORI,SUNA EAST,AFRISENSE,37.3575,0.124583477,0.010243386,62.1519591,0.125317634,0.124583477,38.8190867
LAKE,MIGORI,SUNA EAST,BELLEZA (PWANI OIL PRODUCTS),104.6839792,0.095342067,0.008966123,,0.095588904,0.095342067,
LAKE,MIGORI,SUNA EAST,DETREX,724.2933333,0.187487951,0.013151336,64.44629121,0.187504778,0.187487951,44.3060487
LAKE,MIGORI,SUNA EAST,FRESCO (PWANI OIL PRODUCTS),60.45972917,0.106796117,0.009595018,,0.107111346,0.106796117,
LAKE,MIGORI,SUNA EAST,FRESH FRI,11078.5335,0.274921282,0.023834113,39.98659082,0.274937315,0.274921282,30.98646023
LAKE,MIGORI,SUNA EAST,FRYMATE,48,0.023415627,0.003235701,49.7624333,0.024408848,0.023415627,26.04643525
LAKE,MIGORI,SUNA EAST,MPISHI POA,185.042,0.073498412,0.01269488,49.67336696,0.074277305,0.073498412,28.48759709
LAKE,MIGORI,SUNA EAST,NDUME,2238.4,0.033760457,0.002307288,15.33899468,0.033760457,0.033760457,8.18734881
LAKE,MIGORI,SUNA EAST,ONJA,15,0.011328725,0.001535351,53.79714347,0.011518526,0.011328725,27.50802478
LAKE,MIGORI,SUNA EAST,POPCO,114.044,0.011958424,0.001237589,42.35977946,0.013888439,0.011958424,21.68644595
LAKE,MIGORI,SUNA EAST,POPCO BAR,100,0.017811705,0.005267039,,0.025252525,0.017811705,
LAKE,MIGORI,SUNA EAST,SALIT,8517.285667,0.134464373,0.007024518,33.40488856,0.13451309,0.134464373,21.19421167
LAKE,MIGORI,SUNA EAST,SAWA BODY WASH,10.875,0.107849719,0.018881902,,0.144790858,0.107849719,
LAKE,MIGORI,SUNA EAST,SAWA CANDLES,28.8,0.025502874,0.00184035,,0.025852783,0.025502874,
LAKE,MIGORI,SUNA EAST,SAWA GLYCERIN,394.0874167,0.128501193,0.012608809,,0.128519112,0.128501193,
LAKE,MIGORI,SUNA EAST,SAWA HANDWASH,136.7383333,0.31473801,0.036433138,,0.316367079,0.31473801,
LAKE,MIGORI,SUNA EAST,SAWA MILKING JELLY,555.5798333,0.121114712,0.013176846,,0.121131,0.121114712,
LAKE,MIGORI,SUNA EAST,SAWA PETROLLEUM JELLY,13.77,0.041516245,0.004774114,66.6946847,0.041763341,0.041516245,36.11625525
LAKE,MIGORI,SUNA EAST,SAWA SOAP,2327.053,0.04776822,0.007861755,,0.047769588,0.04776822,
LAKE,MIGORI,SUNA EAST,USHINDI BAR,1020.1,0.163684599,0.012343722,54.97061151,0.163755082,0.163684599,36.48314827
LAKE,MIGORI,SUNA EAST,USHINDI DETERGENT,0,0,,61.56176694,,0,30.78088347
LAKE,MIGORI,SUNA EAST,USHINDI LIQUID DISHWASH,608.294,0.432919319,0.038543318,,0.433002474,0.432919319,
LAKE,MIGORI,SUNA EAST,USHINDI PASTE DISHWASH,193.6,0.293349529,0.018488807,,0.293778452,0.293349529,
LAKE,MIGORI,SUNA EAST,WHITE WASH (PWANI OIL PRODUCTS),2613.175,0.379705205,0.052885698,45.05765285,0.379799866,0.379705205,39.63745172
LAKE,MIGORI,SUNA EAST,,3.105,,,,,,
LAKE,MIGORI,SUNA WEST,4U SOAP,3618,0.080957504,0.056409793,,0.081081081,0.080957504,
LAKE,MIGORI,SUNA WEST,AFRISENSE,152.85,0.512334125,0.041911304,62.1519591,0.5127431,0.512334125,62.91854914
LAKE,MIGORI,SUNA WEST,BELLEZA (PWANI OIL PRODUCTS),295.22675,0.269377729,0.025286003,,0.26957708,0.269377729,
LAKE,MIGORI,SUNA WEST,DETREX,3862.799333,1,0.070138671,64.44629121,1,1,96.66943682
LAKE,MIGORI,SUNA WEST,FRESCO (PWANI OIL PRODUCTS),157.6733958,0.279082083,0.025022921,,0.27933651,0.279082083,
LAKE,MIGORI,SUNA WEST,FRESH FRI,12256.4335,0.304154016,0.026368221,39.98659082,0.304169403,0.304154016,32.15537761
LAKE,MIGORI,SUNA WEST,FRYMATE,72,0.035632476,0.004853551,49.7624333,0.036613272,0.035632476,26.65437538
LAKE,MIGORI,SUNA WEST,MPISHI POA,2458.547,0.986868946,0.168669594,49.67336696,0.986879985,0.986868946,73.8577868
LAKE,MIGORI,SUNA WEST,NDUME,22112.2,0.333505172,0.022792717,15.33899468,0.333505172,0.333505172,12.7851314
LAKE,MIGORI,SUNA WEST,ONJA,60.25,0.046082949,0.006166995,53.79714347,0.046266078,0.046082949,29.37770277
LAKE,MIGORI,SUNA WEST,POPCO,3442.864,0.418140238,0.037361473,42.35977946,0.419276828,0.418140238,38.89221801
LAKE,MIGORI,SUNA WEST,POPCO BAR,1180,0.292620865,0.062151059,,0.297979798,0.292620865,
LAKE,MIGORI,SUNA WEST,SALIT,63319.38133,1,0.052221814,33.40488856,1,1,50.10733284
LAKE,MIGORI,SUNA WEST,SAWA CANDLES,1015.2,0.911278736,0.064872326,,0.911310592,0.911278736,
LAKE,MIGORI,SUNA WEST,SAWA GLYCERIN,3066.372076,1,0.098108432,,1,1,
LAKE,MIGORI,SUNA WEST,SAWA HANDWASH,45.22666667,0.102505875,0.012050384,,0.104639482,0.102505875,
LAKE,MIGORI,SUNA WEST,SAWA MILKING JELLY,1279.824,0.279021894,0.030353952,,0.279035255,0.279021894,
LAKE,MIGORI,SUNA WEST,SAWA PETROLLEUM JELLY,48.7475,0.147627643,0.016900952,66.6946847,0.147847383,0.147627643,43.19332146
LAKE,MIGORI,SUNA WEST,SAWA SOAP,10948.737,0.224753826,0.036989397,,0.22475494,0.224753826,
LAKE,MIGORI,SUNA WEST,USHINDI BAR,1797.225,0.288445793,0.021747325,54.97061151,0.288505761,0.288445793,43.34134738
LAKE,MIGORI,SUNA WEST,USHINDI DETERGENT,0,0,,61.56176694,,0,30.78088347
LAKE,MIGORI,SUNA WEST,USHINDI LIQUID DISHWASH,376.48275,0.267884705,0.023855067,,0.26799206,0.267884705,
LAKE,MIGORI,SUNA WEST,USHINDI PASTE DISHWASH,594,0.9013058,0.056727023,,0.901365706,0.9013058,
LAKE,MIGORI,SUNA WEST,WHITE WASH (PWANI OIL PRODUCTS),3428.025,0.498153895,0.069376715,45.05765285,0.498230481,0.498153895,44.97447171
LAKE,MIGORI,URIRI,AFRISENSE,18.37,0.060835481,0.005037034,62.1519591,0.061623099,0.060835481,34.85702386
LAKE,MIGORI,URIRI,BELLEZA (PWANI OIL PRODUCTS),152.7927917,0.139283115,0.013086616,,0.139517963,0.139283115,
LAKE,MIGORI,URIRI,DETREX,464.6533333,0.120271056,0.00843693,64.44629121,0.120289276,0.120271056,39.97416911
LAKE,MIGORI,URIRI,FRESCO (PWANI OIL PRODUCTS),80.48016667,0.14227714,0.01277228,,0.142579848,0.14227714,
LAKE,MIGORI,URIRI,FRESH FRI,1528.979,0.037923585,0.003289412,39.98659082,0.037944858,0.037923585,21.50973027
LAKE,MIGORI,URIRI,FRYMATE,12,0.005090354,0.000808925,49.7624333,0.006102212,0.005090354,25.13452504
LAKE,MIGORI,URIRI,MPISHI POA,34,0.01281796,0.002332584,49.67336696,0.013647866,0.01281796,25.4733947
LAKE,MIGORI,URIRI,NDUME,87.6,0.001321219,9.03E-05,15.33899468,0.001321219,0.001321219,7.689763507
LAKE,MIGORI,URIRI,ONJA,23,0.017473118,0.002354206,53.79714347,0.017661739,0.017473118,27.83857559
LAKE,MIGORI,URIRI,POPCO,37.422,0.002609026,0.000406098,42.35977946,0.004557304,0.002609026,21.29040752
LAKE,MIGORI,URIRI,SALIT,1782.049333,0.028089116,0.001469721,33.40488856,0.028143821,0.028089116,17.64075807
LAKE,MIGORI,URIRI,SAWA GLYCERIN,341.0303403,0.111197954,0.01091125,,0.111216229,0.111197954,
LAKE,MIGORI,URIRI,SAWA HANDWASH,1.5425,0.001194378,0.00041099,,0.003568833,0.001194378,
LAKE,MIGORI,URIRI,SAWA MILKING JELLY,270.3956667,0.058935919,0.006413051,,0.058953359,0.058935919,
LAKE,MIGORI,URIRI,SAWA PETROLLEUM JELLY,14.62,0.044094894,0.005068812,66.6946847,0.044341325,0.044094894,36.28823742
LAKE,MIGORI,URIRI,SAWA SOAP,1857.45,0.038128227,0.00627524,,0.038129609,0.038128227,
LAKE,MIGORI,URIRI,USHINDI BAR,337.35,0.054074556,0.004082104,54.97061151,0.054154276,0.054074556,30.45781715
LAKE,MIGORI,URIRI,USHINDI DETERGENT,0,0,,61.56176694,,0,30.78088347
LAKE,MIGORI,URIRI,USHINDI LIQUID DISHWASH,10.18658333,0.00710553,0.000645452,,0.007251125,0.00710553,
LAKE,MIGORI,URIRI,USHINDI PASTE DISHWASH,13.2,0.019435166,0.001260601,,0.020030349,0.019435166,
LAKE,MIGORI,URIRI,WHITE WASH (PWANI OIL PRODUCTS),11.9,0.001577184,0.000240833,45.05765285,0.001729551,0.001577184,22.59989063
LAKE,MIGORI,,4U SOAP,1980,0.044244217,,,0.044372731,0.044244217,
LAKE,MIGORI,,BELLEZA (PWANI OIL PRODUCTS),9.562,0.008460699,,,0.008731241,0.008460699,
LAKE,MIGORI,,DETREX,167.04,0.043223436,,64.44629121,0.043243251,0.043223436,35.00873572
LAKE,MIGORI,,FRESCO (PWANI OIL PRODUCTS),9.562,0.016593116,,,0.01694018,0.016593116,
LAKE,MIGORI,,POPCO BAR,550,0.132315522,,,0.138888889,0.132315522,
LAKE,MIGORI,,SAWA CANDLES,7.2,0.006106322,,,0.006463196,0.006106322,
LAKE,MIGORI,,SAWA GLYCERIN,167.065,0.05446351,,,0.054482951,0.05446351,
LAKE,MIGORI,,SAWA SOAP,520.698,0.010687432,,,0.010688854,0.010687432,
LAKE,NYAMIRA,BORABU,AFRISENSE,0.385,0.000453244,0.000105567,62.1519591,0.001291502,0.000453244,31.10414958
LAKE,NYAMIRA,BORABU,BELLEZA (PWANI OIL PRODUCTS),4.681395833,0.004002911,0.000400959,,0.00427467,0.004002911,
LAKE,NYAMIRA,BORABU,DETREX,52.88,0.013669127,0.000960167,64.44629121,0.013689554,0.013669127,33.10407013
LAKE,NYAMIRA,BORABU,FRESCO (PWANI OIL PRODUCTS),10.35883333,0.018005296,0.001643957,,0.018351862,0.018005296,
LAKE,NYAMIRA,BORABU,FRESH FRI,2294.420333,0.056920055,0.004936165,39.98659082,0.056940909,0.056920055,22.26933438
LAKE,NYAMIRA,BORABU,FRYMATE,2,0,0.000134821,49.7624333,0.001017035,0,24.88121665
LAKE,NYAMIRA,BORABU,MPISHI POA,2.094333333,0,0.000143683,49.67336696,0.000840682,0,24.83668348
LAKE,NYAMIRA,BORABU,NDUME,450,0.006787083,0.000463849,15.33899468,0.006787083,0.006787083,7.773604364
LAKE,NYAMIRA,BORABU,ONJA,1,0.000576037,0.000102357,53.79714347,0.000767902,0.000576037,26.92956087
LAKE,NYAMIRA,BORABU,POPCO,171.072,0.018916967,0.001856449,42.35977946,0.020833389,0.018916967,21.98120829
LAKE,NYAMIRA,BORABU,SALIT,1133.823167,0.017851134,0.000935106,33.40488856,0.017906416,0.017851134,17.29875944
LAKE,NYAMIRA,BORABU,SAWA CANDLES,10,0.00862069,0.00063901,,0.008976661,0.00862069,
LAKE,NYAMIRA,BORABU,SAWA GLYCERIN,22.48409722,0.007312064,0.000719378,,0.007332475,0.007312064,
LAKE,NYAMIRA,BORABU,SAWA HANDWASH,15.41583333,0.033369152,0.00410746,,0.035667117,0.033369152,
LAKE,NYAMIRA,BORABU,SAWA MILKING JELLY,33.99583333,0.00739359,0.000806289,,0.007411985,0.00739359,
LAKE,NYAMIRA,BORABU,SAWA PETROLLEUM JELLY,1.53,0.004383703,0.000530457,66.6946847,0.004640371,0.004383703,33.63971204
LAKE,NYAMIRA,BORABU,SAWA SOAP,344.6250278,0.007073013,0.001164287,,0.00707444,0.007073013,
LAKE,NYAMIRA,BORABU,USHINDI BAR,219.375,0.035134614,0.002654548,54.97061151,0.035215931,0.035134614,29.416677
LAKE,NYAMIRA,BORABU,USHINDI DETERGENT,0,0,,61.56176694,,0,30.78088347
LAKE,NYAMIRA,BORABU,USHINDI LIQUID DISHWASH,38.95158333,0.027584349,0.002468088,,0.027726941,0.027584349,
LAKE,NYAMIRA,BORABU,USHINDI PASTE DISHWASH,24.4,0.036440935,0.002330201,,0.037025797,0.036440935,
LAKE,NYAMIRA,BORABU,WHITE WASH (PWANI OIL PRODUCTS),19.425,0.002671037,0.000393125,45.05765285,0.002823237,0.002671037,22.64917709
LAKE,NYAMIRA,KITUTU MASABA,AFRISENSE,0.51,0.000872915,0.000139841,62.1519591,0.001710821,0.000872915,31.13023295
LAKE,NYAMIRA,KITUTU MASABA,BELLEZA (PWANI OIL PRODUCTS),60.95775,0.05540393,0.005220997,,0.055661664,0.05540393,
LAKE,NYAMIRA,KITUTU MASABA,DETREX,337.44,0.087337435,0.006127057,64.44629121,0.087356337,0.087337435,37.8517194
LAKE,NYAMIRA,KITUTU MASABA,DIVA (PWANI OIL PRODUCTS),4.4,0.021372328,0.004000436,54.30539415,0.024663677,0.021372328,28.3133298
LAKE,NYAMIRA,KITUTU MASABA,FRESCO (PWANI OIL PRODUCTS),15.63785417,0.027360989,0.002481743,,0.027704253,0.027360989,
LAKE,NYAMIRA,KITUTU MASABA,FRESH FRI,25168.983,0.624613416,0.054147996,39.98659082,0.624621717,0.624613416,44.96945651
LAKE,NYAMIRA,KITUTU MASABA,FRYKING,24,0.47826087,0.099173554,,0.5,0.47826087,
LAKE,NYAMIRA,KITUTU MASABA,FRYMATE,343,0.173581064,0.023121777,49.7624333,0.174421561,0.173581064,33.51903276
LAKE,NYAMIRA,KITUTU MASABA,MPISHI POA,79.14066667,0.030953022,0.005429477,49.67336696,0.031767682,0.030953022,26.37422431
LAKE,NYAMIRA,KITUTU MASABA,NDUME,28229,0.425761232,0.029097765,15.33899468,0.425761232,0.425761232,14.20024661
LAKE,NYAMIRA,KITUTU MASABA,ONJA,9.75,0.007296467,0.000997978,53.79714347,0.007487042,0.007296467,27.29110082
LAKE,NYAMIRA,KITUTU MASABA,POPCO,806.289,0.096425992,0.008749734,42.35977946,0.09819101,0.096425992,25.2644735
LAKE,NYAMIRA,KITUTU MASABA,POPCO BAR,230,0.050890585,0.012114189,,0.058080808,0.050890585,
LAKE,NYAMIRA,KITUTU MASABA,POPCO LAUNDRY SOAP,100,1,0.255362615,,1,1,
LAKE,NYAMIRA,KITUTU MASABA,SALIT,34399.88467,0.543250046,0.028370845,33.40488856,0.543275754,0.543250046,34.84965152
LAKE,NYAMIRA,KITUTU MASABA,SAWA BODY WASH,6.22,0.043195444,0.01079958,,0.082813714,0.043195444,
LAKE,NYAMIRA,KITUTU MASABA,SAWA CANDLES,703.6,0.631465517,0.044960765,,0.631597846,0.631465517,
LAKE,NYAMIRA,KITUTU MASABA,SAWA GLYCERIN,211.5744236,0.068979145,0.006769314,,0.068998288,0.068979145,
LAKE,NYAMIRA,KITUTU MASABA,SAWA HANDWASH,27.23666667,0.060783806,0.007257052,,0.063016599,0.060783806,
LAKE,NYAMIRA,KITUTU MASABA,SAWA MILKING JELLY,305.6131667,0.066614402,0.007248315,,0.066631699,0.066614402,
LAKE,NYAMIRA,KITUTU MASABA,SAWA PETROLLEUM JELLY,3.25125,0.009605467,0.001127221,66.6946847,0.009860789,0.009605467,33.98797593
LAKE,NYAMIRA,KITUTU MASABA,SAWA SOAP,2232.457861,0.045826374,0.007542173,,0.045827746,0.045826374,
LAKE,NYAMIRA,KITUTU MASABA,USHINDI BAR,969.85,0.155617364,0.011735672,54.97061151,0.155688527,0.155617364,36.03968743
LAKE,NYAMIRA,KITUTU MASABA,USHINDI DETERGENT,0,0,,61.56176694,,0,30.78088347
LAKE,NYAMIRA,KITUTU MASABA,USHINDI LIQUID DISHWASH,267.1590833,0.190053326,0.016927994,,0.190172095,0.190053326,
LAKE,NYAMIRA,KITUTU MASABA,USHINDI PASTE DISHWASH,150,0.227148497,0.014325006,,0.227617602,0.227148497,
LAKE,NYAMIRA,KITUTU MASABA,WHITE WASH (PWANI OIL PRODUCTS),397.825,0.057676234,0.008051222,45.05765285,0.05782004,0.057676234,25.12758215
LAKE,NYAMIRA,NYARIBARI CHACHE,AFRISENSE,0.77,0.001745831,0.000211133,62.1519591,0.002583004,0.001745831,31.18448634
LAKE,NYAMIRA,NYARIBARI CHACHE,BELLEZA (PWANI OIL PRODUCTS),12.2513125,0.010917031,0.001049318,,0.011186903,0.010917031,
LAKE,NYAMIRA,NYARIBARI CHACHE,DETREX,1.12,0.00026924,2.03E-05,64.44629121,0.000289945,0.00026924,32.24049715
LAKE,NYAMIRA,NYARIBARI CHACHE,FRESCO (PWANI OIL PRODUCTS),0.398416667,0.000353045,6.32E-05,,0.000705841,0.000353045,
LAKE,NYAMIRA,NYARIBARI CHACHE,FRESH FRI,1117.337667,0.027707606,0.002403816,39.98659082,0.027729105,0.027707606,21.1012281
LAKE,NYAMIRA,NYARIBARI CHACHE,MPISHI POA,3.1415,0.000420695,0.000215524,49.67336696,0.001261023,0.000420695,24.8575808
LAKE,NYAMIRA,NYARIBARI CHACHE,NDUME,1100,0.016590646,0.001133853,15.33899468,0.016590646,0.016590646,7.923981176
LAKE,NYAMIRA,NYARIBARI CHACHE,ONJA,2.75,0.001920123,0.000281481,53.79714347,0.00211173,0.001920123,27.00186886
LAKE,NYAMIRA,NYARIBARI CHACHE,POPCO BAR,300,0.06870229,0.015801117,,0.075757576,0.06870229,
LAKE,NYAMIRA,NYARIBARI CHACHE,SALIT,657.1138333,0.010322063,0.000541946,33.40488856,0.010377768,0.010322063,17.04725163
LAKE,NYAMIRA,NYARIBARI CHACHE,SAWA CANDLES,25.6,0.02262931,0.001635866,,0.022980251,0.02262931,
LAKE,NYAMIRA,NYARIBARI CHACHE,SAWA GLYCERIN,25.07081944,0.008155659,0.00080214,,0.008176053,0.008155659,
LAKE,NYAMIRA,NYARIBARI CHACHE,SAWA HANDWASH,3.084166667,0.004769783,0.000821758,,0.007135737,0.004769783,
LAKE,NYAMIRA,NYARIBARI CHACHE,SAWA MILKING JELLY,5.4315,0.001165699,0.00012882,,0.00118421,0.001165699,
LAKE,NYAMIRA,NYARIBARI CHACHE,SAWA PETROLLEUM JELLY,0.085,0,2.95E-05,66.6946847,0.000257798,0,33.34734235
LAKE,NYAMIRA,NYARIBARI CHACHE,SAWA SOAP,20.54866667,0.000420385,6.94E-05,,0.000421822,0.000420385,
LAKE,NYAMIRA,NYARIBARI CHACHE,USHINDI BAR,10.8,0.001649569,0.000130685,54.97061151,0.001733707,0.001649569,27.57598357
LAKE,NYAMIRA,NYARIBARI CHACHE,USHINDI LIQUID DISHWASH,9.76375,0.0068045,0.00061866,,0.006950139,0.0068045,
LAKE,NYAMIRA,NYARIBARI CHACHE,USHINDI PASTE DISHWASH,2.4,0.003036745,0.0002292,,0.003641882,0.003036745,
LAKE,NYAMIRA,NYARIBARI CHACHE,WHITE WASH (PWANI OIL PRODUCTS),1.05,0,2.13E-05,45.05765285,0.000152607,0,22.52882643
LAKE,NYAMIRA,NYARIBARI MASABA,AFRISENSE,18,0.059593255,0.00493558,62.1519591,0.060381916,0.059593255,34.7798171
LAKE,NYAMIRA,NYARIBARI MASABA,BELLEZA (PWANI OIL PRODUCTS),7.4703125,0.006550218,0.000639828,,0.006821282,0.006550218,
LAKE,NYAMIRA,NYARIBARI MASABA,DETREX,8.72,0.002236766,0.000158333,64.44629121,0.00225743,0.002236766,32.36729689
LAKE,NYAMIRA,NYARIBARI MASABA,FRESCO (PWANI OIL PRODUCTS),4.880604167,0.008296558,0.000774557,,0.00864655,0.008296558,
LAKE,NYAMIRA,NYARIBARI MASABA,FRESH FRI,2395.548333,0.059429817,0.00515373,39.98659082,0.059450615,0.059429817,22.36969118
LAKE,NYAMIRA,NYARIBARI MASABA,FRYMATE,12,0.005090354,0.000808925,49.7624333,0.006102212,0.005090354,25.13452504
LAKE,NYAMIRA,NYARIBARI MASABA,MPISHI POA,75.396,0.029448619,0.005172573,49.67336696,0.030264544,0.029448619,26.29949554
LAKE,NYAMIRA,NYARIBARI MASABA,NDUME,970,0.014629934,0.000999852,15.33899468,0.014629934,0.014629934,7.893905813
LAKE,NYAMIRA,NYARIBARI MASABA,ONJA,0.5,0.000192012,5.12E-05,53.79714347,0.000383951,0.000192012,26.90890145
LAKE,NYAMIRA,NYARIBARI MASABA,POPCO,32.08,0.001957197,0.000348128,42.35977946,0.003906748,0.001957197,21.26279616
LAKE,NYAMIRA,NYARIBARI MASABA,POPCO LAUNDRY SOAP,50,0.375,0.127681307,,0.5,0.375,
LAKE,NYAMIRA,NYARIBARI MASABA,SALIT,2776.804833,0.043800127,0.002290133,33.40488856,0.043853948,0.043800127,18.16558264
LAKE,NYAMIRA,NYARIBARI MASABA,SAWA CANDLES,12.6,0.01095546,0.000805153,,0.011310592,0.01095546,
LAKE,NYAMIRA,NYARIBARI MASABA,SAWA GLYCERIN,32.19408333,0.010478733,0.001030048,,0.010499079,0.010478733,
LAKE,NYAMIRA,NYARIBARI MASABA,SAWA HANDWASH,5.654166667,0.010730078,0.00150652,,0.013081863,0.010730078,
LAKE,NYAMIRA,NYARIBARI MASABA,SAWA MILKING JELLY,37.906,0.008246124,0.000899027,,0.008264504,0.008246124,
LAKE,NYAMIRA,NYARIBARI MASABA,SAWA PETROLLEUM JELLY,0.34,0.000773595,0.000117879,66.6946847,0.001031194,0.000773595,33.398937
LAKE,NYAMIRA,NYARIBARI MASABA,SAWA SOAP,178.6021667,0.003664902,0.000603393,,0.003666333,0.003664902,
LAKE,NYAMIRA,NYARIBARI MASABA,USHINDI BAR,145.4,0.023258521,0.001759413,54.97061151,0.023340838,0.023258521,28.76384086
LAKE,NYAMIRA,NYARIBARI MASABA,USHINDI DETERGENT,0,0,,61.56176694,,0,30.78088347
LAKE,NYAMIRA,NYARIBARI MASABA,USHINDI LIQUID DISHWASH,25.48733333,0.017998674,0.001614953,,0.018142672,0.017998674,
LAKE,NYAMIRA,NYARIBARI MASABA,USHINDI PASTE DISHWASH,36.8,0.055268752,0.003514401,,0.055842185,0.055268752,
LAKE,NYAMIRA,NYARIBARI MASABA,WHITE WASH (PWANI OIL PRODUCTS),52.1,0.007420759,0.001054405,45.05765285,0.007572234,0.007420759,22.86318842
LAKE,NYAMIRA,SOTIK,BELLEZA (PWANI OIL PRODUCTS),2.788916667,0.002274381,0.000238869,,0.002546612,0.002274381,
LAKE,NYAMIRA,SOTIK,DETREX,16.4,0.004225003,0.000297783,64.44629121,0.004245626,0.004225003,32.49543137
LAKE,NYAMIRA,SOTIK,FRESCO (PWANI OIL PRODUCTS),6.374666667,0.010944395,0.001011666,,0.011293453,0.010944395,
LAKE,NYAMIRA,SOTIK,FRESH FRI,1013.103333,0.025120752,0.002179568,39.98659082,0.025142309,0.025120752,20.99778865
LAKE,NYAMIRA,SOTIK,SALIT,457.9823333,0.007177011,0.000377715,33.40488856,0.007232893,0.007177011,16.94219154
LAKE,NYAMIRA,SOTIK,SAWA CANDLES,1.8,0.001257184,0.000115022,,0.001615799,0.001257184,
LAKE,NYAMIRA,SOTIK,SAWA GLYCERIN,11.18509028,0.003627176,0.000357866,,0.003647662,0.003627176,
LAKE,NYAMIRA,SOTIK,SAWA HANDWASH,5.14,0.009537633,0.001369523,,0.011892252,0.009537633,
LAKE,NYAMIRA,SOTIK,SAWA MILKING JELLY,16.17766667,0.003508689,0.00038369,,0.003527156,0.003508689,
LAKE,NYAMIRA,SOTIK,SAWA PETROLLEUM JELLY,0.61625,0.001611655,0.000213656,66.6946847,0.001869038,0.001611655,33.4548312
LAKE,NYAMIRA,SOTIK,SAWA SOAP,71.39425,0.001464142,0.0002412,,0.001465576,0.001464142,
LAKE,NYAMIRA,SOTIK,USHINDI BAR,38.3,0.006064474,0.000463449,54.97061151,0.00614824,0.006064474,27.81867358
LAKE,NYAMIRA,SOTIK,USHINDI DETERGENT,0,0,,61.56176694,,0,30.78088347
LAKE,NYAMIRA,SOTIK,USHINDI LIQUID DISHWASH,24.04783333,0.016973843,0.001523742,,0.017117991,0.016973843,
LAKE,NYAMIRA,SOTIK,USHINDI PASTE DISHWASH,8.2,0.011843304,0.0007831,,0.012443096,0.011843304,
LAKE,NYAMIRA,SOTIK,WHITE WASH (PWANI OIL PRODUCTS),1.75,0.000101754,3.54E-05,45.05765285,0.000254346,0.000101754,22.53341121
LAKE,NYAMIRA,WEST MUGIRANGO,AFRISENSE,0.77,0.001745831,0.000211133,62.1519591,0.002583004,0.001745831,31.18448634
LAKE,NYAMIRA,WEST MUGIRANGO,BELLEZA (PWANI OIL PRODUCTS),31.87333333,0.028839156,0.002729933,,0.029104138,0.028839156,
LAKE,NYAMIRA,WEST MUGIRANGO,DETREX,118.64,0.030693403,0.002154202,64.44629121,0.030713477,0.030693403,34.20122157
LAKE,NYAMIRA,WEST MUGIRANGO,FRESCO (PWANI OIL PRODUCTS),24.8014375,0.043601059,0.003936012,,0.043938592,0.043601059,
LAKE,NYAMIRA,WEST MUGIRANGO,FRESH FRI,4612.825333,0.114457467,0.009923931,39.98659082,0.114477048,0.114457467,24.57005931
LAKE,NYAMIRA,WEST MUGIRANGO,FRYKING,12,0.217391304,0.049586777,,0.25,0.217391304,
LAKE,NYAMIRA,WEST MUGIRANGO,FRYMATE,286,0.144566047,0.019279383,49.7624333,0.145436054,0.144566047,32.07517494
LAKE,NYAMIRA,WEST MUGIRANGO,MPISHI POA,125.202,0.049457958,0.008589533,49.67336696,0.050257062,0.049457958,27.29342679
LAKE,NYAMIRA,WEST MUGIRANGO,NDUME,16728,0.252298483,0.017242815,15.33899468,0.252298483,0.252298483,11.53950243
LAKE,NYAMIRA,WEST MUGIRANGO,ONJA,79.5,0.060867896,0.008137363,53.79714347,0.061048186,0.060867896,30.17309064
LAKE,NYAMIRA,WEST MUGIRANGO,POPCO,910.484,0.109139841,0.009880444,42.35977946,0.110880024,0.109139841,25.80302933
LAKE,NYAMIRA,WEST MUGIRANGO,POPCO BAR,500,0.119592875,0.026335194,,0.126262626,0.119592875,
LAKE,NYAMIRA,WEST MUGIRANGO,SALIT,10754.50133,0.169798603,0.008869631,33.40488856,0.169845332,0.169798603,22.37454769
LAKE,NYAMIRA,WEST MUGIRANGO,SAWA BODY WASH,12.44,0.129586333,0.02159916,,0.165627427,0.129586333,
LAKE,NYAMIRA,WEST MUGIRANGO,SAWA CANDLES,88.8,0.079382184,0.005674411,,0.079712747,0.079382184,
LAKE,NYAMIRA,WEST MUGIRANGO,SAWA GLYCERIN,110.5577014,0.036035067,0.003537289,,0.036054888,0.036035068,
LAKE,NYAMIRA,WEST MUGIRANGO,SAWA HANDWASH,3.083333333,0.00476785,0.000821536,,0.007133809,0.00476785,
LAKE,NYAMIRA,WEST MUGIRANGO,SAWA MILKING JELLY,139.4118333,0.030377473,0.00330647,,0.030395442,0.030377473,
LAKE,NYAMIRA,WEST MUGIRANGO,SAWA PETROLLEUM JELLY,5.3975,0.016116555,0.001871335,66.6946847,0.016370199,0.016116555,34.4222309
LAKE,NYAMIRA,WEST MUGIRANGO,SAWA SOAP,688.0306667,0.014122431,0.002324454,,0.014123847,0.014122431,
LAKE,NYAMIRA,WEST MUGIRANGO,USHINDI BAR,554.9,0.089000466,0.006714569,54.97061151,0.089077242,0.089000466,32.37771577
LAKE,NYAMIRA,WEST MUGIRANGO,USHINDI DETERGENT,0,0,,61.56176694,,0,30.78088347
LAKE,NYAMIRA,WEST MUGIRANGO,USHINDI LIQUID DISHWASH,321.8976667,0.229023657,0.020396394,,0.22913671,0.229023657,
LAKE,NYAMIRA,WEST MUGIRANGO,USHINDI PASTE DISHWASH,96,0.145156392,0.009168004,,0.145675266,0.145156392,
LAKE,NYAMIRA,WEST MUGIRANGO,WHITE WASH (PWANI OIL PRODUCTS),318.4,0.046130812,0.006443811,45.05765285,0.046276379,0.046130812,24.60737253
LAKE,SIAYA,ALEGO USONGA,4U SOAP,594,0.013179129,0.009261309,,0.013311819,0.013179129,
LAKE,SIAYA,ALEGO USONGA,AFRISENSE,151.02,0.506190144,0.04140952,62.1519591,0.506604272,0.506190144,62.5366887
LAKE,SIAYA,ALEGO USONGA,BELLEZA (PWANI OIL PRODUCTS),410.2695625,0.374454148,0.035139355,,0.374624829,0.374454148,
LAKE,SIAYA,ALEGO USONGA,DETREX,2076.757028,0.537620481,0.037708658,64.44629121,0.537630058,0.537620482,66.87079172
LAKE,SIAYA,ALEGO USONGA,DIVA (PWANI OIL PRODUCTS),15.1,0.081552306,0.01372877,54.30539415,0.084641256,0.081552306,31.58142719
LAKE,SIAYA,ALEGO USONGA,DIVA GLYCERIN,161.9178889,0.609022608,0.113015818,,0.609575109,0.609022608,
LAKE,SIAYA,ALEGO USONGA,FRESCO (PWANI OIL PRODUCTS),323.91275,0.573698147,0.051405267,,0.573848597,0.573698147,
LAKE,SIAYA,ALEGO USONGA,FRESH FRI,10474.4745,0.259929945,0.022534554,39.98659082,0.259946309,0.259929945,30.38700776
LAKE,SIAYA,ALEGO USONGA,FRYMATE,539,0.273351998,0.036334221,49.7624333,0.274091025,0.273351998,38.48387722
LAKE,SIAYA,ALEGO USONGA,MPISHI POA,25.132,0.00925528,0.001724191,49.67336696,0.010088181,0.00925528,25.29642441
LAKE,SIAYA,ALEGO USONGA,NDUME,30171.6,0.455060313,0.03110015,15.33899468,0.455060313,0.455060313,14.64966506
LAKE,SIAYA,ALEGO USONGA,ONJA,560.5,0.430299539,0.057370967,53.79714347,0.430408908,0.430299539,50.04745778
LAKE,SIAYA,ALEGO USONGA,POPCO,2348.662,0.284625974,0.025487348,42.35977946,0.286023367,0.284625974,33.23658322
LAKE,SIAYA,ALEGO USONGA,SALIT,40541.72067,0.640253232,0.033436243,33.40488856,0.64027348,0.640253232,38.09003214
LAKE,SIAYA,ALEGO USONGA,SAWA BODY WASH,75.10833333,1,0.13040811,,1,1,
LAKE,SIAYA,ALEGO USONGA,SAWA CANDLES,528.8,0.474497126,0.033790865,,0.474685817,0.474497126,
LAKE,SIAYA,ALEGO USONGA,SAWA GLYCERIN,768.2705069,0.250531649,0.024580779,,0.250547059,0.250531649,
LAKE,SIAYA,ALEGO USONGA,SAWA HANDWASH,185.5641667,0.427973963,0.049442499,,0.429333837,0.427973963,
LAKE,SIAYA,ALEGO USONGA,SAWA MILKING JELLY,1172.8105,0.255689707,0.027815882,,0.255703501,0.255689707,
LAKE,SIAYA,ALEGO USONGA,SAWA PETROLLEUM JELLY,72.86625,0.220796802,0.025263018,66.6946847,0.22099768,0.220796802,48.07331547
LAKE,SIAYA,ALEGO USONGA,SAWA SOAP,8285.488847,0.170082768,0.027991835,,0.170083961,0.170082768,
LAKE,SIAYA,ALEGO USONGA,USHINDI BAR,2926.675,0.469769943,0.035414236,54.97061151,0.46981463,0.469769943,53.30884681
LAKE,SIAYA,ALEGO USONGA,USHINDI DETERGENT,0,0,,61.56176694,,0,30.78088347
LAKE,SIAYA,ALEGO USONGA,USHINDI FLOOR CLEANER,26.16,1,0.683921569,,1,1,
LAKE,SIAYA,ALEGO USONGA,USHINDI LIQUID DISHWASH,812.819,0.578527889,0.05150263,,0.578589692,0.578527889,
LAKE,SIAYA,ALEGO USONGA,USHINDI PASTE DISHWASH,402.8,0.610993015,0.038467415,,0.611229135,0.610993015,
LAKE,SIAYA,ALEGO USONGA,WHITE WASH (PWANI OIL PRODUCTS),1827.15,0.26544659,0.036978045,45.05765285,0.265558688,0.26544659,34.48922673
LAKE,SIAYA,ALEGO USONGA,,6.21,,,,,,
LAKE,SIAYA,BONDO,4U SOAP,1920,0.042899408,0.029935545,,0.043028103,0.042899408,
LAKE,SIAYA,BONDO,AFRISENSE,228.895,0.767645059,0.06276276,62.1519591,0.767839921,0.767645059,78.78662387
LAKE,SIAYA,BONDO,BELLEZA (PWANI OIL PRODUCTS),1095.147813,1,0.093798787,,1,1,
LAKE,SIAYA,BONDO,DETREX,2349.96475,0.608349856,0.042669419,64.44629121,0.608357967,0.608349856,71.42903758
LAKE,SIAYA,BONDO,DIVA (PWANI OIL PRODUCTS),6.4,0.032620922,0.005818817,54.30539415,0.035874439,0.032620922,28.92418912
LAKE,SIAYA,BONDO,FRESCO (PWANI OIL PRODUCTS),564.4568125,1,0.089579843,,1,1,
LAKE,SIAYA,BONDO,FRESH FRI,17403.8625,0.431901214,0.037442287,39.98659082,0.431913775,0.431901214,37.26355252
LAKE,SIAYA,BONDO,FRYMATE,24,0.011198778,0.00161785,49.7624333,0.012204424,0.011198778,25.43849511
LAKE,SIAYA,BONDO,MPISHI POA,50.167,0.01931298,0.003441727,49.67336696,0.020137426,0.01931298,25.79602424
LAKE,SIAYA,BONDO,NDUME,22580.8,0.340572788,0.023275738,15.33899468,0.340572788,0.340572788,12.89354152
LAKE,SIAYA,BONDO,ONJA,1302.25,1,0.133294097,53.79714347,1,1,80.69571521
LAKE,SIAYA,BONDO,POPCO,5687.187,0.69199199,0.061716549,42.35977946,0.692593644,0.69199199,50.4925178
LAKE,SIAYA,BONDO,SALIT,58539.78583,0.924511825,0.048279907,33.40488856,0.924516074,0.924511825,47.58565877
LAKE,SIAYA,BONDO,SAWA BODY WASH,59.03,0.776684645,0.102491832,,0.785931432,0.776684646,
LAKE,SIAYA,BONDO,SAWA CANDLES,263.6,0.236350575,0.016844312,,0.236624776,0.236350575,
LAKE,SIAYA,BONDO,SAWA GLYCERIN,1377.372396,0.449174997,0.044068966,,0.449186322,0.449174997,
LAKE,SIAYA,BONDO,SAWA HANDWASH,432.2141667,1,0.115160965,,1,1,
LAKE,SIAYA,BONDO,SAWA MILKING JELLY,4586.603222,1,0.108781782,,1,1,
LAKE,SIAYA,BONDO,SAWA PETROLLEUM JELLY,329.715,1,0.1143135,66.6946847,1,1,100.0420271
LAKE,SIAYA,BONDO,SAWA SOAP,14357.21343,0.294722903,0.048504652,,0.294723916,0.294722903,
LAKE,SIAYA,BONDO,USHINDI BAR,6229.425,1,0.075379169,54.97061151,1,1,82.45591727
LAKE,SIAYA,BONDO,USHINDI DETERGENT,0,0,,61.56176694,,0,30.78088347
LAKE,SIAYA,BONDO,USHINDI LIQUID DISHWASH,1404.828,1,0.089014082,,1,1,
LAKE,SIAYA,BONDO,USHINDI PASTE DISHWASH,657.4,0.997570604,0.062781725,,0.997572079,0.997570604,
LAKE,SIAYA,BONDO,WHITE WASH (PWANI OIL PRODUCTS),6880.4,1,0.139246227,45.05765285,1,1,67.58647927
LAKE,SIAYA,BONDO,,18.63,,,,,,
LAKE,SIAYA,GEM,4U SOAP,192,0.004168908,0.002993555,,0.00430281,0.004168908,
LAKE,SIAYA,GEM,AFRISENSE,83.23,0.278594271,0.022821575,62.1519591,0.279199269,0.278594271,48.39115927
LAKE,SIAYA,GEM,BELLEZA (PWANI OIL PRODUCTS),167.5342083,0.152747453,0.01434921,,0.152978627,0.152747453,
LAKE,SIAYA,GEM,DETREX,557.4,0.144281775,0.010120975,64.44629121,0.144299497,0.144281775,41.52157086
LAKE,SIAYA,GEM,DIVA GLYCERIN,50.82330556,0.190191023,0.035473767,,0.191335388,0.190191023,
LAKE,SIAYA,GEM,FRESCO (PWANI OIL PRODUCTS),119.525,0.211473963,0.018968733,,0.21175225,0.211473963,
LAKE,SIAYA,GEM,FRESH FRI,6747.735,0.167440952,0.014516929,39.98659082,0.167459361,0.167440952,26.68868824
LAKE,SIAYA,GEM,FRYKING,12,0.217391304,0.049586777,,0.25,0.217391304,
LAKE,SIAYA,GEM,FRYMATE,151,0.075846271,0.010178975,49.7624333,0.076786168,0.075846271,28.65551167
LAKE,SIAYA,GEM,MPISHI POA,75.299,0.02940965,0.005165918,49.67336696,0.030225607,0.02940965,26.2975598
LAKE,SIAYA,GEM,NDUME,22850.2,0.344635988,0.023553429,15.33899468,0.344635988,0.344635988,12.95586692
LAKE,SIAYA,GEM,ONJA,94.25,0.072196621,0.009647125,53.79714347,0.072374736,0.072196621,30.78254369
LAKE,SIAYA,GEM,POPCO,1283.03,0.154597814,0.01392326,42.35977946,0.156249201,0.154597814,27.72861905
LAKE,SIAYA,GEM,SALIT,23952.45917,0.378245061,0.019754471,33.40488856,0.378280057,0.378245061,29.33767838
LAKE,SIAYA,GEM,SAWA BODY WASH,6.22,0.043195444,0.01079958,,0.082813714,0.043195444,
LAKE,SIAYA,GEM,SAWA CANDLES,206.2,0.184806034,0.013176392,,0.185098743,0.184806034,
LAKE,SIAYA,GEM,SAWA GLYCERIN,216.2218403,0.070494784,0.006918008,,0.070513896,0.070494784,
LAKE,SIAYA,GEM,SAWA HANDWASH,49.85416667,0.113237886,0.013283354,,0.11534598,0.113237886,
LAKE,SIAYA,GEM,SAWA MILKING JELLY,585.4959444,0.127637331,0.013886375,,0.127653498,0.127637331,
LAKE,SIAYA,GEM,SAWA PETROLLEUM JELLY,39.54625,0.11971377,0.013710842,66.6946847,0.119940706,0.11971377,41.33161449
LAKE,SIAYA,GEM,SAWA SOAP,2107.397792,0.043259146,0.007119668,,0.043260521,0.043259146,
LAKE,SIAYA,GEM,USHINDI BAR,1050.25,0.16852494,0.012708552,54.97061151,0.168595015,0.16852494,36.74922477
LAKE,SIAYA,GEM,USHINDI DETERGENT,0,0,,61.56176694,,0,30.78088347
LAKE,SIAYA,GEM,USHINDI LIQUID DISHWASH,225.6795833,0.160522606,0.01429973,,0.160645704,0.160522606,
LAKE,SIAYA,GEM,USHINDI PASTE DISHWASH,67.6,0.102034619,0.006455803,,0.102579666,0.102034619,
LAKE,SIAYA,GEM,WHITE WASH (PWANI OIL PRODUCTS),709.3,0.102953041,0.014354885,45.05765285,0.103089937,0.102953041,27.16764879
LAKE,SIAYA,GEM,,6.21,,,,,,
LAKE,SIAYA,RARIEDA,4U SOAP,474,0.01048951,0.007390338,,0.010622563,0.01048951,
LAKE,SIAYA,RARIEDA,AFRISENSE,211.3225,0.708647737,0.057944399,62.1519591,0.708892076,0.708647737,75.1198247
LAKE,SIAYA,RARIEDA,BELLEZA (PWANI OIL PRODUCTS),426.70425,0.389465066,0.036546976,,0.389631651,0.389465065,
LAKE,SIAYA,RARIEDA,DETREX,965.06325,0.249819665,0.017523109,64.44629121,0.249835202,0.249819665,48.32309649
LAKE,SIAYA,RARIEDA,DIVA (PWANI OIL PRODUCTS),21.5,0.117547807,0.019547587,54.30539415,0.120515695,0.117547807,33.53617704
LAKE,SIAYA,RARIEDA,DIVA GLYCERIN,2.252166667,0.007075642,0.001571972,,0.008478771,0.007075642,
LAKE,SIAYA,RARIEDA,FRESCO (PWANI OIL PRODUCTS),273.9114583,0.485083848,0.043470014,,0.485265573,0.485083848,
LAKE,SIAYA,RARIEDA,FRESH FRI,6898.296,0.171177525,0.014840842,39.98659082,0.171195852,0.171177525,26.83810106
LAKE,SIAYA,RARIEDA,FRYMATE,259,0.130822092,0.017459301,49.7624333,0.131706077,0.130822092,31.39124228
LAKE,SIAYA,RARIEDA,MPISHI POA,25.132,0.00925528,0.001724191,49.67336696,0.010088181,0.00925528,25.29642441
LAKE,SIAYA,RARIEDA,NDUME,19986.95,0.301451289,0.020602061,15.33899468,0.301451289,0.301451289,12.29345706
LAKE,SIAYA,RARIEDA,ONJA,206.75,0.158602151,0.021162261,53.79714347,0.158763678,0.158602151,35.43091438
LAKE,SIAYA,RARIEDA,POPCO,1206.412,0.145248904,0.013091812,42.35977946,0.146918553,0.145248904,27.33260129
LAKE,SIAYA,RARIEDA,SALIT,57036.73267,0.900772841,0.047040284,33.40488856,0.900778426,0.900772841,46.79266066
LAKE,SIAYA,RARIEDA,SAWA BODY WASH,6.22,0.043195444,0.01079958,,0.082813714,0.043195444,
LAKE,SIAYA,RARIEDA,SAWA CANDLES,808.6,0.72575431,0.051670373,,0.725852783,0.72575431,
LAKE,SIAYA,RARIEDA,SAWA GLYCERIN,574.215,0.187245299,0.018371982,,0.187262011,0.187245299,
LAKE,SIAYA,RARIEDA,SAWA HANDWASH,75.5525,0.172836977,0.020130527,,0.174803386,0.172836977,
LAKE,SIAYA,RARIEDA,SAWA MILKING JELLY,3501.315389,0.763374355,0.083041699,,0.76337874,0.763374355,
LAKE,SIAYA,RARIEDA,SAWA PETROLLEUM JELLY,193.035,0.585353275,0.066926001,66.6946847,0.58546017,0.585353275,72.38729446
LAKE,SIAYA,RARIEDA,SAWA SOAP,5146.226333,0.105640105,0.017386098,,0.10564139,0.105640105,
LAKE,SIAYA,RARIEDA,USHINDI BAR,2317.7,0.372003885,0.028045333,54.97061151,0.372056811,0.372003885,47.9345868
LAKE,SIAYA,RARIEDA,USHINDI DETERGENT,0,0,,61.56176694,,0,30.78088347
LAKE,SIAYA,RARIEDA,USHINDI LIQUID DISHWASH,146.909,0.104443046,0.009308591,,0.104574368,0.104443046,
LAKE,SIAYA,RARIEDA,USHINDI PASTE DISHWASH,62.6,0.094442757,0.005978302,,0.094992413,0.094442757,
LAKE,SIAYA,RARIEDA,WHITE WASH (PWANI OIL PRODUCTS),830,0.120498303,0.016797623,45.05765285,0.120632521,0.120498303,27.95819713
LAKE,SIAYA,SEME,BELLEZA (PWANI OIL PRODUCTS),1.19525,0.000818777,0.000102372,,0.001091405,0.000818777,
LAKE,SIAYA,SEME,DETREX,0.48,0.000103554,8.72E-06,64.44629121,0.000124262,0.000103554,32.22981928
LAKE,SIAYA,SEME,SAWA GLYCERIN,1.134875,0.000349549,3.63E-05,,0.000370103,0.000349549,
LAKE,SIAYA,SEME,SAWA MILKING JELLY,0.085,0,2.02E-06,,1.85E-05,0,
LAKE,SIAYA,SEME,SAWA SOAP,0.75,1.40E-05,2.53E-06,,1.54E-05,1.40E-05,
LAKE,SIAYA,SEME,USHINDI DETERGENT,0,0,,61.56176694,,0,30.78088347
LAKE,SIAYA,SEME,USHINDI LIQUID DISHWASH,41.934,0.029707637,0.002657063,,0.029849918,0.029707637,
LAKE,SIAYA,SEME,USHINDI PASTE DISHWASH,4.8,0.006680838,0.0004584,,0.007283763,0.006680838,
LAKE,SIAYA,UGENYA,4U SOAP,60,0.001210328,0.000935486,,0.001344628,0.001210328,
LAKE,SIAYA,UGENYA,AFRISENSE,17.375,0.057494901,0.004764206,62.1519591,0.058285321,0.057494901,34.64940029
LAKE,SIAYA,UGENYA,BELLEZA (PWANI OIL PRODUCTS),98.50852083,0.089701601,0.008437199,,0.089949977,0.089701601,
LAKE,SIAYA,UGENYA,DETREX,388.6295,0.100589628,0.007056529,64.44629121,0.100608255,0.100589628,38.70577405
LAKE,SIAYA,UGENYA,DIVA GLYCERIN,49.94126389,0.186865687,0.034858117,,0.18801475,0.186865687,
LAKE,SIAYA,UGENYA,FRESCO (PWANI OIL PRODUCTS),68.4280625,0.120917917,0.0108596,,0.121228163,0.120917917,
LAKE,SIAYA,UGENYA,FRESH FRI,1378.865667,0.034198121,0.002966461,39.98659082,0.034219477,0.034198121,21.3607617
LAKE,SIAYA,UGENYA,FRYMATE,50,0.024433698,0.003370521,49.7624333,0.025425884,0.024433698,26.09709692
LAKE,SIAYA,UGENYA,NDUME,11464.4,0.172910732,0.011817224,15.33899468,0.172910732,0.172910732,10.32177414
LAKE,SIAYA,UGENYA,ONJA,39.75,0.030337942,0.004068681,53.79714347,0.030524093,0.030337942,28.53066633
LAKE,SIAYA,UGENYA,POPCO,849.998,0.101759354,0.009224058,42.35977946,0.103513954,0.101759354,25.49039353
LAKE,SIAYA,UGENYA,SALIT,5236.876833,0.082654115,0.004319044,33.40488856,0.082705749,0.082654115,19.46349577
LAKE,SIAYA,UGENYA,SAWA CANDLES,101,0.090337644,0.006454004,,0.090664273,0.090337644,
LAKE,SIAYA,UGENYA,SAWA GLYCERIN,121.6350556,0.03964767,0.003891708,,0.039667416,0.03964767,
LAKE,SIAYA,UGENYA,SAWA HANDWASH,11.82,0.025029763,0.003149371,,0.027347553,0.025029763,
LAKE,SIAYA,UGENYA,SAWA MILKING JELLY,234.2531667,0.051055758,0.005555849,,0.051073345,0.051055759,
LAKE,SIAYA,UGENYA,SAWA PETROLLEUM JELLY,13.43,0.040484786,0.004656234,66.6946847,0.040732147,0.040484786,36.04746239
LAKE,SIAYA,UGENYA,SAWA SOAP,1450.41725,0.029772674,0.004900114,,0.029774068,0.029772674,
LAKE,SIAYA,UGENYA,USHINDI BAR,385.725,0.061840774,0.004667466,54.97061151,0.06191984,0.061840774,30.88473094
LAKE,SIAYA,UGENYA,USHINDI DETERGENT,0,0,,61.56176694,,0,30.78088347
LAKE,SIAYA,UGENYA,USHINDI LIQUID DISHWASH,62.705,0.044495245,0.003973175,,0.044635357,0.044495245,
LAKE,SIAYA,UGENYA,USHINDI PASTE DISHWASH,28.6,0.042818099,0.002731301,,0.04339909,0.042818099,
LAKE,SIAYA,UGENYA,WHITE WASH (PWANI OIL PRODUCTS),241.675,0.034977869,0.004891043,45.05765285,0.035125138,0.034977869,24.10484708
LAKE,SIAYA,UGUNJA,4U SOAP,1962.25,0.043846378,0.030594283,,0.043974945,0.043846378,
LAKE,SIAYA,UGUNJA,AFRISENSE,168.825,0.565968055,0.046291631,62.1519591,0.56633205,0.565968055,66.25200294
LAKE,SIAYA,UGUNJA,BELLEZA (PWANI OIL PRODUCTS),274.309875,0.250272926,0.023494485,,0.25047749,0.250272926,
LAKE,SIAYA,UGUNJA,DETREX,1108.901611,0.287057256,0.02013485,64.44629121,0.287072021,0.287057256,50.7229211
LAKE,SIAYA,UGUNJA,DIVA (PWANI OIL PRODUCTS),28.8,0.158605174,0.026184675,54.30539415,0.161434978,0.158605174,35.76581358
LAKE,SIAYA,UGUNJA,DIVA GLYCERIN,127.364625,0.478755246,0.088898252,,0.479491832,0.478755246,
LAKE,SIAYA,UGUNJA,FRESCO (PWANI OIL PRODUCTS),207.1766667,0.366813769,0.032879138,,0.367037233,0.366813769,
LAKE,SIAYA,UGUNJA,FRESH FRI,7970.632,0.197790407,0.017147842,39.98659082,0.197808145,0.197790407,27.90225947
LAKE,SIAYA,UGUNJA,FRYMATE,216,0.108933571,0.014560653,49.7624333,0.109839817,0.108933571,30.30201621
LAKE,SIAYA,UGUNJA,MPISHI POA,25.132,0.00925528,0.001724191,49.67336696,0.010088181,0.00925528,25.29642441
LAKE,SIAYA,UGUNJA,NDUME,16974,0.256008755,0.017496386,15.33899468,0.256008755,0.256008755,11.59641427
LAKE,SIAYA,UGUNJA,ONJA,296,0.227150538,0.030297602,53.79714347,0.227298906,0.227150538,39.1186218
LAKE,SIAYA,UGUNJA,POPCO,2382.512,0.288756343,0.025854683,42.35977946,0.290145668,0.288756343,33.41154473
LAKE,SIAYA,UGUNJA,SALIT,25387.95583,0.400917068,0.020938378,33.40488856,0.400950788,0.400917068,30.09503425
LAKE,SIAYA,UGUNJA,SAWA BODY WASH,3.11,0,0.00539979,,0.041406857,0,
LAKE,SIAYA,UGUNJA,SAWA CANDLES,172.2,0.154274425,0.011003757,,0.154578097,0.154274425,
LAKE,SIAYA,UGUNJA,SAWA GLYCERIN,478.7861597,0.15612357,0.015318741,,0.156140921,0.15612357,
LAKE,SIAYA,UGUNJA,SAWA HANDWASH,122.8316667,0.28248593,0.032727787,,0.284191672,0.28248593,
LAKE,SIAYA,UGUNJA,SAWA MILKING JELLY,1873.194389,0.408394625,0.044427088,,0.408405589,0.408394625,
LAKE,SIAYA,UGUNJA,SAWA PETROLLEUM JELLY,234.2175,0.710288809,0.081204138,66.6946847,0.710363496,0.710288809,80.71983049
LAKE,SIAYA,UGUNJA,SAWA SOAP,4427.923875,0.090894819,0.014959373,,0.090896125,0.090894819,
LAKE,SIAYA,UGUNJA,USHINDI BAR,2034.525,0.326542407,0.024618774,54.97061151,0.326599164,0.326542407,45.43554156
LAKE,SIAYA,UGUNJA,USHINDI DETERGENT,0,0,,61.56176694,,0,30.78088347
LAKE,SIAYA,UGUNJA,USHINDI LIQUID DISHWASH,299.949,0.213397626,0.019005661,,0.213512971,0.213397626,
LAKE,SIAYA,UGUNJA,USHINDI PASTE DISHWASH,307.2,0.465836623,0.029337612,,0.46616085,0.465836623,
LAKE,SIAYA,UGUNJA,WHITE WASH (PWANI OIL PRODUCTS),677.95,0.098395924,0.01372042,45.05765285,0.098533515,0.098395924,26.96231581
LAKE,VIHIGA,ALDAI,4U SOAP,114,0.002420656,0.001777423,,0.002554794,0.002420656,
LAKE,VIHIGA,ALDAI,AFRISENSE,18.865,0.062497377,0.005172762,62.1519591,0.063283602,0.062497377,34.96031397
LAKE,VIHIGA,ALDAI,BELLEZA (PWANI OIL PRODUCTS),49.20445833,0.04466885,0.004214334,,0.044929513,0.04466885,
LAKE,VIHIGA,ALDAI,DETREX,193.84,0.050161553,0.003519644,64.44629121,0.050181224,0.050161553,35.45587165
LAKE,VIHIGA,ALDAI,DIVA (PWANI OIL PRODUCTS),8.6,0.044994376,0.007819035,54.30539415,0.048206278,0.044994376,29.59613438
LAKE,VIHIGA,ALDAI,FRESCO (PWANI OIL PRODUCTS),28.3871875,0.049955869,0.004505074,,0.050291159,0.049955869,
LAKE,VIHIGA,ALDAI,FRESH FRI,3729.5025,0.092535452,0.00802357,39.98659082,0.092555518,0.092535452,23.69347266
LAKE,VIHIGA,ALDAI,FRYKING,12,0.217391304,0.049586777,,0.25,0.217391304,
LAKE,VIHIGA,ALDAI,FRYMATE,226,0.114023925,0.015234757,49.7624333,0.114924994,0.114023925,30.5553246
LAKE,VIHIGA,ALDAI,MPISHI POA,25.132,0.00925528,0.001724191,49.67336696,0.010088181,0.00925528,25.29642441
LAKE,VIHIGA,ALDAI,NDUME,4484.8,0.067641573,0.004622823,15.33899468,0.067641573,0.067641573,8.707051072
LAKE,VIHIGA,ALDAI,ONJA,64.75,0.049539171,0.006627601,53.79714347,0.049721636,0.049539171,29.5636376
LAKE,VIHIGA,ALDAI,POPCO,1733.806,0.209601393,0.018815018,42.35977946,0.211145337,0.209601393,30.05855852
LAKE,VIHIGA,ALDAI,SALIT,7077.745167,0.111728498,0.005837276,33.40488856,0.111778495,0.111728498,20.4347223
LAKE,VIHIGA,ALDAI,SAWA CANDLES,37.8,0.03358477,0.002415459,,0.033931777,0.03358477,
LAKE,VIHIGA,ALDAI,SAWA GLYCERIN,60.08782639,0.01957558,0.001922507,,0.019595739,0.01957558,
LAKE,VIHIGA,ALDAI,SAWA HANDWASH,11.30583333,0.023837317,0.003012374,,0.026157943,0.023837317,
LAKE,VIHIGA,ALDAI,SAWA MILKING JELLY,152.9933333,0.033338652,0.003628587,,0.033356566,0.033338652,
LAKE,VIHIGA,ALDAI,SAWA PETROLLEUM JELLY,6.4175,0.019210933,0.002224973,66.6946847,0.019463779,0.019210933,34.6286095
LAKE,VIHIGA,ALDAI,SAWA SOAP,1312.0025,0.026931301,0.004432491,,0.0269327,0.026931301,
LAKE,VIHIGA,ALDAI,USHINDI BAR,375.875,0.060259436,0.004548276,54.97061151,0.060338635,0.060259436,30.79780379
LAKE,VIHIGA,ALDAI,USHINDI DETERGENT,0,0,,61.56176694,,0,30.78088347
LAKE,VIHIGA,ALDAI,USHINDI LIQUID DISHWASH,14.008,0.009826131,0.000887589,,0.009971327,0.009826131,
LAKE,VIHIGA,ALDAI,USHINDI PASTE DISHWASH,61,0.092013362,0.005825502,,0.092564492,0.092013362,
LAKE,VIHIGA,ALDAI,WHITE WASH (PWANI OIL PRODUCTS),227.875,0.032971865,0.004611757,45.05765285,0.033119441,0.032971865,24.01446128
LAKE,VIHIGA,EMGWEN,FRESH FRI,42.77,0.001039339,9.20E-05,39.98659082,0.001061428,0.001039339,20.03485504
LAKE,VIHIGA,EMGWEN,FRYMATE,100,0.049885467,0.006741043,49.7624333,0.050851767,0.049885467,27.36363888
LAKE,VIHIGA,EMGWEN,NDUME,50,0.00075412,5.15E-05,15.33899468,0.00075412,0.00075412,7.681064787
LAKE,VIHIGA,EMGWEN,POPCO,201.364,0.02261319,0.002185174,42.35977946,0.024522392,0.02261319,22.13777946
LAKE,VIHIGA,EMGWEN,SALIT,579.152,0.009090746,0.000477648,33.40488856,0.00914652,0.009090746,17.00611963
LAKE,VIHIGA,EMGWEN,SAWA CANDLES,9.6,0.008261494,0.00061345,,0.008617594,0.008261494,
LAKE,VIHIGA,EMGWEN,SAWA SOAP,22.848,0.000467586,7.72E-05,,0.000469022,0.000467586,
LAKE,VIHIGA,EMUHAYA,4U SOAP,150,0.003227542,0.002338714,,0.003361571,0.003227542,
LAKE,VIHIGA,EMUHAYA,AFRISENSE,19.28,0.063890684,0.005286555,62.1519591,0.064675741,0.063890684,35.04691074
LAKE,VIHIGA,EMUHAYA,BELLEZA (PWANI OIL PRODUCTS),40.73810417,0.036935953,0.003489195,,0.037198727,0.036935953,
LAKE,VIHIGA,EMUHAYA,DETREX,122.4,0.03166681,0.002222475,64.44629121,0.031686865,0.03166681,34.26395408
LAKE,VIHIGA,EMUHAYA,DIVA (PWANI OIL PRODUCTS),4.6,0.022497188,0.004182274,54.30539415,0.025784753,0.022497188,28.37441573
LAKE,VIHIGA,EMUHAYA,FRESCO (PWANI OIL PRODUCTS),14.14379167,0.024713151,0.002244633,,0.02505735,0.024713151,
LAKE,VIHIGA,EMUHAYA,FRESH FRI,1276.879167,0.031667054,0.00274705,39.98659082,0.031688466,0.031667054,21.25955294
LAKE,VIHIGA,EMUHAYA,FRYMATE,50,0.024433698,0.003370521,49.7624333,0.025425884,0.024433698,26.09709692
LAKE,VIHIGA,EMUHAYA,NDUME,1958.8,0.029543416,0.002019083,15.33899468,0.029543416,0.029543416,8.122663646
LAKE,VIHIGA,EMUHAYA,ONJA,34.75,0.026497696,0.003556898,53.79714347,0.026684584,0.026497696,28.32407208
LAKE,VIHIGA,EMUHAYA,POPCO,971.168,0.116544488,0.010538978,42.35977946,0.118270207,0.116544488,26.11668855
LAKE,VIHIGA,EMUHAYA,SALIT,4707.202667,0.074288525,0.003882203,33.40488856,0.074340629,0.074288525,19.18404417
LAKE,VIHIGA,EMUHAYA,SAWA CANDLES,52.4,0.046695402,0.003348414,,0.047037702,0.046695402,
LAKE,VIHIGA,EMUHAYA,SAWA GLYCERIN,59.98825694,0.019543108,0.001919321,,0.019563267,0.019543108,
LAKE,VIHIGA,EMUHAYA,SAWA HANDWASH,10.7975,0.0226584,0.002876931,,0.024981828,0.0226584,
LAKE,VIHIGA,EMUHAYA,SAWA MILKING JELLY,138.136,0.030099303,0.003276211,,0.030117277,0.030099303,
LAKE,VIHIGA,EMUHAYA,SAWA PETROLLEUM JELLY,17.19125,0.051895307,0.005960275,66.6946847,0.052139727,0.051895307,36.80848348
LAKE,VIHIGA,EMUHAYA,SAWA SOAP,1120.214069,0.022994276,0.00378455,,0.022995679,0.022994276,
LAKE,VIHIGA,EMUHAYA,USHINDI BAR,439.85,0.07053011,0.005322406,54.97061151,0.070608443,0.07053011,31.36238901
LAKE,VIHIGA,EMUHAYA,USHINDI DETERGENT,0,0,,61.56176694,,0,30.78088347
LAKE,VIHIGA,EMUHAYA,USHINDI LIQUID DISHWASH,92.138,0.065449637,0.005838138,,0.065586677,0.065449637,
LAKE,VIHIGA,EMUHAYA,USHINDI PASTE DISHWASH,75,0.113270574,0.007162503,,0.113808801,0.113270574,
LAKE,VIHIGA,EMUHAYA,WHITE WASH (PWANI OIL PRODUCTS),59.2,0.008452833,0.001198096,45.05765285,0.008604151,0.008452833,22.90969126
LAKE,VIHIGA,HAMISI,4U SOAP,558,0.012372243,0.008700018,,0.012505042,0.012372243,
LAKE,VIHIGA,HAMISI,AFRISENSE,121.21,0.40610705,0.03323565,62.1519591,0.406605111,0.40610705,56.31632829
LAKE,VIHIGA,HAMISI,BELLEZA (PWANI OIL PRODUCTS),190.2439583,0.173489811,0.016294287,,0.173715325,0.173489811,
LAKE,VIHIGA,HAMISI,DETREX,1172.496333,0.303520974,0.021289569,64.44629121,0.303535398,0.303520974,51.78394666
LAKE,VIHIGA,HAMISI,DIVA (PWANI OIL PRODUCTS),4.9,0.024184477,0.004455031,54.30539415,0.027466368,0.024184477,28.46604463
LAKE,VIHIGA,HAMISI,DIVA GLYCERIN,1.501444444,0.004245385,0.001047982,,0.005652514,0.004245385,
LAKE,VIHIGA,HAMISI,FRESCO (PWANI OIL PRODUCTS),87.45245833,0.154633716,0.01387879,,0.154932063,0.154633716,
LAKE,VIHIGA,HAMISI,FRESH FRI,8671.648667,0.215188007,0.018655994,39.98659082,0.215205361,0.215188007,28.59793021
LAKE,VIHIGA,HAMISI,FRYMATE,349,0.176635276,0.02352624,49.7624333,0.177472667,0.176635276,33.6710178
LAKE,VIHIGA,HAMISI,MPISHI POA,50.167,0.01931298,0.003441727,49.67336696,0.020137426,0.01931298,25.79602424
LAKE,VIHIGA,HAMISI,NDUME,15862.4,0.239243153,0.016350575,15.33899468,0.239243153,0.239243153,11.33924679
LAKE,VIHIGA,HAMISI,ONJA,268,0.205645161,0.027431613,53.79714347,0.205797658,0.205645161,37.96169398
LAKE,VIHIGA,HAMISI,POPCO,5750.206,0.699681553,0.062400422,42.35977946,0.700268187,0.699681553,50.818246
LAKE,VIHIGA,HAMISI,RAINBOW WASHING POWDER,3.5,0.023703956,0.012918943,,0.029661017,0.023703956,
LAKE,VIHIGA,HAMISI,SALIT,23482.466,0.370822063,0.01936685,33.40488856,0.370857477,0.370822063,29.08971397
LAKE,VIHIGA,HAMISI,SAWA BODY WASH,3.11,0,0.00539979,,0.041406857,0,
LAKE,VIHIGA,HAMISI,SAWA CANDLES,162.6,0.145653736,0.010390307,,0.145960503,0.145653736,
LAKE,VIHIGA,HAMISI,SAWA GLYCERIN,319.7339444,0.104252668,0.010229873,,0.104271085,0.104252668,
LAKE,VIHIGA,HAMISI,SAWA HANDWASH,75.57083333,0.172879495,0.020135411,,0.174845804,0.172879495,
LAKE,VIHIGA,HAMISI,SAWA MILKING JELLY,598.7692778,0.13053132,0.014201182,,0.130547433,0.13053132,
LAKE,VIHIGA,HAMISI,SAWA PETROLLEUM JELLY,62.83625,0.190368747,0.021785577,66.6946847,0.190577468,0.190368747,46.04392589
LAKE,VIHIGA,HAMISI,SAWA SOAP,5646.888444,0.115917678,0.019077543,,0.115918948,0.115917678,
LAKE,VIHIGA,HAMISI,USHINDI BAR,1238.625,0.198767038,0.014987984,54.97061151,0.198834563,0.198767038,38.41165136
LAKE,VIHIGA,HAMISI,USHINDI DETERGENT,0,0,,61.56176694,,0,30.78088347
LAKE,VIHIGA,HAMISI,USHINDI LIQUID DISHWASH,225.2408333,0.160210244,0.014271929,,0.160333388,0.160210244,
LAKE,VIHIGA,HAMISI,USHINDI PASTE DISHWASH,279.8,0.424233222,0.026720911,,0.424582701,0.424233222,
LAKE,VIHIGA,HAMISI,WHITE WASH (PWANI OIL PRODUCTS),1232.825,0.17905398,0.024950036,45.05765285,0.179179263,0.17905398,30.59657851
LAKE,VIHIGA,LUANDA,4U SOAP,1387.75,0.030969831,0.021637007,,0.03110013,0.030969831,
LAKE,VIHIGA,LUANDA,AFRISENSE,217.605,0.729740392,0.059667054,62.1519591,0.729967042,0.729740392,76.43077452
LAKE,VIHIGA,LUANDA,BELLEZA (PWANI OIL PRODUCTS),311.8606458,0.284570597,0.026710687,,0.284765803,0.284570597,
LAKE,VIHIGA,LUANDA,DETREX,1546.223,0.400273193,0.028075501,64.44629121,0.400285613,0.400273193,58.01926835
LAKE,VIHIGA,LUANDA,DIVA (PWANI OIL PRODUCTS),4.02,0.019235096,0.003654944,54.30539415,0.022533632,0.019235096,28.19726652
LAKE,VIHIGA,LUANDA,FRESCO (PWANI OIL PRODUCTS),158.0718125,0.279788173,0.02508615,,0.28004235,0.279788173,
LAKE,VIHIGA,LUANDA,FRESH FRI,12718.51233,0.315621737,0.027362328,39.98659082,0.31563687,0.315621737,32.61393265
LAKE,VIHIGA,LUANDA,FRYMATE,156,0.078391448,0.010516027,49.7624333,0.079328757,0.078391448,28.78216586
LAKE,VIHIGA,LUANDA,MPISHI POA,210.862,0.083871483,0.014466271,49.67336696,0.084641655,0.083871483,29.00286242
LAKE,VIHIGA,LUANDA,NDUME,21417.9,0.323033458,0.022077049,15.33899468,0.323033458,0.323033458,12.62450583
LAKE,VIHIGA,LUANDA,ONJA,362,0.277841782,0.037053149,53.79714347,0.277980419,0.277841782,41.84566594
LAKE,VIHIGA,LUANDA,POPCO,7813.854,0.951487384,0.084794839,42.35977946,0.951582148,0.951487384,61.48468549
LAKE,VIHIGA,LUANDA,RAINBOW WASHING POWDER,4.5,0.032230559,0.016610069,,0.038135593,0.032230559,
LAKE,VIHIGA,LUANDA,SALIT,29169.872,0.460648053,0.024057462,33.40488856,0.460678411,0.460648053,32.09034117
LAKE,VIHIGA,LUANDA,SAWA BODY WASH,43.52,0.561262992,0.075562333,,0.579429713,0.561262992,
LAKE,VIHIGA,LUANDA,SAWA CANDLES,334.8,0.300287356,0.021394065,,0.3005386,0.300287356,
LAKE,VIHIGA,LUANDA,SAWA GLYCERIN,453.3261042,0.147820409,0.014504148,,0.147837931,0.147820409,
LAKE,VIHIGA,LUANDA,SAWA HANDWASH,55.50916667,0.126352856,0.014790096,,0.128429772,0.126352856,
LAKE,VIHIGA,LUANDA,SAWA MILKING JELLY,2365.337333,0.515696705,0.056099383,,0.51570568,0.515696705,
LAKE,VIHIGA,LUANDA,SAWA PETROLLEUM JELLY,218.4075,0.662325941,0.075722748,66.6946847,0.662412993,0.662325941,77.52096217
LAKE,VIHIGA,LUANDA,SAWA SOAP,6658.91325,0.136692485,0.022496585,,0.136693726,0.136692485,
LAKE,VIHIGA,LUANDA,USHINDI BAR,2728,0.437874264,0.033010169,54.97061151,0.437921638,0.437874264,51.55552178
LAKE,VIHIGA,LUANDA,USHINDI DETERGENT,0,0,,61.56176694,,0,30.78088347
LAKE,VIHIGA,LUANDA,USHINDI LIQUID DISHWASH,808.2440833,0.575270844,0.05121275,,0.575333125,0.575270844,
LAKE,VIHIGA,LUANDA,USHINDI PASTE DISHWASH,465.6,0.706346796,0.044464818,,0.706525038,0.706346796,
LAKE,VIHIGA,LUANDA,WHITE WASH (PWANI OIL PRODUCTS),2344.585,0.340662272,0.047449947,45.05765285,0.340762892,0.340662272,37.87826881
LAKE,VIHIGA,LUANDA,,6.21,,,,,,
LAKE,VIHIGA,SABATIA,4U SOAP,36,0.000672405,0.000561291,,0.000806777,0.000672405,
LAKE,VIHIGA,SABATIA,AFRISENSE,71.3975,0.238868232,0.019577117,62.1519591,0.239506546,0.238868232,45.92210812
LAKE,VIHIGA,SABATIA,BELLEZA (PWANI OIL PRODUCTS),135.4616667,0.123453421,0.011602215,,0.123692588,0.123453421,
LAKE,VIHIGA,SABATIA,DETREX,592.518,0.153373297,0.010758629,64.44629121,0.153390831,0.153373297,42.10748578
LAKE,VIHIGA,SABATIA,DIVA (PWANI OIL PRODUCTS),12.06,0.064454443,0.010964833,54.30539415,0.067600897,0.064454443,30.65292102
LAKE,VIHIGA,SABATIA,DIVA GLYCERIN,0.375361111,0,0.000261995,,0.001413129,0,
LAKE,VIHIGA,SABATIA,FRESCO (PWANI OIL PRODUCTS),73.60747917,0.130097087,0.011681578,,0.130404094,0.130097087,
LAKE,VIHIGA,SABATIA,FRESH FRI,5449.629667,0.135225001,0.011724213,39.98659082,0.135244123,0.135225001,25.4004822
LAKE,VIHIGA,SABATIA,FRYMATE,63,0.031051158,0.004246857,49.7624333,0.032036613,0.031051158,26.42639783
LAKE,VIHIGA,SABATIA,MPISHI POA,125.216,0.049463583,0.008590493,49.67336696,0.050262681,0.049463583,27.29370617
LAKE,VIHIGA,SABATIA,NDUME,6202.4,0.093547113,0.006393283,15.33899468,0.093547113,0.093547113,9.104416014
LAKE,VIHIGA,SABATIA,ONJA,144.25,0.110599078,0.014764963,53.79714347,0.110769821,0.110599078,32.84848622
LAKE,VIHIGA,SABATIA,POPCO,3579.856,0.434855969,0.038848091,42.35977946,0.435959907,0.434855969,39.60029268
LAKE,VIHIGA,SABATIA,RAINBOW WASHING POWDER,9.5,0.074863574,0.035065702,,0.080508475,0.074863574,
LAKE,VIHIGA,SABATIA,SALIT,13532.62,0.21367577,0.011160848,33.40488856,0.213720029,0.21367577,23.84025955
LAKE,VIHIGA,SABATIA,SAWA BODY WASH,3.11,0,0.00539979,,0.041406857,0,
LAKE,VIHIGA,SABATIA,SAWA CANDLES,149.4,0.133800287,0.009546814,,0.134111311,0.133800287,
LAKE,VIHIGA,SABATIA,SAWA GLYCERIN,229.9876389,0.074984155,0.007358444,,0.075003174,0.074984155,
LAKE,VIHIGA,SABATIA,SAWA HANDWASH,36.50333333,0.082274885,0.009726102,,0.084456587,0.082274885,
LAKE,VIHIGA,SABATIA,SAWA MILKING JELLY,455.7425,0.099347147,0.010808975,,0.099363838,0.099347147,
LAKE,VIHIGA,SABATIA,SAWA PETROLLEUM JELLY,44.90125,0.135959257,0.015567442,66.6946847,0.136182006,0.135959257,42.41510215
LAKE,VIHIGA,SABATIA,SAWA SOAP,3898.480542,0.080026426,0.013170692,,0.080027748,0.080026426,
LAKE,VIHIGA,SABATIA,USHINDI BAR,1013.975,0.16270128,0.012269606,54.97061151,0.162771845,0.16270128,36.42909458
LAKE,VIHIGA,SABATIA,USHINDI DETERGENT,0,0,,61.56176694,,0,30.78088347
LAKE,VIHIGA,SABATIA,USHINDI LIQUID DISHWASH,120.807,0.08586011,0.007654691,,0.085994157,0.08586011,
LAKE,VIHIGA,SABATIA,USHINDI PASTE DISHWASH,168.8,0.255693896,0.016120406,,0.256145675,0.255693896,
LAKE,VIHIGA,SABATIA,WHITE WASH (PWANI OIL PRODUCTS),489.225,0.070962373,0.009900985,45.05765285,0.071104151,0.070962373,25.72622439
LAKE,VIHIGA,VIHIGA,4U SOAP,78,0.001613771,0.001216132,,0.001748017,0.001613771,
LAKE,VIHIGA,VIHIGA,AFRISENSE,49.5025,0.165358693,0.013573532,62.1519591,0.166058654,0.165358693,41.35334625
LAKE,VIHIGA,VIHIGA,BELLEZA (PWANI OIL PRODUCTS),97.01445833,0.088336972,0.008309233,,0.088585721,0.088336972,
LAKE,VIHIGA,VIHIGA,DETREX,299.52,0.077520517,0.005438526,64.44629121,0.077539622,0.077520517,37.21905542
LAKE,VIHIGA,VIHIGA,DIVA (PWANI OIL PRODUCTS),14.34,0.07727784,0.013037786,54.30539415,0.080381166,0.07727784,31.34930065
LAKE,VIHIGA,VIHIGA,DIVA GLYCERIN,1.126083333,0.002830257,0.000785986,,0.004239386,0.002830257,
LAKE,VIHIGA,VIHIGA,FRESCO (PWANI OIL PRODUCTS),39.24404167,0.069196823,0.006228067,,0.069525322,0.069196823,
LAKE,VIHIGA,VIHIGA,FRESH FRI,4606.218,0.114293488,0.009909716,39.98659082,0.114313073,0.114293488,24.56350236
LAKE,VIHIGA,VIHIGA,FRYMATE,459,0.232629168,0.030941387,49.7624333,0.233409611,0.232629168,36.45741009
LAKE,VIHIGA,VIHIGA,MPISHI POA,210.293,0.083642889,0.014427235,49.67336696,0.084413254,0.083642889,28.99150742
LAKE,VIHIGA,VIHIGA,NDUME,5710.8,0.086132603,0.005886554,15.33899468,0.086132603,0.086132603,8.990684875
LAKE,VIHIGA,VIHIGA,ONJA,80.5,0.061635945,0.00823972,53.79714347,0.061816088,0.061635945,30.21440949
LAKE,VIHIGA,VIHIGA,POPCO,1605.564,0.193953335,0.017423354,42.35977946,0.195527846,0.193953335,29.39571024
LAKE,VIHIGA,VIHIGA,RAINBOW WASHING POWDER,3,0.019440655,0.01107338,,0.025423729,0.019440655,
LAKE,VIHIGA,VIHIGA,SALIT,10565.573,0.166814699,0.008713815,33.40488856,0.166861596,0.166814699,22.27487071
LAKE,VIHIGA,VIHIGA,SAWA BODY WASH,18.66,0.215977222,0.032398739,,0.248441141,0.215977222,
LAKE,VIHIGA,VIHIGA,SAWA CANDLES,179,0.160380747,0.011438284,,0.160682226,0.160380747,
LAKE,VIHIGA,VIHIGA,SAWA GLYCERIN,178.2962292,0.058126294,0.00570458,,0.05814566,0.058126294,
LAKE,VIHIGA,VIHIGA,SAWA HANDWASH,43.69,0.098942067,0.011640948,,0.101084146,0.098942067,
LAKE,VIHIGA,VIHIGA,SAWA MILKING JELLY,676.5573333,0.147491474,0.016046104,,0.147507273,0.147491474,
LAKE,VIHIGA,VIHIGA,SAWA PETROLLEUM JELLY,25.6275,0.077488396,0.008885156,66.6946847,0.077726218,0.077488396,38.51540649
LAKE,VIHIGA,VIHIGA,SAWA SOAP,2301.348028,0.047240549,0.007774913,,0.047241918,0.047240549,
LAKE,VIHIGA,VIHIGA,USHINDI BAR,959.625,0.153975822,0.011611944,54.97061151,0.154047123,0.153975822,35.94945087
LAKE,VIHIGA,VIHIGA,USHINDI DETERGENT,0,0,,61.56176694,,0,30.78088347
LAKE,VIHIGA,VIHIGA,USHINDI LIQUID DISHWASH,53.7585,0.038125916,0.003406299,,0.038266962,0.038125916,
LAKE,VIHIGA,VIHIGA,USHINDI PASTE DISHWASH,82.4,0.124506529,0.007869203,,0.125037936,0.124506529,
LAKE,VIHIGA,VIHIGA,WHITE WASH (PWANI OIL PRODUCTS),222.85,0.032241418,0.004510061,45.05765285,0.032389105,0.032241418,23.98154905
RIFT VALLEY,BARINGO,BARINGO CENTRAL,AFRISENSE,26.935,0.042097495,0.007382279,59.30135799,0.042285472,0.042097495,32.1471176
RIFT VALLEY,BARINGO,BARINGO CENTRAL,BELLEZA (PWANI OIL PRODUCTS),139.5454375,0.195111732,0.011022123,49.90524051,0.195561139,0.195111732,34.68971816
RIFT VALLEY,BARINGO,BARINGO CENTRAL,DETREX,426.72,0.094202187,0.010219569,62.82291179,0.094234192,0.094202187,37.32951158
RIFT VALLEY,BARINGO,BARINGO CENTRAL,DIVA (PWANI OIL PRODUCTS),30.4,0.052083333,0.01161103,50.59946771,0.052741152,0.052083333,27.9351228
RIFT VALLEY,BARINGO,BARINGO CENTRAL,FRESCO (PWANI OIL PRODUCTS),81.67541667,0.130629192,0.010119209,50.1331621,0.130906769,0.130629192,31.61543551
RIFT VALLEY,BARINGO,BARINGO CENTRAL,FRESH FRI,4991.547333,0.087129082,0.008243937,35.95963703,0.087171712,0.087129082,21.11294868
RIFT VALLEY,BARINGO,BARINGO CENTRAL,MPISHI POA,123.5656667,0.01637978,0.002023766,44.90797803,0.016657486,0.01637978,23.18957181
RIFT VALLEY,BARINGO,BARINGO CENTRAL,ONJA,68,0.050120215,0.005559416,48.0155273,0.050295858,0.050120215,26.41431218
RIFT VALLEY,BARINGO,BARINGO CENTRAL,RAINBOW WASHING POWDER,17.6,0.017282479,0.00772316,,0.017477656,0.017282479,
RIFT VALLEY,BARINGO,BARINGO CENTRAL,SALIT,677.1643333,0.01186017,0.001022946,32.21380624,0.011906612,0.01186017,16.48896433
RIFT VALLEY,BARINGO,BARINGO CENTRAL,SAWA CANDLES,606.6,0.537207654,0.050893531,,0.537289637,0.537207654,
RIFT VALLEY,BARINGO,BARINGO CENTRAL,SAWA GLYCERIN,218.094875,0.139468259,0.010289212,,0.139802146,0.139468259,
RIFT VALLEY,BARINGO,BARINGO CENTRAL,SAWA MILKING JELLY,355.1317222,0.158522363,0.0082685,,0.158599026,0.158522363,
RIFT VALLEY,BARINGO,BARINGO CENTRAL,SAWA PETROLLEUM JELLY,15.045,0.152913147,0.009624273,67.7751565,0.153279931,0.152913147,44.25129072
RIFT VALLEY,BARINGO,BARINGO CENTRAL,SAWA SOAP,3011.203514,0.090904558,0.010414689,,0.090945744,0.090904558,
RIFT VALLEY,BARINGO,BARINGO CENTRAL,USHINDI BAR,745.375,0.083148908,0.006904759,56.68066768,0.083202639,0.083148908,33.05326948
RIFT VALLEY,BARINGO,BARINGO CENTRAL,USHINDI DETERGENT,0,0,,62.60669506,,0,31.30334753
RIFT VALLEY,BARINGO,BARINGO CENTRAL,USHINDI LIQUID DISHWASH,216.5439167,0.054887794,0.006799825,,0.05498667,0.054887794,
RIFT VALLEY,BARINGO,BARINGO CENTRAL,USHINDI PASTE DISHWASH,75,0.04451851,0.005587175,,0.04463223,0.04451851,
RIFT VALLEY,BARINGO,BARINGO CENTRAL,WHITE WASH (PWANI OIL PRODUCTS),15.225,0.000236167,0.000127258,47.00378801,0.000241722,0.000236167,23.51299473
RIFT VALLEY,BARINGO,BARINGO CENTRAL,ZESTA JAM,0,0,,,,0,
RIFT VALLEY,BARINGO,BARINGO NORTH,AFRISENSE,5.57,0.008549827,0.001526612,59.30135799,0.008744388,0.008549827,30.15769534
RIFT VALLEY,BARINGO,BARINGO NORTH,BELLEZA (PWANI OIL PRODUCTS),50.10089583,0.069692737,0.003957265,49.90524051,0.070212172,0.069692737,28.43065308
RIFT VALLEY,BARINGO,BARINGO NORTH,DETREX,149.12,0.032896563,0.003571293,62.82291179,0.032930734,0.032896563,33.47811375
RIFT VALLEY,BARINGO,BARINGO NORTH,DIVA (PWANI OIL PRODUCTS),7.6,0.0125,0.002902758,50.59946771,0.013185288,0.0125,25.9322272
RIFT VALLEY,BARINGO,BARINGO NORTH,FRESCO (PWANI OIL PRODUCTS),28.3871875,0.045193229,0.003517042,50.1331621,0.045498084,0.045193229,27.33226053
RIFT VALLEY,BARINGO,BARINGO NORTH,FRESH FRI,2294.8775,0.040032603,0.003790173,35.95963703,0.040077432,0.040032603,19.4193764
RIFT VALLEY,BARINGO,BARINGO NORTH,MPISHI POA,147.6505,0.019627495,0.002418229,44.90797803,0.019904284,0.019627495,23.33542012
RIFT VALLEY,BARINGO,BARINGO NORTH,ONJA,12,0.008692436,0.000981073,48.0155273,0.00887574,0.008692436,24.42513554
RIFT VALLEY,BARINGO,BARINGO NORTH,RAINBOW WASHING POWDER,8.8,0.008541915,0.00386158,,0.008738828,0.008541915,
RIFT VALLEY,BARINGO,BARINGO NORTH,SALIT,276.6555,0.004817673,0.000417924,32.21380624,0.004864446,0.004817673,16.26209872
RIFT VALLEY,BARINGO,BARINGO NORTH,SAWA CANDLES,277,0.245216159,0.023240205,,0.245349867,0.245216159,
RIFT VALLEY,BARINGO,BARINGO NORTH,SAWA GLYCERIN,85.99047917,0.054754454,0.004056832,,0.055121211,0.054754454,
RIFT VALLEY,BARINGO,BARINGO NORTH,SAWA MILKING JELLY,117.1885,0.052249115,0.002728489,,0.05233546,0.052249115,
RIFT VALLEY,BARINGO,BARINGO NORTH,SAWA PETROLLEUM JELLY,3.3575,0.033788174,0.00214779,67.7751565,0.034206538,0.033788174,36.17757704
RIFT VALLEY,BARINGO,BARINGO NORTH,SAWA SOAP,1142.902375,0.034474718,0.003952896,,0.03451846,0.034474718,
RIFT VALLEY,BARINGO,BARINGO NORTH,USHINDI BAR,465.175,0.051869692,0.004309135,56.68066768,0.051925256,0.051869692,31.28034263
RIFT VALLEY,BARINGO,BARINGO NORTH,USHINDI DETERGENT,0,0,,62.60669506,,0,31.30334753
RIFT VALLEY,BARINGO,BARINGO NORTH,USHINDI LIQUID DISHWASH,43.47108333,0.010935072,0.001365061,,0.011038547,0.010935072,
RIFT VALLEY,BARINGO,BARINGO NORTH,USHINDI PASTE DISHWASH,22.4,0.013212713,0.001668703,,0.013330159,0.013212713,
RIFT VALLEY,BARINGO,BARINGO NORTH,WHITE WASH (PWANI OIL PRODUCTS),1.05,1.11E-05,8.78E-06,47.00378801,1.67E-05,1.11E-05,23.50241639
RIFT VALLEY,BARINGO,BARINGO SOUTH,AFRISENSE,26.1475,0.04086095,0.007166442,59.30135799,0.04104917,0.04086095,32.07378879
RIFT VALLEY,BARINGO,BARINGO SOUTH,BELLEZA (PWANI OIL PRODUCTS),161.1595417,0.225418994,0.012729333,49.90524051,0.22585148,0.225418994,36.20220939
RIFT VALLEY,BARINGO,BARINGO SOUTH,DETREX,812.88,0.179482374,0.019467762,62.82291179,0.179511366,0.179482374,42.68706123
RIFT VALLEY,BARINGO,BARINGO SOUTH,DIVA (PWANI OIL PRODUCTS),31,0.053125,0.011840196,50.59946771,0.053782096,0.053125,27.98783058
RIFT VALLEY,BARINGO,BARINGO SOUTH,FRESCO (PWANI OIL PRODUCTS),107.3732917,0.171830086,0.013303058,50.1331621,0.172094508,0.171830086,33.68096662
RIFT VALLEY,BARINGO,BARINGO SOUTH,FRESH FRI,6184.192833,0.107958256,0.010213686,35.95963703,0.107999912,0.107958256,21.8619582
RIFT VALLEY,BARINGO,BARINGO SOUTH,FRYMATE,400,0.021879022,0.00332735,41.1726797,0.021905805,0.021879022,21.48715781
RIFT VALLEY,BARINGO,BARINGO SOUTH,MPISHI POA,472.7825,0.06346986,0.00774326,44.90797803,0.063734271,0.06346986,25.3042921
RIFT VALLEY,BARINGO,BARINGO SOUTH,NDUME,150,0.004340278,0.000405883,28.18658695,0.004340278,0.004340278,14.21563109
RIFT VALLEY,BARINGO,BARINGO SOUTH,ONJA,58.25,0.042907342,0.004762294,48.0155273,0.04308432,0.042907342,26.06798232
RIFT VALLEY,BARINGO,BARINGO SOUTH,RAINBOW WASHING POWDER,25.2,0.024831148,0.011058161,,0.025024826,0.024831148,
RIFT VALLEY,BARINGO,BARINGO SOUTH,SALIT,1300.882667,0.022827554,0.001965154,32.21380624,0.02287348,0.022827554,16.84226551
RIFT VALLEY,BARINGO,BARINGO SOUTH,SAWA CANDLES,1129,1,0.094722712,,1,1,
RIFT VALLEY,BARINGO,BARINGO SOUTH,SAWA GLYCERIN,222.1300486,0.142055871,0.010479582,,0.142388754,0.142055871,
RIFT VALLEY,BARINGO,BARINGO SOUTH,SAWA MILKING JELLY,439.1735,0.196058178,0.010225237,,0.196131421,0.196058178,
RIFT VALLEY,BARINGO,BARINGO SOUTH,SAWA PETROLLEUM JELLY,8.33,0.084470435,0.005328693,67.7751565,0.084866854,0.084470435,39.61257523
RIFT VALLEY,BARINGO,BARINGO SOUTH,SAWA SOAP,3957.180708,0.119476688,0.01368649,,0.119516579,0.119476688,
RIFT VALLEY,BARINGO,BARINGO SOUTH,USHINDI BAR,1033.475,0.115310015,0.009573565,56.68066768,0.115361861,0.115310015,34.8761825
RIFT VALLEY,BARINGO,BARINGO SOUTH,USHINDI DETERGENT,0,0,,62.60669506,,0,31.30334753
RIFT VALLEY,BARINGO,BARINGO SOUTH,USHINDI LIQUID DISHWASH,170.0920833,0.043091116,0.005341163,,0.043191226,0.043091116,
RIFT VALLEY,BARINGO,BARINGO SOUTH,USHINDI PASTE DISHWASH,101.6,0.060349958,0.007568759,,0.060461795,0.060349958,
RIFT VALLEY,BARINGO,BARINGO SOUTH,WHITE WASH (PWANI OIL PRODUCTS),7.35,0.000111137,6.14E-05,47.00378801,0.000116693,0.000111137,23.50711788
RIFT VALLEY,BARINGO,BARINGO SOUTH,ZESTA JAM,0,0,,,,0,
RIFT VALLEY,BARINGO,ELDAMA RAVINE,4U SOAP,42,0.012658228,0.002813646,,0.017632242,0.012658228,
RIFT VALLEY,BARINGO,ELDAMA RAVINE,AFRISENSE,13.05,0.020295044,0.003576712,59.30135799,0.020487299,0.020295044,30.85420264
RIFT VALLEY,BARINGO,ELDAMA RAVINE,BELLEZA (PWANI OIL PRODUCTS),26.69391667,0.036871508,0.002108443,49.90524051,0.037409269,0.036871508,26.79270175
RIFT VALLEY,BARINGO,ELDAMA RAVINE,DETREX,118.08,0.02604164,0.002827912,62.82291179,0.026076053,0.02604164,33.04746754
RIFT VALLEY,BARINGO,ELDAMA RAVINE,DIVA (PWANI OIL PRODUCTS),42.6,0.073263889,0.01627072,50.59946771,0.073907009,0.073263889,29.00684764
RIFT VALLEY,BARINGO,ELDAMA RAVINE,DIVA GLYCERIN,13.513,0.040584014,0.006870328,,0.04169521,0.040584014,
RIFT VALLEY,BARINGO,ELDAMA RAVINE,FRESCO (PWANI OIL PRODUCTS),13.4465625,0.021239221,0.001665967,50.1331621,0.021551724,0.021239221,26.13137034
RIFT VALLEY,BARINGO,ELDAMA RAVINE,FRESH FRI,1558.422167,0.027170646,0.002573858,35.95963703,0.027216075,0.027170646,18.95686507
RIFT VALLEY,BARINGO,ELDAMA RAVINE,FRYMATE,2548,0.139516416,0.021195217,41.1726797,0.139539978,0.139516416,26.33060456
RIFT VALLEY,BARINGO,ELDAMA RAVINE,MPISHI POA,844.093,0.113539157,0.013824605,44.90797803,0.113789432,0.113539157,27.55280298
RIFT VALLEY,BARINGO,ELDAMA RAVINE,NDUME,780,0.022569444,0.00211059,28.18658695,0.022569444,0.022569444,14.72944908
RIFT VALLEY,BARINGO,ELDAMA RAVINE,ONJA,32.25,0.023673016,0.002636635,48.0155273,0.02385355,0.023673016,25.14443602
RIFT VALLEY,BARINGO,ELDAMA RAVINE,SALIT,2553.614667,0.044855434,0.00385757,32.21380624,0.044900325,0.044855434,17.55186738
RIFT VALLEY,BARINGO,ELDAMA RAVINE,SAWA CANDLES,157.2,0.139085755,0.013189026,,0.139238264,0.139085755,
RIFT VALLEY,BARINGO,ELDAMA RAVINE,SAWA GLYCERIN,70.90743056,0.045082237,0.003345249,,0.045452746,0.045082237,
RIFT VALLEY,BARINGO,ELDAMA RAVINE,SAWA MILKING JELLY,352.3875,0.157296703,0.008204606,,0.157373478,0.157296703,
RIFT VALLEY,BARINGO,ELDAMA RAVINE,SAWA PETROLLEUM JELLY,0.95625,0.009313407,0.000611712,67.7751565,0.009742368,0.009313407,34.51879587
RIFT VALLEY,BARINGO,ELDAMA RAVINE,SAWA SOAP,615.5596944,0.018546952,0.002129004,,0.018591415,0.018546952,
RIFT VALLEY,BARINGO,ELDAMA RAVINE,USHINDI BAR,569.45,0.063510093,0.005275083,56.68066768,0.063564974,0.063510093,31.94012831
RIFT VALLEY,BARINGO,ELDAMA RAVINE,USHINDI DETERGENT,0,0,,62.60669506,,0,31.30334753
RIFT VALLEY,BARINGO,ELDAMA RAVINE,USHINDI LIQUID DISHWASH,169.8919167,0.043040282,0.005334877,,0.043140398,0.043040282,
RIFT VALLEY,BARINGO,ELDAMA RAVINE,USHINDI PASTE DISHWASH,67.6,0.040114272,0.005035907,,0.040228517,0.040114272,
RIFT VALLEY,BARINGO,ELDAMA RAVINE,WHITE WASH (PWANI OIL PRODUCTS),94.8,0.001499559,0.000792386,47.00378801,0.001505107,0.001499559,23.57237894
RIFT VALLEY,BARINGO,MOGOTIO,4U SOAP,12,0,0.000803899,,0.005037783,0,
RIFT VALLEY,BARINGO,MOGOTIO,AFRISENSE,31.01,0.048496125,0.008499145,59.30135799,0.048682847,0.048496125,32.52656509
RIFT VALLEY,BARINGO,MOGOTIO,BELLEZA (PWANI OIL PRODUCTS),104.4847708,0.145949721,0.008252824,49.90524051,0.146426577,0.145949721,32.23627617
RIFT VALLEY,BARINGO,MOGOTIO,DETREX,291.52,0.064344405,0.006981648,62.82291179,0.064377464,0.064344405,35.45375874
RIFT VALLEY,BARINGO,MOGOTIO,DIVA (PWANI OIL PRODUCTS),45,0.077430556,0.017187381,50.59946771,0.078070784,0.077430556,29.21767875
RIFT VALLEY,BARINGO,MOGOTIO,DIVA GLYCERIN,31.592,0.096432587,0.016062118,,0.097479099,0.096432587,
RIFT VALLEY,BARINGO,MOGOTIO,FRESCO (PWANI OIL PRODUCTS),75.40035417,0.120568508,0.009341758,50.1331621,0.120849298,0.120568508,31.11106163
RIFT VALLEY,BARINGO,MOGOTIO,FRESH FRI,2056.488167,0.03586921,0.003396454,35.95963703,0.035914233,0.03586921,19.26966227
RIFT VALLEY,BARINGO,MOGOTIO,FRYMATE,2858,0.15649388,0.023773913,41.1726797,0.156516977,0.15649388,27.02961224
RIFT VALLEY,BARINGO,MOGOTIO,MPISHI POA,2382.267333,0.320953995,0.039016915,44.90797803,0.32114571,0.320953995,36.86738396
RIFT VALLEY,BARINGO,MOGOTIO,NDUME,790,0.022858796,0.002137649,28.18658695,0.022858796,0.022858796,14.73760492
RIFT VALLEY,BARINGO,MOGOTIO,ONJA,67.75,0.049935269,0.005538977,48.0155273,0.050110947,0.049935269,26.40543193
RIFT VALLEY,BARINGO,MOGOTIO,POPCO,128.298,0.009493283,0.001964527,45.97764899,0.011560307,0.009493283,23.42530335
RIFT VALLEY,BARINGO,MOGOTIO,SALIT,6658.021833,0.117026808,0.010057817,32.21380624,0.117068307,0.117026808,19.87678202
RIFT VALLEY,BARINGO,MOGOTIO,SAWA BODY WASH,12.44,0.07318221,0.01603308,,0.09525268,0.07318221,
RIFT VALLEY,BARINGO,MOGOTIO,SAWA CANDLES,492.6,0.43621545,0.041328971,,0.436315323,0.43621545,
RIFT VALLEY,BARINGO,MOGOTIO,SAWA GLYCERIN,181.0051111,0.115683925,0.008539403,,0.116027041,0.115683925,
RIFT VALLEY,BARINGO,MOGOTIO,SAWA MILKING JELLY,410.2376111,0.183134461,0.009551525,,0.183208881,0.183134461,
RIFT VALLEY,BARINGO,MOGOTIO,SAWA PETROLLEUM JELLY,2.21,0.022092268,0.001413735,67.7751565,0.022515696,0.022092268,35.38488515
RIFT VALLEY,BARINGO,MOGOTIO,SAWA SOAP,1648.90925,0.049758061,0.005702995,,0.04980111,0.049758061,
RIFT VALLEY,BARINGO,MOGOTIO,USHINDI BAR,750.325,0.083701486,0.006950614,56.68066768,0.083755184,0.083701486,33.08458993
RIFT VALLEY,BARINGO,MOGOTIO,USHINDI DETERGENT,0,0,,62.60669506,,0,31.30334753
RIFT VALLEY,BARINGO,MOGOTIO,USHINDI LIQUID DISHWASH,356.9710833,0.090549983,0.011209462,,0.090645128,0.090549983,
RIFT VALLEY,BARINGO,MOGOTIO,USHINDI PASTE DISHWASH,82,0.04868468,0.006108644,,0.048797905,0.04868468,
RIFT VALLEY,BARINGO,MOGOTIO,WHITE WASH (PWANI OIL PRODUCTS),117.6,0.001861548,0.00098296,47.00378801,0.001867095,0.001861548,23.58939383
RIFT VALLEY,BARINGO,RONGAI,4U SOAP,42,0.012658228,0.002813646,,0.017632242,0.012658228,
RIFT VALLEY,BARINGO,RONGAI,AFRISENSE,11.4,0.017704187,0.003124484,59.30135799,0.017896951,0.017704187,30.70056133
RIFT VALLEY,BARINGO,RONGAI,BELLEZA (PWANI OIL PRODUCTS),20.0204375,0.027513966,0.001581332,49.90524051,0.028056951,0.027513966,26.32571137
RIFT VALLEY,BARINGO,RONGAI,DETREX,32.16,0.007066931,0.000770204,62.82291179,0.007102014,0.007066931,31.85542106
RIFT VALLEY,BARINGO,RONGAI,DIVA (PWANI OIL PRODUCTS),19.8,0.033680556,0.007562447,50.59946771,0.034351145,0.033680556,27.00395204
RIFT VALLEY,BARINGO,RONGAI,DIVA GLYCERIN,13.513,0.040584014,0.006870328,,0.04169521,0.040584014,
RIFT VALLEY,BARINGO,RONGAI,FRESCO (PWANI OIL PRODUCTS),11.354875,0.01788566,0.001406817,50.1331621,0.018199234,0.01788566,25.96324572
RIFT VALLEY,BARINGO,RONGAI,FRESH FRI,889.693,0.015491504,0.001469399,35.95963703,0.015537479,0.015491504,18.53688738
RIFT VALLEY,BARINGO,RONGAI,FRYMATE,1044,0.057148334,0.008684383,41.1726797,0.057174151,0.057148334,22.93928989
RIFT VALLEY,BARINGO,RONGAI,MPISHI POA,100,0.013202072,0.001637806,44.90797803,0.013480675,0.013202072,23.04686737
RIFT VALLEY,BARINGO,RONGAI,NDUME,420,0.012152778,0.001136471,28.18658695,0.012152778,0.012152778,14.4358388
RIFT VALLEY,BARINGO,RONGAI,ONJA,30,0.022008507,0.002452684,48.0155273,0.022189349,0.022008507,25.06451374
RIFT VALLEY,BARINGO,RONGAI,SALIT,2121.9225,0.037264614,0.003205443,32.21380624,0.037309862,0.037264614,17.30733817
RIFT VALLEY,BARINGO,RONGAI,SAWA BODY WASH,6.22,0.02439407,0.00801654,,0.04762634,0.02439407,
RIFT VALLEY,BARINGO,RONGAI,SAWA CANDLES,66.4,0.05864635,0.005570937,,0.058813109,0.05864635,
RIFT VALLEY,BARINGO,RONGAI,SAWA GLYCERIN,41.62636806,0.026305343,0.001963836,,0.026683138,0.026305343,
RIFT VALLEY,BARINGO,RONGAI,SAWA MILKING JELLY,53.5455,0.023824064,0.001246695,,0.023912998,0.023824064,
RIFT VALLEY,BARINGO,RONGAI,SAWA PETROLLEUM JELLY,1.08375,0.010612952,0.000693274,67.7751565,0.011041351,0.010612952,34.60687274
RIFT VALLEY,BARINGO,RONGAI,SAWA SOAP,339.9735,0.010223194,0.001175848,,0.010268035,0.010223194,
RIFT VALLEY,BARINGO,RONGAI,USHINDI BAR,237,0.026398118,0.002195443,56.68066768,0.026455174,0.026398118,29.83659679
RIFT VALLEY,BARINGO,RONGAI,USHINDI DETERGENT,0,0,,62.60669506,,0,31.30334753
RIFT VALLEY,BARINGO,RONGAI,USHINDI LIQUID DISHWASH,162.0196667,0.041041085,0.005087676,,0.041141409,0.041041085,
RIFT VALLEY,BARINGO,RONGAI,USHINDI PASTE DISHWASH,74.8,0.044399476,0.005572276,,0.044513211,0.044399476,
RIFT VALLEY,BARINGO,RONGAI,WHITE WASH (PWANI OIL PRODUCTS),1.575,1.94E-05,1.32E-05,47.00378801,2.50E-05,1.94E-05,23.50280818
RIFT VALLEY,BARINGO,TIATY,AFRISENSE,1.3275,0.001888185,0.000363838,59.30135799,0.002084053,0.001888185,29.76265092
RIFT VALLEY,BARINGO,TIATY,BELLEZA (PWANI OIL PRODUCTS),2.3905,0.002793296,0.000188816,49.90524051,0.003350084,0.002793296,25.09202037
RIFT VALLEY,BARINGO,TIATY,DETREX,14.4,0.003144784,0.000344867,62.82291179,0.003180006,0.003144784,31.60902039
RIFT VALLEY,BARINGO,TIATY,FRESCO (PWANI OIL PRODUCTS),1.792875,0.002555094,0.000222129,50.1331621,0.002873563,0.002555094,25.194676
RIFT VALLEY,BARINGO,TIATY,FRESH FRI,272.6555,0.004715141,0.000450312,35.95963703,0.004761619,0.004715141,18.14937327
RIFT VALLEY,BARINGO,TIATY,ONJA,0.25,0,2.04E-05,48.0155273,0.000184911,0,24.00776365
RIFT VALLEY,BARINGO,TIATY,SALIT,56.133,0.000940034,8.48E-05,32.21380624,0.000986989,0.000940034,16.13718519
RIFT VALLEY,BARINGO,TIATY,SAWA CANDLES,24,0.021084337,0.002013592,,0.02125775,0.021084337,
RIFT VALLEY,BARINGO,TIATY,SAWA GLYCERIN,8.902847222,0.005320924,0.000420016,,0.005706861,0.005320924,
RIFT VALLEY,BARINGO,TIATY,SAWA MILKING JELLY,6.980666667,0.003026682,0.00016253,,0.003117511,0.003026682,
RIFT VALLEY,BARINGO,TIATY,SAWA PETROLLEUM JELLY,0.0425,0,2.72E-05,67.7751565,0.000432994,0,33.88757825
RIFT VALLEY,BARINGO,TIATY,SAWA SOAP,75.44145833,0.002233315,0.000260925,,0.002278517,0.002233315,
RIFT VALLEY,BARINGO,TIATY,USHINDI BAR,74.4,0.008246795,0.000689202,56.68066768,0.008304915,0.008246795,28.80776771
RIFT VALLEY,BARINGO,TIATY,USHINDI LIQUID DISHWASH,19.736,0.004907428,0.000619742,,0.005011533,0.004907428,
RIFT VALLEY,BARINGO,TIATY,USHINDI PASTE DISHWASH,1,0.000476134,7.45E-05,,0.000595096,0.000476134,
RIFT VALLEY,BOMET,BOMET CENTRAL,AFRISENSE,16.2,0.025241224,0.004440056,59.30135799,0.02543251,0.025241224,31.14751788
RIFT VALLEY,BOMET,BOMET CENTRAL,BELLEZA (PWANI OIL PRODUCTS),19.721625,0.027094972,0.00155773,49.90524051,0.027638191,0.027094972,26.30480135
RIFT VALLEY,BOMET,BOMET CENTRAL,DETREX,58.88,0.012967818,0.001410124,62.82291179,0.013002693,0.012967818,32.22613198
RIFT VALLEY,BOMET,BOMET CENTRAL,DETREX SANITIZER SPRAY,5.34,0,1,,1,0,
RIFT VALLEY,BOMET,BOMET CENTRAL,FRESCO (PWANI OIL PRODUCTS),7.868729167,0.012296391,0.000974899,50.1331621,0.01261175,0.012296391,25.68303801
RIFT VALLEY,BOMET,BOMET CENTRAL,FRESH FRI,4808.162833,0.08392633,0.007941063,35.95963703,0.083969109,0.08392633,20.99777889
RIFT VALLEY,BOMET,BOMET CENTRAL,MPISHI POA,224.634,0.030008321,0.003679069,44.90797803,0.030282179,0.030008321,23.80160203
RIFT VALLEY,BOMET,BOMET CENTRAL,NDUME,1352,0.03912037,0.003658356,28.18658695,0.03912037,0.03912037,15.1959632
RIFT VALLEY,BOMET,BOMET CENTRAL,ONJA,24.25,0.017754762,0.001982586,48.0155273,0.017936391,0.017754762,24.86026793
RIFT VALLEY,BOMET,BOMET CENTRAL,POPCO,643.294,0.055994101,0.009850258,45.97764899,0.057964086,0.055994101,25.56330163
RIFT VALLEY,BOMET,BOMET CENTRAL,SALIT,5900.7075,0.103710289,0.008913794,32.21380624,0.103752414,0.103710289,19.44780626
RIFT VALLEY,BOMET,BOMET CENTRAL,SAWA BODY WASH,6.21,0.024315633,0.008003652,,0.04754977,0.024315633,
RIFT VALLEY,BOMET,BOMET CENTRAL,SAWA CANDLES,45.6,0.040219702,0.003825824,,0.040389725,0.040219702,
RIFT VALLEY,BOMET,BOMET CENTRAL,SAWA GLYCERIN,20.49175694,0.012752476,0.000966754,,0.013135529,0.012752476,
RIFT VALLEY,BOMET,BOMET CENTRAL,SAWA MILKING JELLY,85.69333333,0.03818234,0.00199519,,0.038269967,0.03818234,
RIFT VALLEY,BOMET,BOMET CENTRAL,SAWA PETROLLEUM JELLY,2.06125,0.020576132,0.00131858,67.7751565,0.021000216,0.020576132,35.2821288
RIFT VALLEY,BOMET,BOMET CENTRAL,SAWA SOAP,465.4175,0.014012083,0.001609715,,0.014056752,0.014012083,
RIFT VALLEY,BOMET,BOMET CENTRAL,USHINDI BAR,268.6,0.029925681,0.002488168,56.68066768,0.029982531,0.029925681,30.03654143
RIFT VALLEY,BOMET,BOMET CENTRAL,USHINDI DETERGENT,0,0,,62.60669506,,0,31.30334753
RIFT VALLEY,BOMET,BOMET CENTRAL,USHINDI LIQUID DISHWASH,192.396,0.048755308,0.006041541,,0.048854826,0.048755308,
RIFT VALLEY,BOMET,BOMET CENTRAL,USHINDI PASTE DISHWASH,129.6,0.077014641,0.009654638,,0.077124494,0.077014641,
RIFT VALLEY,BOMET,BOMET CENTRAL,WHITE WASH (PWANI OIL PRODUCTS),35.875,0.000564021,0.000299861,47.00378801,0.000569575,0.000564021,23.52840515
RIFT VALLEY,BOMET,BOMET EAST,4U SOAP,18,0.002531646,0.001205848,,0.007556675,0.002531646,
RIFT VALLEY,BOMET,BOMET EAST,AFRISENSE,5.4,0.00828289,0.001480019,59.30135799,0.008477503,0.00828289,30.14186563
RIFT VALLEY,BOMET,BOMET EAST,BELLEZA (PWANI OIL PRODUCTS),203.3917083,0.284636872,0.016065079,49.90524051,0.285036293,0.284636871,39.15749178
RIFT VALLEY,BOMET,BOMET EAST,DETREX,878.66,0.194009333,0.021043136,62.82291179,0.194037812,0.194009333,43.59968713
RIFT VALLEY,BOMET,BOMET EAST,FRESCO (PWANI OIL PRODUCTS),101.3970417,0.162248483,0.012562628,50.1331621,0.162515964,0.162248483,33.20061055
RIFT VALLEY,BOMET,BOMET EAST,FRESH FRI,17862.63483,0.311918522,0.029501562,35.95963703,0.311950654,0.311918522,29.19629533
RIFT VALLEY,BOMET,BOMET EAST,FRYMATE,108,0.005887346,0.000898384,41.1726797,0.005914567,0.005887346,20.82873767
RIFT VALLEY,BOMET,BOMET EAST,MPISHI POA,511.974,0.068754631,0.00838514,44.90797803,0.06901755,0.068754631,25.54162046
RIFT VALLEY,BOMET,BOMET EAST,NDUME,18152,0.525231481,0.049117212,28.18658695,0.525231481,0.525231481,28.8977763
RIFT VALLEY,BOMET,BOMET EAST,ONJA,66,0.048640651,0.005395904,48.0155273,0.048816568,0.048640651,26.34327016
RIFT VALLEY,BOMET,BOMET EAST,POPCO,865.974,0.076100669,0.013259982,45.97764899,0.078028695,0.076100669,26.48775436
RIFT VALLEY,BOMET,BOMET EAST,POPCO BAR,200,0.023468057,0.014378145,,0.026007802,0.023468057,
RIFT VALLEY,BOMET,BOMET EAST,RAINBOW WASHING POWDER,1.5,0.00129122,0.000658224,,0.001489573,0.00129122,
RIFT VALLEY,BOMET,BOMET EAST,SALIT,12445.1705,0.218787294,0.018800065,32.21380624,0.21882401,0.218787294,23.15487461
RIFT VALLEY,BOMET,BOMET EAST,SAWA CANDLES,249.6,0.220942594,0.020941354,,0.221080602,0.220942594,
RIFT VALLEY,BOMET,BOMET EAST,SAWA GLYCERIN,203.3180764,0.129992428,0.009592077,,0.130329992,0.129992429,
RIFT VALLEY,BOMET,BOMET EAST,SAWA MILKING JELLY,430.3315,0.19210905,0.010019369,,0.192182653,0.19210905,
RIFT VALLEY,BOMET,BOMET EAST,SAWA PETROLLEUM JELLY,16.405,0.166774962,0.010494263,67.7751565,0.167135744,0.166774962,45.19077741
RIFT VALLEY,BOMET,BOMET EAST,SAWA SOAP,3198.149417,0.09655104,0.011061269,,0.096591969,0.09655104,
RIFT VALLEY,BOMET,BOMET EAST,USHINDI BAR,1294.925,0.144496136,0.0119955,56.68066768,0.144546271,0.144496136,36.53047131
RIFT VALLEY,BOMET,BOMET EAST,USHINDI DETERGENT,0,0,,62.60669506,,0,31.30334753
RIFT VALLEY,BOMET,BOMET EAST,USHINDI LIQUID DISHWASH,416.878,0.105763648,0.013090634,,0.105857201,0.105763648,
RIFT VALLEY,BOMET,BOMET EAST,USHINDI PASTE DISHWASH,240,0.142721105,0.017878959,,0.142823137,0.142721105,
RIFT VALLEY,BOMET,BOMET EAST,WHITE WASH (PWANI OIL PRODUCTS),604.5,0.009591936,0.005052715,47.00378801,0.009597439,0.009591936,23.95275133
RIFT VALLEY,BOMET,CHEPALUNGU,BELLEZA (PWANI OIL PRODUCTS),9.562,0.012849162,0.000755263,49.90524051,0.013400335,0.012849162,25.59386078
RIFT VALLEY,BOMET,CHEPALUNGU,FRESH FRI,21.384,0.000326764,3.53E-05,35.95963703,0.000373447,0.000326764,17.99156884
RIFT VALLEY,BOMET,CHEPALUNGU,NDUME,468,0.013541667,0.001266354,28.18658695,0.013541667,0.013541667,14.47498684
RIFT VALLEY,BOMET,CHEPALUNGU,SALIT,17.82,0.000266343,2.69E-05,32.21380624,0.00031333,0.000266343,16.11548304
RIFT VALLEY,BOMET,CHEPALUNGU,SAWA GLYCERIN,9.079,0.005433885,0.000428326,,0.005819778,0.005433885,
RIFT VALLEY,BOMET,CHEPALUNGU,SAWA MILKING JELLY,47.596,0.021166822,0.001108173,,0.021255998,0.021166822,
RIFT VALLEY,BOMET,CHEPALUNGU,SAWA SOAP,12,0.00031714,4.15E-05,,0.000362429,0.00031714,
RIFT VALLEY,BOMET,KONOIN,AFRISENSE,6.31,0.009711787,0.001729429,59.30135799,0.00990612,0.009711787,30.22660114
RIFT VALLEY,BOMET,KONOIN,BELLEZA (PWANI OIL PRODUCTS),25.89708333,0.03575419,0.002045505,49.90524051,0.036292574,0.03575419,26.7369417
RIFT VALLEY,BOMET,KONOIN,DETREX,12.45591667,0.00271545,0.000298308,62.82291179,0.002750687,0.00271545,31.58204835
RIFT VALLEY,BOMET,KONOIN,FRESCO (PWANI OIL PRODUCTS),15.2394375,0.024113702,0.001888096,50.1331621,0.024425287,0.024113702,26.27547717
RIFT VALLEY,BOMET,KONOIN,FRESH FRI,485.2005,0.008427171,0.000801347,35.95963703,0.008473476,0.008427171,18.28285654
RIFT VALLEY,BOMET,KONOIN,ONJA,1.5,0.000924727,0.000122634,48.0155273,0.001109467,0.000924727,24.05216491
RIFT VALLEY,BOMET,KONOIN,SALIT,5.7915,5.48E-05,8.75E-06,32.21380624,0.000101832,5.48E-05,16.10866957
RIFT VALLEY,BOMET,KONOIN,SAWA GLYCERIN,21.57590972,0.013447704,0.001017902,,0.013830488,0.013447704,
RIFT VALLEY,BOMET,KONOIN,SAWA HANDWASH,1.5425,0.003804251,0.001349478,,0.011326574,0.003804251,
RIFT VALLEY,BOMET,KONOIN,SAWA MILKING JELLY,39.74933333,0.017662243,0.00092548,,0.017751739,0.017662243,
RIFT VALLEY,BOMET,KONOIN,SAWA PETROLLEUM JELLY,0.10625,0.000649773,6.80E-05,67.7751565,0.001082485,0.000649773,33.93161669
RIFT VALLEY,BOMET,KONOIN,SAWA SOAP,108.192,0.003222507,0.000374198,,0.003267664,0.003222507,
RIFT VALLEY,BOMET,KONOIN,USHINDI BAR,14.7,0.00158238,0.000136173,56.68066768,0.001640891,0.00158238,28.4300242
RIFT VALLEY,BOMET,KONOIN,USHINDI LIQUID DISHWASH,6.18,0.001464813,0.000194062,,0.001569278,0.001464813,
RIFT VALLEY,BOMET,KONOIN,WHITE WASH (PWANI OIL PRODUCTS),10.675,0.000163927,8.92E-05,47.00378801,0.000169483,0.000163927,23.50959921
RIFT VALLEY,BOMET,NAROK WEST,BELLEZA (PWANI OIL PRODUCTS),5.97625,0.007821229,0.00047204,49.90524051,0.008375209,0.007821229,25.34294057
RIFT VALLEY,BOMET,NAROK WEST,FRESCO (PWANI OIL PRODUCTS),4.781,0.007345896,0.000592344,50.1331621,0.007662835,0.007345896,25.43485404
RIFT VALLEY,BOMET,NAROK WEST,FRESH FRI,187.12,0.003221291,0.000309044,35.95963703,0.003267839,0.003221291,18.09565496
RIFT VALLEY,BOMET,NAROK WEST,NDUME,1020,0.029513889,0.002760002,28.18658695,0.029513889,0.029513889,14.92518927
RIFT VALLEY,BOMET,NAROK WEST,SALIT,53.46,0.000893032,8.08E-05,32.21380624,0.00093999,0.000893032,16.13567108
RIFT VALLEY,BOMET,NAROK WEST,SAWA GLYCERIN,6.506666667,0.00378434,0.000306969,,0.004170873,0.00378434,
RIFT VALLEY,BOMET,NAROK WEST,SAWA MILKING JELLY,1.53,0.000592235,3.56E-05,,0.000683286,0.000592235,
RIFT VALLEY,BOMET,NAROK WEST,SAWA SOAP,10.8,0.000280896,3.74E-05,,0.000326187,0.000280896,
RIFT VALLEY,BOMET,NAROK WEST,USHINDI DETERGENT,0,0,,62.60669506,,0,31.30334753
RIFT VALLEY,BOMET,SOTIK,AFRISENSE,48.3325,0.075696195,0.013246853,59.30135799,0.075877579,0.075696195,34.13956613
RIFT VALLEY,BOMET,SOTIK,BELLEZA (PWANI OIL PRODUCTS),107.0744792,0.149581006,0.008457375,49.90524051,0.150055835,0.149581006,32.41749632
RIFT VALLEY,BOMET,SOTIK,DETREX,215.6,0.047578111,0.005163431,62.82291179,0.047611764,0.047578111,34.40045138
RIFT VALLEY,BOMET,SOTIK,FRESCO (PWANI OIL PRODUCTS),40.9373125,0.065314596,0.005071945,50.1331621,0.065613027,0.065314596,28.34100828
RIFT VALLEY,BOMET,SOTIK,FRESH FRI,32570.859,0.568792967,0.053793364,35.95963703,0.568813104,0.568792967,38.43340716
RIFT VALLEY,BOMET,SOTIK,MPISHI POA,100.306,0.013243334,0.001642818,44.90797803,0.013521926,0.013243334,23.04872038
RIFT VALLEY,BOMET,SOTIK,NDUME,24541.2,0.710104167,0.066405648,28.18658695,0.710104167,0.710104167,34.10870631
RIFT VALLEY,BOMET,SOTIK,ONJA,52.25,0.038468652,0.004271757,48.0155273,0.03864645,0.038468652,25.85485625
RIFT VALLEY,BOMET,SOTIK,POPCO,338.566,0.028479128,0.005184196,45.97764899,0.030506531,0.028479128,24.29822784
RIFT VALLEY,BOMET,SOTIK,POPCO BAR,20,0,0.001437815,,0.00260078,0,
RIFT VALLEY,BOMET,SOTIK,POPCO LAUNDRY SOAP,10,0,0.005376344,,0.008064516,0,
RIFT VALLEY,BOMET,SOTIK,RAINBOW WASHING POWDER,8.5,0.008243941,0.003729935,,0.008440914,0.008243941,
RIFT VALLEY,BOMET,SOTIK,SALIT,13845.29733,0.243406946,0.02091514,32.21380624,0.243442505,0.243406946,23.94796731
RIFT VALLEY,BOMET,SOTIK,SAWA BODY WASH,3.11,0,0.00400827,,0.02381317,0,
RIFT VALLEY,BOMET,SOTIK,SAWA CANDLES,86.8,0.076718639,0.00728249,,0.076882197,0.076718639,
RIFT VALLEY,BOMET,SOTIK,SAWA GLYCERIN,127.2745972,0.081228476,0.006004521,,0.081584961,0.081228476,
RIFT VALLEY,BOMET,SOTIK,SAWA HANDWASH,22.61083333,0.159686041,0.019781415,,0.166031293,0.159686041,
RIFT VALLEY,BOMET,SOTIK,SAWA MILKING JELLY,227.185,0.10137716,0.005289528,,0.101459029,0.10137716,
RIFT VALLEY,BOMET,SOTIK,SAWA PETROLLEUM JELLY,14.89625,0.151397011,0.009529118,67.7751565,0.151764451,0.151397011,44.14853437
RIFT VALLEY,BOMET,SOTIK,SAWA SOAP,1961.319417,0.059194043,0.006783511,,0.059236665,0.059194043,
RIFT VALLEY,BOMET,SOTIK,USHINDI BAR,1253.575,0.139880163,0.011612455,56.68066768,0.139930569,0.139880163,36.26883489
RIFT VALLEY,BOMET,SOTIK,USHINDI DETERGENT,0,0,,62.60669506,,0,31.30334753
RIFT VALLEY,BOMET,SOTIK,USHINDI LIQUID DISHWASH,433.2270833,0.10991558,0.013604022,,0.110008699,0.10991558,
RIFT VALLEY,BOMET,SOTIK,USHINDI PASTE DISHWASH,309.6,0.184144745,0.023063858,,0.184241847,0.184144745,
RIFT VALLEY,BOMET,SOTIK,WHITE WASH (PWANI OIL PRODUCTS),227.975,0.003613944,0.00190553,47.00378801,0.003619481,0.003613944,23.67176307
RIFT VALLEY,ELEGEYO-MARAKWET,AINABKOI,BELLEZA (PWANI OIL PRODUCTS),0.597625,0.00027933,4.72E-05,49.90524051,0.000837521,0.00027933,24.96656027
RIFT VALLEY,ELEGEYO-MARAKWET,AINABKOI,DETREX,0.16,0,3.83E-06,62.82291179,3.53E-05,0,31.4114559
RIFT VALLEY,ELEGEYO-MARAKWET,AINABKOI,FRESCO (PWANI OIL PRODUCTS),0.2988125,0.000159693,3.70E-05,50.1331621,0.000478927,0.000159693,25.07458698
RIFT VALLEY,ELEGEYO-MARAKWET,AINABKOI,FRESH FRI,16.04,0.000233433,2.65E-05,35.95963703,0.00028012,0.000233433,17.98821268
RIFT VALLEY,ELEGEYO-MARAKWET,AINABKOI,ONJA,1,0.000554836,8.18E-05,48.0155273,0.000739645,0.000554836,24.03440441
RIFT VALLEY,ELEGEYO-MARAKWET,AINABKOI,SAWA CANDLES,0.4,0.000177179,3.36E-05,,0.000354296,0.000177179,
RIFT VALLEY,ELEGEYO-MARAKWET,AINABKOI,SAWA GLYCERIN,1.626729167,0.000655011,7.67E-05,,0.001042758,0.000655011,
RIFT VALLEY,ELEGEYO-MARAKWET,AINABKOI,SAWA MILKING JELLY,0.204,0,4.75E-06,,9.11E-05,0,
RIFT VALLEY,ELEGEYO-MARAKWET,AINABKOI,SAWA PETROLLEUM JELLY,0.31875,0.002815681,0.000203904,67.7751565,0.003247456,0.002815681,34.07841148
RIFT VALLEY,ELEGEYO-MARAKWET,AINABKOI,SAWA SOAP,3.601,6.35E-05,1.25E-05,,0.000108759,6.35E-05,
RIFT VALLEY,ELEGEYO-MARAKWET,AINABKOI,USHINDI BAR,6,0.000611184,5.56E-05,56.68066768,0.000669751,0.000611184,28.37497615
RIFT VALLEY,ELEGEYO-MARAKWET,AINABKOI,USHINDI DETERGENT,0,0,,62.60669506,,0,31.30334753
RIFT VALLEY,ELEGEYO-MARAKWET,CHERANGANY,BELLEZA (PWANI OIL PRODUCTS),0.398416667,0,3.15E-05,49.90524051,0.000558347,0,24.95262026
RIFT VALLEY,ELEGEYO-MARAKWET,CHERANGANY,DETREX,0.88,0.000159006,2.11E-05,62.82291179,0.000194334,0.000159006,31.42144511
RIFT VALLEY,ELEGEYO-MARAKWET,CHERANGANY,FRESCO (PWANI OIL PRODUCTS),0.199208333,0,2.47E-05,50.1331621,0.000319285,0,25.06658105
RIFT VALLEY,ELEGEYO-MARAKWET,CHERANGANY,FRESH FRI,16.0405,0.000233442,2.65E-05,35.95963703,0.000280129,0.000233442,17.98821299
RIFT VALLEY,ELEGEYO-MARAKWET,CHERANGANY,ONJA,0.5,0.000184945,4.09E-05,48.0155273,0.000369822,0.000184945,24.0166439
RIFT VALLEY,ELEGEYO-MARAKWET,CHERANGANY,SALIT,4.9005,3.92E-05,7.40E-06,32.21380624,8.62E-05,3.92E-05,16.10816487
RIFT VALLEY,ELEGEYO-MARAKWET,CHERANGANY,SAWA GLYCERIN,0.945729167,0.00021831,4.46E-05,,0.000606227,0.00021831,
RIFT VALLEY,ELEGEYO-MARAKWET,CHERANGANY,SAWA MILKING JELLY,2.110666667,0.00085158,4.91E-05,,0.000942607,0.00085158,
RIFT VALLEY,ELEGEYO-MARAKWET,CHERANGANY,SAWA PETROLLEUM JELLY,0.23375,0.001949318,0.00014953,67.7751565,0.002381468,0.001949318,34.01969356
RIFT VALLEY,ELEGEYO-MARAKWET,CHERANGANY,SAWA SOAP,6.447,0.000149418,2.23E-05,,0.000194715,0.000149418,
RIFT VALLEY,ELEGEYO-MARAKWET,CHERANGANY,USHINDI BAR,3.35,0.00031536,3.10E-05,56.68066768,0.000373944,0.00031536,28.35820864
RIFT VALLEY,ELEGEYO-MARAKWET,CHERANGANY,USHINDI DETERGENT,0,0,,62.60669506,,0,31.30334753
RIFT VALLEY,ELEGEYO-MARAKWET,CHERANGANY,USHINDI PASTE DISHWASH,1,0.000476134,7.45E-05,,0.000595096,0.000476134,
RIFT VALLEY,ELEGEYO-MARAKWET,KEIYO NORTH,4U SOAP,102,0.037974684,0.006833141,,0.042821159,0.037974684,
RIFT VALLEY,ELEGEYO-MARAKWET,KEIYO NORTH,AFRISENSE,10.6325,0.016499046,0.002914129,59.30135799,0.016692047,0.016499046,30.62909483
RIFT VALLEY,ELEGEYO-MARAKWET,KEIYO NORTH,BELLEZA (PWANI OIL PRODUCTS),125.0032292,0.17472067,0.009873493,49.90524051,0.175181463,0.17472067,33.67209734
RIFT VALLEY,ELEGEYO-MARAKWET,KEIYO NORTH,DETREX,202.354,0.044652844,0.004846201,62.82291179,0.044686599,0.044652844,34.21667755
RIFT VALLEY,ELEGEYO-MARAKWET,KEIYO NORTH,DIVA (PWANI OIL PRODUCTS),0.6,0.000347222,0.000229165,50.59946771,0.001040944,0.000347222,25.31730311
RIFT VALLEY,ELEGEYO-MARAKWET,KEIYO NORTH,FRESCO (PWANI OIL PRODUCTS),87.75127083,0.140370489,0.01087198,50.1331621,0.140644955,0.140370489,32.10379751
RIFT VALLEY,ELEGEYO-MARAKWET,KEIYO NORTH,FRESH FRI,6704.781833,0.117050176,0.01107348,35.95963703,0.117091409,0.117050176,22.18890037
RIFT VALLEY,ELEGEYO-MARAKWET,KEIYO NORTH,FRYMATE,4082,0.223527479,0.033955603,41.1726797,0.22354874,0.223527479,29.78956514
RIFT VALLEY,ELEGEYO-MARAKWET,KEIYO NORTH,MPISHI POA,5078.804,0.68456799,0.083180951,44.90797803,0.684657046,0.68456799,53.19655329
RIFT VALLEY,ELEGEYO-MARAKWET,KEIYO NORTH,NDUME,12166,0.352025463,0.032919789,28.18658695,0.352025463,0.352025463,24.0156898
RIFT VALLEY,ELEGEYO-MARAKWET,KEIYO NORTH,ONJA,124.25,0.091732939,0.010158198,48.0155273,0.091900888,0.091732939,28.41236908
RIFT VALLEY,ELEGEYO-MARAKWET,KEIYO NORTH,POPCO,477.57,0.041030293,0.007312656,45.97764899,0.043031504,0.041030293,24.87530089
RIFT VALLEY,ELEGEYO-MARAKWET,KEIYO NORTH,SALIT,8157.639833,0.1433959,0.012323187,32.21380624,0.14343616,0.1433959,20.72623085
RIFT VALLEY,ELEGEYO-MARAKWET,KEIYO NORTH,SAWA BODY WASH,6.21,0.024315633,0.008003652,,0.04754977,0.024315633,
RIFT VALLEY,ELEGEYO-MARAKWET,KEIYO NORTH,SAWA CANDLES,50.2,0.044294826,0.004211763,,0.044464128,0.044294826,
RIFT VALLEY,ELEGEYO-MARAKWET,KEIYO NORTH,SAWA GLYCERIN,163.9825694,0.104767981,0.007736319,,0.105115332,0.104767981,
RIFT VALLEY,ELEGEYO-MARAKWET,KEIYO NORTH,SAWA HANDWASH,55.49,0.402954614,0.04854623,,0.407462933,0.402954614,
RIFT VALLEY,ELEGEYO-MARAKWET,KEIYO NORTH,SAWA MILKING JELLY,388.4892778,0.173420942,0.009045161,,0.173496247,0.173420942,
RIFT VALLEY,ELEGEYO-MARAKWET,KEIYO NORTH,SAWA PETROLLEUM JELLY,9.4775,0.096166342,0.006062748,67.7751565,0.096557696,0.096166342,40.40526711
RIFT VALLEY,ELEGEYO-MARAKWET,KEIYO NORTH,SAWA SOAP,1757.944694,0.053051348,0.00608011,,0.053094249,0.053051348,
RIFT VALLEY,ELEGEYO-MARAKWET,KEIYO NORTH,USHINDI BAR,694.425,0.077461271,0.006432786,56.68066768,0.077515335,0.077461271,32.73089039
RIFT VALLEY,ELEGEYO-MARAKWET,KEIYO NORTH,USHINDI DETERGENT,0,0,,62.60669506,,0,31.30334753
RIFT VALLEY,ELEGEYO-MARAKWET,KEIYO NORTH,USHINDI LIQUID DISHWASH,105.6998333,0.026738378,0.003319143,,0.026840199,0.026738378,
RIFT VALLEY,ELEGEYO-MARAKWET,KEIYO NORTH,USHINDI PASTE DISHWASH,175.4,0.104273301,0.01306654,,0.10437991,0.104273301,
RIFT VALLEY,ELEGEYO-MARAKWET,KEIYO NORTH,WHITE WASH (PWANI OIL PRODUCTS),143.85,0.002278313,0.001202371,47.00378801,0.002283857,0.002278313,23.60898335
RIFT VALLEY,ELEGEYO-MARAKWET,KEIYO SOUTH,4U SOAP,18,0.002531646,0.001205848,,0.007556675,0.002531646,
RIFT VALLEY,ELEGEYO-MARAKWET,KEIYO SOUTH,AFRISENSE,7.33,0.011313407,0.002008988,59.30135799,0.011507426,0.011313407,30.32157941
RIFT VALLEY,ELEGEYO-MARAKWET,KEIYO SOUTH,BELLEZA (PWANI OIL PRODUCTS),83.069875,0.115921788,0.006561349,49.90524051,0.11641541,0.115921788,30.73772495
RIFT VALLEY,ELEGEYO-MARAKWET,KEIYO SOUTH,DETREX,71.2,0.015688586,0.001705177,62.82291179,0.015723365,0.015688586,32.39705857
RIFT VALLEY,ELEGEYO-MARAKWET,KEIYO SOUTH,FRESCO (PWANI OIL PRODUCTS),54.28427083,0.08671351,0.006725572,50.1331621,0.087005109,0.08671351,29.41380351
RIFT VALLEY,ELEGEYO-MARAKWET,KEIYO SOUTH,FRESH FRI,2085.529167,0.036376401,0.003444417,35.95963703,0.036421401,0.036376401,19.28790071
RIFT VALLEY,ELEGEYO-MARAKWET,KEIYO SOUTH,FRYMATE,207,0.011309182,0.001721903,41.1726797,0.011336254,0.011309182,21.05196916
RIFT VALLEY,ELEGEYO-MARAKWET,KEIYO SOUTH,MPISHI POA,8.377333333,0.00084723,0.000137204,44.90797803,0.001129321,0.00084723,22.4920364
RIFT VALLEY,ELEGEYO-MARAKWET,KEIYO SOUTH,NDUME,730,0.021122685,0.001975296,28.18658695,0.021122685,0.021122685,14.68866988
RIFT VALLEY,ELEGEYO-MARAKWET,KEIYO SOUTH,ONJA,55.5,0.040872942,0.004537465,48.0155273,0.041050296,0.040872942,25.97029954
RIFT VALLEY,ELEGEYO-MARAKWET,KEIYO SOUTH,SALIT,692.7621667,0.01213444,0.001046508,32.21380624,0.012180869,0.01213444,16.49779962
RIFT VALLEY,ELEGEYO-MARAKWET,KEIYO SOUTH,SAWA CANDLES,46.8,0.041282778,0.003926504,,0.041452613,0.041282778,
RIFT VALLEY,ELEGEYO-MARAKWET,KEIYO SOUTH,SAWA GLYCERIN,127.8426389,0.081592741,0.00603132,,0.081949084,0.081592741,
RIFT VALLEY,ELEGEYO-MARAKWET,KEIYO SOUTH,SAWA MILKING JELLY,172.3046111,0.076865778,0.004011753,,0.07694988,0.076865778,
RIFT VALLEY,ELEGEYO-MARAKWET,KEIYO SOUTH,SAWA PETROLLEUM JELLY,11.36875,0.115442928,0.007272579,67.7751565,0.115825936,0.115442928,41.71174078
RIFT VALLEY,ELEGEYO-MARAKWET,KEIYO SOUTH,SAWA SOAP,843.2828611,0.025425062,0.002916618,,0.025469214,0.025425062,
RIFT VALLEY,ELEGEYO-MARAKWET,KEIYO SOUTH,USHINDI BAR,676.675,0.075479807,0.006268359,56.68066768,0.075533987,0.075479807,32.61857971
RIFT VALLEY,ELEGEYO-MARAKWET,KEIYO SOUTH,USHINDI DETERGENT,0,0,,62.60669506,,0,31.30334753
RIFT VALLEY,ELEGEYO-MARAKWET,KEIYO SOUTH,USHINDI LIQUID DISHWASH,33.709,0.008455942,0.001058516,,0.008559675,0.008455942,
RIFT VALLEY,ELEGEYO-MARAKWET,KEIYO SOUTH,USHINDI PASTE DISHWASH,17.8,0.010474943,0.001326023,,0.010592716,0.010474943,
RIFT VALLEY,ELEGEYO-MARAKWET,KEIYO SOUTH,WHITE WASH (PWANI OIL PRODUCTS),19.6,0.000305627,0.000163827,47.00378801,0.000311182,0.000305627,23.51625965
RIFT VALLEY,ELEGEYO-MARAKWET,MARAKWET EAST,4U SOAP,12,0,0.000803899,,0.005037783,0,
RIFT VALLEY,ELEGEYO-MARAKWET,MARAKWET EAST,AFRISENSE,2.7,0.004043307,0.000740009,59.30135799,0.004238752,0.004043307,29.89045256
RIFT VALLEY,ELEGEYO-MARAKWET,MARAKWET EAST,BELLEZA (PWANI OIL PRODUCTS),10.75725,0.01452514,0.000849671,49.90524051,0.015075377,0.01452514,25.67750084
RIFT VALLEY,ELEGEYO-MARAKWET,MARAKWET EAST,DETREX,81.988,0.018071025,0.001963541,62.82291179,0.01810572,0.018071025,32.54673032
RIFT VALLEY,ELEGEYO-MARAKWET,MARAKWET EAST,DIVA (PWANI OIL PRODUCTS),4.8,0.007638889,0.001833321,50.59946771,0.00832755,0.007638889,25.68625757
RIFT VALLEY,ELEGEYO-MARAKWET,MARAKWET EAST,FRESCO (PWANI OIL PRODUCTS),8.36675,0.013094858,0.001036602,50.1331621,0.013409962,0.013094858,25.72306768
RIFT VALLEY,ELEGEYO-MARAKWET,MARAKWET EAST,FRESH FRI,1457.776,0.025412892,0.002407633,35.95963703,0.025458404,0.025412892,18.89365691
RIFT VALLEY,ELEGEYO-MARAKWET,MARAKWET EAST,FRYMATE,76,0.004134834,0.000632196,41.1726797,0.004162103,0.004134834,20.75658204
RIFT VALLEY,ELEGEYO-MARAKWET,MARAKWET EAST,MPISHI POA,910,0.122426374,0.014904034,44.90797803,0.12267414,0.122426374,27.95190994
RIFT VALLEY,ELEGEYO-MARAKWET,MARAKWET EAST,NDUME,730,0.021122685,0.001975296,28.18658695,0.021122685,0.021122685,14.68866988
RIFT VALLEY,ELEGEYO-MARAKWET,MARAKWET EAST,ONJA,36,0.026447198,0.00294322,48.0155273,0.026627219,0.026447198,25.27763981
RIFT VALLEY,ELEGEYO-MARAKWET,MARAKWET EAST,POPCO,39.204,0.00144867,0.0006003,45.97764899,0.003532481,0.00144867,23.05543092
RIFT VALLEY,ELEGEYO-MARAKWET,MARAKWET EAST,SALIT,1933.59,0.033952999,0.002920942,32.21380624,0.033998403,0.033952999,17.20065845
RIFT VALLEY,ELEGEYO-MARAKWET,MARAKWET EAST,SAWA CANDLES,7.2,0.006201276,0.000604078,,0.006377325,0.006201276,
RIFT VALLEY,ELEGEYO-MARAKWET,MARAKWET EAST,SAWA GLYCERIN,17.2515,0.010674616,0.000813886,,0.011058475,0.010674616,
RIFT VALLEY,ELEGEYO-MARAKWET,MARAKWET EAST,SAWA HANDWASH,27.76,0.197784039,0.024286238,,0.203841612,0.197784039,
RIFT VALLEY,ELEGEYO-MARAKWET,MARAKWET EAST,SAWA MILKING JELLY,51.76333333,0.02302809,0.001205201,,0.023117096,0.02302809,
RIFT VALLEY,ELEGEYO-MARAKWET,MARAKWET EAST,SAWA SOAP,314.086,0.009441293,0.001086313,,0.009486169,0.009441293,
RIFT VALLEY,ELEGEYO-MARAKWET,MARAKWET EAST,USHINDI BAR,148.2,0.016485219,0.001372846,56.68066768,0.016542856,0.016485219,29.27472703
RIFT VALLEY,ELEGEYO-MARAKWET,MARAKWET EAST,USHINDI DETERGENT,0,0,,62.60669506,,0,31.30334753
RIFT VALLEY,ELEGEYO-MARAKWET,MARAKWET EAST,USHINDI LIQUID DISHWASH,53.033,0.013363369,0.001665321,,0.01346659,0.013363369,
RIFT VALLEY,ELEGEYO-MARAKWET,MARAKWET EAST,USHINDI PASTE DISHWASH,43.2,0.025592191,0.003218213,,0.025708165,0.025592191,
RIFT VALLEY,ELEGEYO-MARAKWET,MARAKWET EAST,WHITE WASH (PWANI OIL PRODUCTS),86.8,0.001372545,0.000725518,47.00378801,0.001378094,0.001372545,23.5664088
RIFT VALLEY,ELEGEYO-MARAKWET,MARAKWET WEST,4U SOAP,324,0.13164557,0.021705271,,0.136020151,0.13164557,
RIFT VALLEY,ELEGEYO-MARAKWET,MARAKWET WEST,AFRISENSE,38.8575,0.060818397,0.010649968,59.30135799,0.0610027,0.060818397,33.25729251
RIFT VALLEY,ELEGEYO-MARAKWET,MARAKWET WEST,BELLEZA (PWANI OIL PRODUCTS),174.5065,0.244134078,0.013783554,49.90524051,0.244556114,0.244134078,37.13619014
RIFT VALLEY,ELEGEYO-MARAKWET,MARAKWET WEST,DETREX,383.34,0.084622079,0.009180656,62.82291179,0.084654422,0.084622079,36.7276613
RIFT VALLEY,ELEGEYO-MARAKWET,MARAKWET WEST,DIVA (PWANI OIL PRODUCTS),90.2,0.155902778,0.03445115,50.59946771,0.15648855,0.155902778,33.18833143
RIFT VALLEY,ELEGEYO-MARAKWET,MARAKWET WEST,FRESCO (PWANI OIL PRODUCTS),148.211,0.237304376,0.018362663,50.1331621,0.237547893,0.237304376,36.96339978
RIFT VALLEY,ELEGEYO-MARAKWET,MARAKWET WEST,FRESH FRI,9213.256,0.160859878,0.015216425,35.95963703,0.160899064,0.160859878,23.76428134
RIFT VALLEY,ELEGEYO-MARAKWET,MARAKWET WEST,FRYMATE,6946,0.380377338,0.057779427,41.1726797,0.380394304,0.380377338,36.24749415
RIFT VALLEY,ELEGEYO-MARAKWET,MARAKWET WEST,MPISHI POA,7335.959,0.988933645,0.120148768,44.90797803,0.98893677,0.988933645,66.86499944
RIFT VALLEY,ELEGEYO-MARAKWET,MARAKWET WEST,NDUME,6556.4,0.189710648,0.01774086,28.18658695,0.189710648,0.189710648,19.44058915
RIFT VALLEY,ELEGEYO-MARAKWET,MARAKWET WEST,ONJA,201,0.148511189,0.01643298,48.0155273,0.148668639,0.148511189,31.13860671
RIFT VALLEY,ELEGEYO-MARAKWET,MARAKWET WEST,POPCO,588.03,0.051004118,0.009004043,45.97764899,0.052984516,0.051004118,25.33387395
RIFT VALLEY,ELEGEYO-MARAKWET,MARAKWET WEST,SALIT,10991.60533,0.193227989,0.016604264,32.21380624,0.193265907,0.193227989,22.33151211
RIFT VALLEY,ELEGEYO-MARAKWET,MARAKWET WEST,SAWA BODY WASH,40.375,0.292297435,0.052036624,,0.309150077,0.292297435,
RIFT VALLEY,ELEGEYO-MARAKWET,MARAKWET WEST,SAWA CANDLES,80.2,0.070871722,0.006728752,,0.071036315,0.070871722,
RIFT VALLEY,ELEGEYO-MARAKWET,MARAKWET WEST,SAWA GLYCERIN,292.6430069,0.187273298,0.013806221,,0.187588637,0.187273298,
RIFT VALLEY,ELEGEYO-MARAKWET,MARAKWET WEST,SAWA HANDWASH,136.1841667,1,0.119142691,,1,1,
RIFT VALLEY,ELEGEYO-MARAKWET,MARAKWET WEST,SAWA MILKING JELLY,824.905,0.368338518,0.019206188,,0.368396066,0.368338518,
RIFT VALLEY,ELEGEYO-MARAKWET,MARAKWET WEST,SAWA PETROLLEUM JELLY,20.7825,0.211392679,0.013294546,67.7751565,0.211734142,0.211392679,48.21475017
RIFT VALLEY,ELEGEYO-MARAKWET,MARAKWET WEST,SAWA SOAP,2417.655986,0.072977153,0.008361818,,0.07301915,0.072977153,
RIFT VALLEY,ELEGEYO-MARAKWET,MARAKWET WEST,USHINDI BAR,1836.575,0.204961473,0.017013059,56.68066768,0.205008065,0.204961473,39.95768698
RIFT VALLEY,ELEGEYO-MARAKWET,MARAKWET WEST,USHINDI DETERGENT,0,0,,62.60669506,,0,31.30334753
RIFT VALLEY,ELEGEYO-MARAKWET,MARAKWET WEST,USHINDI LIQUID DISHWASH,344.95625,0.087498755,0.010832177,,0.08759422,0.087498755,
RIFT VALLEY,ELEGEYO-MARAKWET,MARAKWET WEST,USHINDI PASTE DISHWASH,358.4,0.213188906,0.026699246,,0.213282552,0.213188906,
RIFT VALLEY,ELEGEYO-MARAKWET,MARAKWET WEST,WHITE WASH (PWANI OIL PRODUCTS),65.625,0.001036355,0.000548527,47.00378801,0.001041906,0.001036355,23.5506066
RIFT VALLEY,ELEGEYO-MARAKWET,MARAKWET WEST,,12.42,,,,,,
RIFT VALLEY,ELEGEYO-MARAKWET,MOIBEN,AFRISENSE,0.1925,0.00010599,5.28E-05,59.30135799,0.000302207,0.00010599,29.65696432
RIFT VALLEY,ELEGEYO-MARAKWET,MOIBEN,BELLEZA (PWANI OIL PRODUCTS),2.788916667,0.003351955,0.000220285,49.90524051,0.003908431,0.003351955,25.11990039
RIFT VALLEY,ELEGEYO-MARAKWET,MOIBEN,DETREX,1.6,0.000318012,3.83E-05,62.82291179,0.000353334,0.000318012,31.43143433
RIFT VALLEY,ELEGEYO-MARAKWET,MOIBEN,FRESCO (PWANI OIL PRODUCTS),1.4940625,0.002076014,0.000185107,50.1331621,0.002394636,0.002076014,25.1706582
RIFT VALLEY,ELEGEYO-MARAKWET,MOIBEN,FRESH FRI,115.3918333,0.001968581,0.000190579,35.95963703,0.002015187,0.001968581,18.05060797
RIFT VALLEY,ELEGEYO-MARAKWET,MOIBEN,FRYMATE,90,0.004901558,0.000748654,41.1726797,0.004928806,0.004901558,20.78815013
RIFT VALLEY,ELEGEYO-MARAKWET,MOIBEN,NDUME,20,0.000578704,5.41E-05,28.18658695,0.000578704,0.000578704,14.10960516
RIFT VALLEY,ELEGEYO-MARAKWET,MOIBEN,ONJA,2.5,0.001664509,0.00020439,48.0155273,0.001849112,0.001664509,24.08768593
RIFT VALLEY,ELEGEYO-MARAKWET,MOIBEN,SALIT,8.910666667,0.000109682,1.35E-05,32.21380624,0.000156677,0.000109682,16.11043641
RIFT VALLEY,ELEGEYO-MARAKWET,MOIBEN,SAWA CANDLES,1.6,0.001240255,0.000134239,,0.001417183,0.001240255,
RIFT VALLEY,ELEGEYO-MARAKWET,MOIBEN,SAWA GLYCERIN,3.896708333,0.002110667,0.000183838,,0.00249785,0.002110667,
RIFT VALLEY,ELEGEYO-MARAKWET,MOIBEN,SAWA MILKING JELLY,5.379277778,0.002311449,0.000125245,,0.002402343,0.002311449,
RIFT VALLEY,ELEGEYO-MARAKWET,MOIBEN,SAWA PETROLLEUM JELLY,0.425,0.003898635,0.000271872,67.7751565,0.004329942,0.003898635,34.15180888
RIFT VALLEY,ELEGEYO-MARAKWET,MOIBEN,SAWA SOAP,36.046,0.001043421,0.00012467,,0.001088678,0.001043421,
RIFT VALLEY,ELEGEYO-MARAKWET,MOIBEN,USHINDI BAR,8.35,0.000873518,7.73E-05,56.68066768,0.00093207,0.000873518,28.38984545
RIFT VALLEY,ELEGEYO-MARAKWET,MOIBEN,USHINDI DETERGENT,0,0,,62.60669506,,0,31.30334753
RIFT VALLEY,ELEGEYO-MARAKWET,MOIBEN,USHINDI LIQUID DISHWASH,1.849833333,0.000365145,5.81E-05,,0.000469725,0.000365145,
RIFT VALLEY,ELEGEYO-MARAKWET,MOIBEN,WHITE WASH (PWANI OIL PRODUCTS),0.35,0,2.93E-06,47.00378801,5.56E-06,0,23.50189401
RIFT VALLEY,KAJIADO,KAJIADO CENTRAL,4U SOAP,18,0.002531646,0.001205848,,0.007556675,0.002531646,
RIFT VALLEY,KAJIADO,KAJIADO CENTRAL,AFRISENSE,48.7325,0.076324281,0.013356484,59.30135799,0.076505542,0.076324281,34.17681251
RIFT VALLEY,KAJIADO,KAJIADO CENTRAL,BELLEZA (PWANI OIL PRODUCTS),191.0407917,0.267318436,0.01508953,49.90524051,0.267727527,0.267318436,38.29321109
RIFT VALLEY,KAJIADO,KAJIADO CENTRAL,DETREX,552.39,0.121955349,0.013229256,62.82291179,0.121986373,0.121955349,39.07304603
RIFT VALLEY,KAJIADO,KAJIADO CENTRAL,DIRIA,23947.5,0.880580542,0.289736276,46.67976471,0.88063324,0.880580542,64.44517486
RIFT VALLEY,KAJIADO,KAJIADO CENTRAL,DIVA (PWANI OIL PRODUCTS),17.2,0.029166667,0.006569399,50.59946771,0.029840389,0.029166667,26.77555166
RIFT VALLEY,KAJIADO,KAJIADO CENTRAL,FRESCO (PWANI OIL PRODUCTS),99.00654167,0.158415842,0.012266456,50.1331621,0.158684547,0.158415842,33.00846812
RIFT VALLEY,KAJIADO,KAJIADO CENTRAL,FRESH FRI,14002.06633,0.244494924,0.023125526,35.95963703,0.244530205,0.244494924,26.77176722
RIFT VALLEY,KAJIADO,KAJIADO CENTRAL,FRYKING,120,0.08490566,0.07029877,48.02422195,0.093457944,0.08490566,28.08963925
RIFT VALLEY,KAJIADO,KAJIADO CENTRAL,FRYMATE,28,0.001506065,0.000232914,41.1726797,0.001533406,0.001506065,20.6483486
RIFT VALLEY,KAJIADO,KAJIADO CENTRAL,MPISHI POA,364.782,0.048906552,0.005974421,44.90797803,0.049175075,0.048906552,24.65028339
RIFT VALLEY,KAJIADO,KAJIADO CENTRAL,NDUME,1570,0.045428241,0.004248238,28.18658695,0.045428241,0.045428241,15.37376053
RIFT VALLEY,KAJIADO,KAJIADO CENTRAL,ONJA,250,0.184760496,0.02043903,48.0155273,0.184911243,0.184760496,32.87913627
RIFT VALLEY,KAJIADO,KAJIADO CENTRAL,POPCO,4249.44,0.381605831,0.065068349,45.97764899,0.382896317,0.381605831,40.53416345
RIFT VALLEY,KAJIADO,KAJIADO CENTRAL,POPCO BAR,350,0.043024772,0.025161754,,0.045513654,0.043024772,
RIFT VALLEY,KAJIADO,KAJIADO CENTRAL,POPCO LAUNDRY SOAP,170,0.130081301,0.091397849,,0.137096774,0.130081301,
RIFT VALLEY,KAJIADO,KAJIADO CENTRAL,SALIT,4099.0515,0.072030199,0.006192156,32.21380624,0.072073813,0.072030199,18.42726998
RIFT VALLEY,KAJIADO,KAJIADO CENTRAL,SAWA CANDLES,314.4,0.278348689,0.026378052,,0.278476528,0.278348689,
RIFT VALLEY,KAJIADO,KAJIADO CENTRAL,SAWA GLYCERIN,433.9582917,0.277893715,0.020473149,,0.278173893,0.277893715,
RIFT VALLEY,KAJIADO,KAJIADO CENTRAL,SAWA HANDWASH,20.0525,0.140757274,0.01754322,,0.147245458,0.140757274,
RIFT VALLEY,KAJIADO,KAJIADO CENTRAL,SAWA MILKING JELLY,682.9573889,0.304940059,0.015901235,,0.305003382,0.304940059,
RIFT VALLEY,KAJIADO,KAJIADO CENTRAL,SAWA PETROLLEUM JELLY,43.07375,0.438596491,0.027554238,67.7751565,0.438839576,0.438596491,63.61352408
RIFT VALLEY,KAJIADO,KAJIADO CENTRAL,SAWA SOAP,5247.012667,0.158434547,0.018147563,,0.158472673,0.158434547,
RIFT VALLEY,KAJIADO,KAJIADO CENTRAL,USHINDI BAR,805.025,0.089807742,0.007457326,56.68066768,0.089861082,0.089807742,33.43069663
RIFT VALLEY,KAJIADO,KAJIADO CENTRAL,USHINDI DETERGENT,0,0,,62.60669506,,0,31.30334753
RIFT VALLEY,KAJIADO,KAJIADO CENTRAL,USHINDI LIQUID DISHWASH,257.6078333,0.065316183,0.008089297,,0.065413968,0.065316183,
RIFT VALLEY,KAJIADO,KAJIADO CENTRAL,USHINDI PASTE DISHWASH,75.2,0.044637543,0.005602074,,0.04475125,0.044637543,
RIFT VALLEY,KAJIADO,KAJIADO CENTRAL,WHITE WASH (PWANI OIL PRODUCTS),5047.975,0.080139858,0.042193513,47.00378801,0.08014497,0.080139858,27.26877091
RIFT VALLEY,KAJIADO,KAJIADO EAST,4U SOAP,510,0.210126582,0.034165704,,0.214105793,0.210126582,
RIFT VALLEY,KAJIADO,KAJIADO EAST,AFRISENSE,135.2725,0.212210786,0.037075154,59.30135799,0.21236538,0.212210786,42.23506677
RIFT VALLEY,KAJIADO,KAJIADO EAST,BELLEZA (PWANI OIL PRODUCTS),569.7358333,0.798324022,0.045001101,49.90524051,0.798436628,0.798324022,64.79317259
RIFT VALLEY,KAJIADO,KAJIADO EAST,DETREX,4528.292667,1,0.108448634,62.82291179,1,1,94.23436769
RIFT VALLEY,KAJIADO,KAJIADO EAST,DIRIA,27193.5,1,0.329009017,46.67976471,1,1,70.01964707
RIFT VALLEY,KAJIADO,KAJIADO EAST,DIVA (PWANI OIL PRODUCTS),49.5,0.085243056,0.018906119,50.59946771,0.085877863,0.085243056,29.61298709
RIFT VALLEY,KAJIADO,KAJIADO EAST,DIVA GLYCERIN,18.7695,0.056822082,0.009542857,,0.057914471,0.056822082,
RIFT VALLEY,KAJIADO,KAJIADO EAST,FRESCO (PWANI OIL PRODUCTS),352.001125,0.564037049,0.043611324,50.1331621,0.564176245,0.564037049,53.34354185
RIFT VALLEY,KAJIADO,KAJIADO EAST,FRESH FRI,37263.49683,0.650748391,0.061543628,35.95963703,0.6507647,0.650748391,41.38049444
RIFT VALLEY,KAJIADO,KAJIADO EAST,FRYKING,24,0.009433962,0.014059754,48.02422195,0.018691589,0.009433962,24.46516967
RIFT VALLEY,KAJIADO,KAJIADO EAST,FRYMATE,59.5,0.003231195,0.000494943,41.1726797,0.003258488,0.003231195,20.7193768
RIFT VALLEY,KAJIADO,KAJIADO EAST,MPISHI POA,358.4423333,0.048051681,0.00587059,44.90797803,0.048320445,0.048051681,24.61189286
RIFT VALLEY,KAJIADO,KAJIADO EAST,NDUME,3699.6,0.107048611,0.01001069,28.18658695,0.107048611,0.107048611,17.11062846
RIFT VALLEY,KAJIADO,KAJIADO EAST,ONJA,546,0.403735898,0.044638842,48.0155273,0.403846154,0.403735898,43.39335568
RIFT VALLEY,KAJIADO,KAJIADO EAST,POPCO,6281.544,0.565091718,0.096184367,45.97764899,0.5659993,0.565091718,48.97041317
RIFT VALLEY,KAJIADO,KAJIADO EAST,POPCO BAR,1880,0.242503259,0.135154565,,0.244473342,0.242503259,
RIFT VALLEY,KAJIADO,KAJIADO EAST,POPCO LAUNDRY SOAP,350,0.276422764,0.188172043,,0.282258065,0.276422764,
RIFT VALLEY,KAJIADO,KAJIADO EAST,RAINBOW WASHING POWDER,872.5,0.866408423,0.382866872,,0.866434955,0.866408423,
RIFT VALLEY,KAJIADO,KAJIADO EAST,SALIT,17704.71617,0.311270476,0.026745299,32.21380624,0.311302846,0.311270476,26.13410992
RIFT VALLEY,KAJIADO,KAJIADO EAST,SAWA CANDLES,537.4,0.475903614,0.045087675,,0.475996457,0.475903614,
RIFT VALLEY,KAJIADO,KAJIADO EAST,SAWA GLYCERIN,830.6696319,0.53229045,0.039189074,,0.532471922,0.53229045,
RIFT VALLEY,KAJIADO,KAJIADO EAST,SAWA HANDWASH,12.85416667,0.087497765,0.011245654,,0.094388114,0.087497765,
RIFT VALLEY,KAJIADO,KAJIADO EAST,SAWA MILKING JELLY,1824.053556,0.814591037,0.042469274,,0.814607929,0.814591037,
RIFT VALLEY,KAJIADO,KAJIADO EAST,SAWA PETROLLEUM JELLY,96.475,0.982889322,0.061714969,67.7751565,0.982896731,0.982889322,100.5030559
RIFT VALLEY,KAJIADO,KAJIADO EAST,SAWA SOAP,18029.2759,0.544507789,0.062356897,,0.544528425,0.544507789,
RIFT VALLEY,KAJIADO,KAJIADO EAST,USHINDI BAR,4034.725,0.450344803,0.037375557,56.68066768,0.450377014,0.450344803,53.86617794
RIFT VALLEY,KAJIADO,KAJIADO EAST,USHINDI DETERGENT,0,0,,62.60669506,,0,31.30334753
RIFT VALLEY,KAJIADO,KAJIADO EAST,USHINDI LIQUID DISHWASH,2361.085917,0.599505084,0.074141865,,0.599546983,0.599505084,
RIFT VALLEY,KAJIADO,KAJIADO EAST,USHINDI PASTE DISHWASH,632.4,0.37626473,0.047111058,,0.376338967,0.37626473,
RIFT VALLEY,KAJIADO,KAJIADO EAST,WHITE WASH (PWANI OIL PRODUCTS),25160.575,0.399462493,0.210304734,47.00378801,0.39946583,0.399462493,42.27814433
RIFT VALLEY,KAJIADO,KAJIADO NORTH,4U SOAP,2382,1,0.159573934,,1,1,
RIFT VALLEY,KAJIADO,KAJIADO NORTH,AFRISENSE,74.1775,0.116278431,0.020330387,59.30135799,0.116451851,0.116278431,36.54614784
RIFT VALLEY,KAJIADO,KAJIADO NORTH,BELLEZA (PWANI OIL PRODUCTS),640.4547917,0.897486034,0.050586902,49.90524051,0.897543272,0.897486034,69.74187661
RIFT VALLEY,KAJIADO,KAJIADO NORTH,DETREX,3597.523167,0.794447387,0.086157522,62.82291179,0.79445465,0.794447387,81.32095403
RIFT VALLEY,KAJIADO,KAJIADO NORTH,DIRIA,13116,0.4820926,0.158688005,46.67976471,0.482321143,0.4820926,45.84385148
RIFT VALLEY,KAJIADO,KAJIADO NORTH,DIVA (PWANI OIL PRODUCTS),59,0.101736111,0.022534566,50.59946771,0.102359473,0.101736111,30.44752692
RIFT VALLEY,KAJIADO,KAJIADO NORTH,DIVA GLYCERIN,81.9315,0.251938382,0.041655908,,0.252804787,0.251938382,
RIFT VALLEY,KAJIADO,KAJIADO NORTH,FRESCO (PWANI OIL PRODUCTS),383.1772292,0.61402108,0.0474739,50.1331621,0.614144317,0.61402108,55.84939937
RIFT VALLEY,KAJIADO,KAJIADO NORTH,FRESH FRI,57261.09117,1,0.094571246,35.95963703,1,1,53.93945555
RIFT VALLEY,KAJIADO,KAJIADO NORTH,FRYMATE,232,0.012678332,0.001929863,41.1726797,0.012705367,0.012678332,21.10834075
RIFT VALLEY,KAJIADO,KAJIADO NORTH,MPISHI POA,100.431,0.01326019,0.001644865,44.90797803,0.013538776,0.01326019,23.04947733
RIFT VALLEY,KAJIADO,KAJIADO NORTH,NDUME,29250.975,0.846382378,0.079149754,28.18658695,0.846382378,0.846382378,37.94992398
RIFT VALLEY,KAJIADO,KAJIADO NORTH,ONJA,721,0.533197707,0.058946164,48.0155273,0.533284024,0.533197707,49.60953269
RIFT VALLEY,KAJIADO,KAJIADO NORTH,POPCO,11098.148,1,0.169937254,45.97764899,1,1,68.96647349
RIFT VALLEY,KAJIADO,KAJIADO NORTH,POPCO BAR,7690,1,0.552839684,,1,1,
RIFT VALLEY,KAJIADO,KAJIADO NORTH,POPCO LAUNDRY SOAP,80,0.056910569,0.043010753,,0.064516129,0.056910569,
RIFT VALLEY,KAJIADO,KAJIADO NORTH,RAINBOW WASHING POWDER,15,0.01470004,0.006582238,,0.01489573,0.01470004,
RIFT VALLEY,KAJIADO,KAJIADO NORTH,SALIT,36255.161,0.637459139,0.054768183,32.21380624,0.637476178,0.637459139,36.6418883
RIFT VALLEY,KAJIADO,KAJIADO NORTH,SAWA CANDLES,452.4,0.40060241,0.037956204,,0.400708592,0.40060241,
RIFT VALLEY,KAJIADO,KAJIADO NORTH,SAWA GLYCERIN,445.4793194,0.285281737,0.021016685,,0.285559048,0.285281737,
RIFT VALLEY,KAJIADO,KAJIADO NORTH,SAWA MILKING JELLY,1879.244556,0.839241148,0.043754281,,0.839255794,0.839241148,
RIFT VALLEY,KAJIADO,KAJIADO NORTH,SAWA PETROLLEUM JELLY,50.235,0.511587611,0.032135284,67.7751565,0.511799091,0.511587611,68.56050865
RIFT VALLEY,KAJIADO,KAJIADO NORTH,SAWA SOAP,25462.72008,0.769026237,0.088066554,,0.769036701,0.769026237,
RIFT VALLEY,KAJIADO,KAJIADO NORTH,USHINDI BAR,3475.825,0.387953818,0.032198203,56.68066768,0.387989686,0.387953818,50.32981527
RIFT VALLEY,KAJIADO,KAJIADO NORTH,USHINDI DETERGENT,0,0,,62.60669506,,0,31.30334753
RIFT VALLEY,KAJIADO,KAJIADO NORTH,USHINDI LIQUID DISHWASH,3272.741667,0.831024674,0.10276931,,0.831042352,0.831024674,
RIFT VALLEY,KAJIADO,KAJIADO NORTH,USHINDI PASTE DISHWASH,1680.4,1,0.125182514,,1,1,
RIFT VALLEY,KAJIADO,KAJIADO NORTH,WHITE WASH (PWANI OIL PRODUCTS),62985.55,1,0.52646489,47.00378801,1,1,70.50568202
RIFT VALLEY,KAJIADO,KAJIADO SOUTH,4U SOAP,78.25,0.027953586,0.005242091,,0.032850546,0.027953586,
RIFT VALLEY,KAJIADO,KAJIADO SOUTH,AFRISENSE,4.8125,0.007360388,0.001318998,59.30135799,0.007555182,0.007360388,30.08716001
RIFT VALLEY,KAJIADO,KAJIADO SOUTH,BELLEZA (PWANI OIL PRODUCTS),258.0743958,0.361312849,0.02038424,49.90524051,0.361669458,0.361312849,42.98402489
RIFT VALLEY,KAJIADO,KAJIADO SOUTH,DETREX,1957.27,0.432211276,0.046874898,62.82291179,0.432231338,0.432211276,58.56422679
RIFT VALLEY,KAJIADO,KAJIADO SOUTH,DIRIA,936,0.033993709,0.011324487,46.67976471,0.03441999,0.033993709,24.92670069
RIFT VALLEY,KAJIADO,KAJIADO SOUTH,DIVA (PWANI OIL PRODUCTS),4.8,0.007638889,0.001833321,50.59946771,0.00832755,0.007638889,25.68625757
RIFT VALLEY,KAJIADO,KAJIADO SOUTH,FRESCO (PWANI OIL PRODUCTS),226.5994792,0.362983073,0.028074635,50.1331621,0.363186462,0.362983073,43.26407027
RIFT VALLEY,KAJIADO,KAJIADO SOUTH,FRESH FRI,5453.907333,0.095204052,0.009007562,35.95963703,0.095246305,0.095204052,21.40332167
RIFT VALLEY,KAJIADO,KAJIADO SOUTH,FRYKING,1284,1,0.752196837,48.02422195,1,1,72.03633293
RIFT VALLEY,KAJIADO,KAJIADO SOUTH,MPISHI POA,763.4798333,0.102668889,0.012504318,44.90797803,0.102922233,0.102668889,27.06464123
RIFT VALLEY,KAJIADO,KAJIADO SOUTH,NDUME,2320,0.06712963,0.006277652,28.18658695,0.06712963,0.06712963,15.98544862
RIFT VALLEY,KAJIADO,KAJIADO SOUTH,ONJA,72,0.053079342,0.005886441,48.0155273,0.053254438,0.053079342,26.55639623
RIFT VALLEY,KAJIADO,KAJIADO SOUTH,POPCO,1899.582,0.169428807,0.029086812,45.97764899,0.171162071,0.169428807,30.77876269
RIFT VALLEY,KAJIADO,KAJIADO SOUTH,POPCO BAR,90,0.009126467,0.006470165,,0.011703511,0.009126467,
RIFT VALLEY,KAJIADO,KAJIADO SOUTH,POPCO LAUNDRY SOAP,1240,1,0.666666667,,1,1,
RIFT VALLEY,KAJIADO,KAJIADO SOUTH,RAINBOW WASHING POWDER,1007,1,0.44188761,,1,1,
RIFT VALLEY,KAJIADO,KAJIADO SOUTH,SALIT,3083.857667,0.054179159,0.004658572,32.21380624,0.054223612,0.054179159,17.85222006
RIFT VALLEY,KAJIADO,KAJIADO SOUTH,SAWA CANDLES,212,0.187632884,0.017786727,,0.187776794,0.187632884,
RIFT VALLEY,KAJIADO,KAJIADO SOUTH,SAWA GLYCERIN,451.7896528,0.289328327,0.021314392,,0.289604068,0.289328327,
RIFT VALLEY,KAJIADO,KAJIADO SOUTH,SAWA MILKING JELLY,1136.852556,0.507664529,0.026469235,,0.507709383,0.507664529,
RIFT VALLEY,KAJIADO,KAJIADO SOUTH,SAWA PETROLLEUM JELLY,28.135,0.286333117,0.017997934,67.7751565,0.28664213,0.286333117,53.29385005
RIFT VALLEY,KAJIADO,KAJIADO SOUTH,SAWA SOAP,6145.385333,0.185568838,0.021254717,,0.185605734,0.185568838,
RIFT VALLEY,KAJIADO,KAJIADO SOUTH,USHINDI BAR,906.5,0.101135574,0.008397336,56.68066768,0.10118825,0.101135574,34.0727657
RIFT VALLEY,KAJIADO,KAJIADO SOUTH,USHINDI DETERGENT,0,0,,62.60669506,,0,31.30334753
RIFT VALLEY,KAJIADO,KAJIADO SOUTH,USHINDI LIQUID DISHWASH,630.2126667,0.159941065,0.019789683,,0.160028951,0.159941066,
RIFT VALLEY,KAJIADO,KAJIADO SOUTH,USHINDI PASTE DISHWASH,58.2,0.0345197,0.004335648,,0.034634611,0.0345197,
RIFT VALLEY,KAJIADO,KAJIADO SOUTH,WHITE WASH (PWANI OIL PRODUCTS),2209.55,0.035074906,0.01846853,47.00378801,0.035080268,0.035074906,25.15054747
RIFT VALLEY,KAJIADO,KAJIADO WEST,4U SOAP,186,0.073417722,0.012460433,,0.078085642,0.073417722,
RIFT VALLEY,KAJIADO,KAJIADO WEST,AFRISENSE,14.2175,0.022128271,0.003896697,59.30135799,0.022320167,0.022128271,30.96291551
RIFT VALLEY,KAJIADO,KAJIADO WEST,BELLEZA (PWANI OIL PRODUCTS),63.24864583,0.088128492,0.004995752,49.90524051,0.088637633,0.088128492,29.35069382
RIFT VALLEY,KAJIADO,KAJIADO WEST,DETREX,195.0878333,0.043048172,0.004672182,62.82291179,0.043081984,0.043048172,34.1158674
RIFT VALLEY,KAJIADO,KAJIADO WEST,DIRIA,1440,0.052535732,0.017422288,46.67976471,0.052953831,0.052535732,25.79223796
RIFT VALLEY,KAJIADO,KAJIADO WEST,DIVA (PWANI OIL PRODUCTS),5,0.007986111,0.001909709,50.59946771,0.008674532,0.007986111,25.70382683
RIFT VALLEY,KAJIADO,KAJIADO WEST,FRESCO (PWANI OIL PRODUCTS),35.45908333,0.05653146,0.004393218,50.1331621,0.056832695,0.05653146,27.90068188
RIFT VALLEY,KAJIADO,KAJIADO WEST,FRESH FRI,1073.2585,0.018697417,0.001772572,35.95963703,0.018743242,0.018697417,18.65217084
RIFT VALLEY,KAJIADO,KAJIADO WEST,FRYMATE,17,0.000903639,0.000141412,41.1726797,0.000930997,0.000903639,20.6235451
RIFT VALLEY,KAJIADO,KAJIADO WEST,MPISHI POA,130.8958333,0.017368215,0.00214382,44.90797803,0.017645642,0.017368215,23.23396042
RIFT VALLEY,KAJIADO,KAJIADO WEST,NDUME,480,0.013888889,0.001298824,28.18658695,0.013888889,0.013888889,14.48477385
RIFT VALLEY,KAJIADO,KAJIADO WEST,ONJA,135,0.099685593,0.011037076,48.0155273,0.099852071,0.099685593,28.79421995
RIFT VALLEY,KAJIADO,KAJIADO WEST,POPCO,1006.732,0.088810209,0.015415299,45.97764899,0.090711712,0.088810209,27.07210912
RIFT VALLEY,KAJIADO,KAJIADO WEST,SALIT,1047.818,0.018377697,0.001582867,32.21380624,0.018423833,0.018377697,16.69891868
RIFT VALLEY,KAJIADO,KAJIADO WEST,SAWA CANDLES,71.8,0.063430191,0.006023995,,0.063596103,0.063430191,
RIFT VALLEY,KAJIADO,KAJIADO WEST,SAWA GLYCERIN,59.43177083,0.037723308,0.002803854,,0.038096673,0.037723308,
RIFT VALLEY,KAJIADO,KAJIADO WEST,SAWA MILKING JELLY,947.0812778,0.422906452,0.022050808,,0.422959028,0.422906452,
RIFT VALLEY,KAJIADO,KAJIADO WEST,SAWA PETROLLEUM JELLY,9.9875,0.101364522,0.006388995,67.7751565,0.101753626,0.101364522,40.75757462
RIFT VALLEY,KAJIADO,KAJIADO WEST,SAWA SOAP,1266.9115,0.038220268,0.004381799,,0.03826384,0.038220268,
RIFT VALLEY,KAJIADO,KAJIADO WEST,USHINDI BAR,154.8,0.017221988,0.001433985,56.68066768,0.017279582,0.017221988,29.31648762
RIFT VALLEY,KAJIADO,KAJIADO WEST,USHINDI DETERGENT,0,0,,62.60669506,,0,31.30334753
RIFT VALLEY,KAJIADO,KAJIADO WEST,USHINDI LIQUID DISHWASH,97.8985,0.02475719,0.003074169,,0.024859218,0.02475719,
RIFT VALLEY,KAJIADO,KAJIADO WEST,USHINDI PASTE DISHWASH,47.4,0.028091894,0.003531094,,0.02820757,0.028091894,
RIFT VALLEY,KAJIADO,KAJIADO WEST,WHITE WASH (PWANI OIL PRODUCTS),1850.5,0.029374361,0.015467409,47.00378801,0.029379755,0.029374361,24.88260024
RIFT VALLEY,KAJIADO,TAVETA,AFRISENSE,0.375,0.000392554,0.000102779,59.30135799,0.000588716,0.000392554,29.67395798
RIFT VALLEY,KAJIADO,TAVETA,BELLEZA (PWANI OIL PRODUCTS),10.159625,0.013687151,0.000802467,49.90524051,0.014237856,0.013687151,25.63568081
RIFT VALLEY,KAJIADO,TAVETA,DETREX,26.08,0.005724214,0.000624593,62.82291179,0.005759345,0.005724214,31.77106768
RIFT VALLEY,KAJIADO,TAVETA,FRESCO (PWANI OIL PRODUCTS),5.279020833,0.008144363,0.000654046,50.1331621,0.008461047,0.008144363,25.47488371
RIFT VALLEY,KAJIADO,TAVETA,FRESH FRI,96.231,0.001633943,0.000158933,35.95963703,0.001680565,0.001633943,18.03857452
RIFT VALLEY,KAJIADO,TAVETA,ONJA,3.75,0.002589236,0.000306585,48.0155273,0.002773669,0.002589236,24.13208719
RIFT VALLEY,KAJIADO,TAVETA,SALIT,56.135,0.000940069,8.48E-05,32.21380624,0.000987024,0.000940069,16.13718632
RIFT VALLEY,KAJIADO,TAVETA,SAWA CANDLES,4.4,0.003720765,0.000369158,,0.003897254,0.003720765,
RIFT VALLEY,KAJIADO,TAVETA,SAWA GLYCERIN,6.506916667,0.0037845,0.000306981,,0.004171033,0.0037845,
RIFT VALLEY,KAJIADO,TAVETA,SAWA MILKING JELLY,24.21766667,0.010725291,0.000563858,,0.010815419,0.010725291,
RIFT VALLEY,KAJIADO,TAVETA,SAWA PETROLLEUM JELLY,1.785,0.017760451,0.001141863,67.7751565,0.018185754,0.017760451,35.09129556
RIFT VALLEY,KAJIADO,TAVETA,SAWA SOAP,95.169,0.002829162,0.000329156,,0.002874338,0.002829162,
RIFT VALLEY,KAJIADO,TAVETA,USHINDI BAR,9.5,0.001001895,8.80E-05,56.68066768,0.001060439,0.001001895,28.39712191
RIFT VALLEY,KAJIADO,TAVETA,USHINDI LIQUID DISHWASH,8.32425,0.002009356,0.000261395,,0.002113764,0.002009356,
RIFT VALLEY,KAJIADO,TAVETA,USHINDI PASTE DISHWASH,1.6,0.000833234,0.000119193,,0.000952154,0.000833234,
RIFT VALLEY,KAJIADO,TAVETA,WHITE WASH (PWANI OIL PRODUCTS),60.9,0.000961337,0.000509033,47.00378801,0.000966888,0.000961337,23.54708048
RIFT VALLEY,KAJIADO,,4U SOAP,24,0.005063291,,,0.010075567,0.005063291,
RIFT VALLEY,KAJIADO,,AFRISENSE,1.3275,0.001888185,,59.30135799,0.002084053,0.001888185,29.76265092
RIFT VALLEY,KAJIADO,,BELLEZA (PWANI OIL PRODUCTS),7.071895833,0.009357542,,49.90524051,0.009910664,0.009357542,25.41961063
RIFT VALLEY,KAJIADO,,DETREX,25.45466667,0.005586114,,62.82291179,0.00562125,0.005586114,31.76239186
RIFT VALLEY,KAJIADO,,DIRIA,14370,0.528226919,,46.67976471,0.528435104,0.528226919,47.99739065
RIFT VALLEY,KAJIADO,,FRESCO (PWANI OIL PRODUCTS),2.589708333,0.003832641,,50.1331621,0.004150702,0.003832641,25.25872348
RIFT VALLEY,KAJIADO,,FRESH FRI,9117.387833,0.159185571,,35.95963703,0.159224836,0.159185571,23.70407387
RIFT VALLEY,KAJIADO,,NDUME,240,0.006944444,,28.18658695,0.006944444,0.006944444,14.28903366
RIFT VALLEY,KAJIADO,,ONJA,4,0.002774182,,48.0155273,0.00295858,0.002774182,24.14096744
RIFT VALLEY,KAJIADO,,POPCO,2109.974,0.188425848,,45.97764899,0.190119469,0.188425848,31.65220197
RIFT VALLEY,KAJIADO,,POPCO BAR,200,0.023468057,,,0.026007802,0.023468057,
RIFT VALLEY,KAJIADO,,SALIT,1521.3825,0.026704795,,32.21380624,0.026750539,0.026704795,16.9671662
RIFT VALLEY,KAJIADO,,SAWA CANDLES,60,0.052976612,,,0.053144376,0.052976612,
RIFT VALLEY,KAJIADO,,SAWA GLYCERIN,12.938125,0.007908603,,,0.008293536,0.007908603,
RIFT VALLEY,KAJIADO,,SAWA MILKING JELLY,8.415,0.003667302,,,0.003758073,0.003667302,
RIFT VALLEY,KAJIADO,,SAWA PETROLLEUM JELLY,0.8075,0.007797271,,67.7751565,0.008226889,0.007797271,34.41603951
RIFT VALLEY,KAJIADO,,SAWA SOAP,205.758,0.006169373,,,0.006214397,0.006169373,
RIFT VALLEY,KAJIADO,,USHINDI BAR,1,5.30E-05,,56.68066768,0.000111625,5.30E-05,28.34333934
RIFT VALLEY,KAJIADO,,USHINDI LIQUID DISHWASH,26.318,0.00657896,,,0.00668289,0.00657896,
RIFT VALLEY,KAJIADO,,USHINDI PASTE DISHWASH,31.2,0.018450185,,,0.018567008,0.018450185,
RIFT VALLEY,KAJIADO,,WHITE WASH (PWANI OIL PRODUCTS),137.6,0.002179083,,47.00378801,0.002184628,0.002179083,23.60431918
RIFT VALLEY,KERICHO,AINAMOI,4U SOAP,30,0.007594937,0.002009747,,0.012594458,0.007594937,
RIFT VALLEY,KERICHO,AINAMOI,AFRISENSE,130.155,0.204175205,0.035672562,59.30135799,0.204331376,0.204175205,41.7585459
RIFT VALLEY,KERICHO,AINAMOI,BELLEZA (PWANI OIL PRODUCTS),584.9752708,0.819692737,0.046204802,49.90524051,0.819793412,0.819692737,65.85958346
RIFT VALLEY,KERICHO,AINAMOI,DETREX,568.0669167,0.125417464,0.013604704,62.82291179,0.125448366,0.125417464,39.29054619
RIFT VALLEY,KERICHO,AINAMOI,FRESCO (PWANI OIL PRODUCTS),400.5083542,0.641807729,0.049621147,50.1331621,0.641922095,0.641807729,57.24243198
RIFT VALLEY,KERICHO,AINAMOI,FRESH FRI,19291.40317,0.336871505,0.031861287,35.95963703,0.336902472,0.336871505,30.09359556
RIFT VALLEY,KERICHO,AINAMOI,ONJA,162.5,0.120029591,0.01328537,48.0155273,0.120192308,0.120029591,29.77104777
RIFT VALLEY,KERICHO,AINAMOI,RAINBOW WASHING POWDER,7,0.006754072,0.003071711,,0.006951341,0.006754072,
RIFT VALLEY,KERICHO,AINAMOI,SALIT,1295.532,0.022733468,0.001957071,32.21380624,0.022779399,0.022733468,16.83923466
RIFT VALLEY,KERICHO,AINAMOI,SAWA GLYCERIN,697.8000486,0.447085958,0.032920594,,0.447300489,0.447085958,
RIFT VALLEY,KERICHO,AINAMOI,SAWA HANDWASH,3.599166667,0.019021253,0.003148783,,0.026428672,0.019021253,
RIFT VALLEY,KERICHO,AINAMOI,SAWA MILKING JELLY,1170.204056,0.522560403,0.027245755,,0.5226039,0.522560403,
RIFT VALLEY,KERICHO,AINAMOI,SAWA PETROLLEUM JELLY,93.01125,0.947585012,0.059499212,67.7751565,0.947607707,0.947585012,98.11030073
RIFT VALLEY,KERICHO,AINAMOI,SAWA SOAP,5831.3505,0.176083785,0.020168581,,0.176121111,0.176083785,
RIFT VALLEY,KERICHO,AINAMOI,USHINDI BAR,1551.7,0.173160379,0.014374127,56.68066768,0.173208834,0.173160379,38.15517971
RIFT VALLEY,KERICHO,AINAMOI,USHINDI LIQUID DISHWASH,8.24,0.00198796,0.000258749,,0.002092371,0.00198796,
RIFT VALLEY,KERICHO,AINAMOI,WHITE WASH (PWANI OIL PRODUCTS),274.225,0.004348244,0.00229211,47.00378801,0.004353776,0.004348244,23.70627793
RIFT VALLEY,KERICHO,BELGUT,AFRISENSE,3.16,0.004765606,0.000866085,59.30135799,0.004960909,0.004765606,29.9332859
RIFT VALLEY,KERICHO,BELGUT,BELLEZA (PWANI OIL PRODUCTS),16.93270833,0.023184358,0.001337445,49.90524051,0.02372976,0.023184358,26.10964119
RIFT VALLEY,KERICHO,BELGUT,DETREX,21.45466667,0.004702748,0.00051382,62.82291179,0.004737915,0.004702748,31.70689622
RIFT VALLEY,KERICHO,BELGUT,FRESCO (PWANI OIL PRODUCTS),5.577833333,0.008623443,0.000691068,50.1331621,0.008939974,0.008623443,25.49890152
RIFT VALLEY,KERICHO,BELGUT,FRESH FRI,366.698,0.006357563,0.000605631,35.95963703,0.006403965,0.006357563,18.20843418
RIFT VALLEY,KERICHO,BELGUT,ONJA,3,0.0020344,0.000245268,48.0155273,0.002218935,0.0020344,24.10544643
RIFT VALLEY,KERICHO,BELGUT,SALIT,20.493,0.000313345,3.10E-05,32.21380624,0.000360329,0.000313345,16.11699714
RIFT VALLEY,KERICHO,BELGUT,SAWA GLYCERIN,14.80405556,0.009105157,0.000698421,,0.009489626,0.009105157,
RIFT VALLEY,KERICHO,BELGUT,SAWA MILKING JELLY,7.0975,0.003078863,0.00016525,,0.003169688,0.003078863,
RIFT VALLEY,KERICHO,BELGUT,SAWA PETROLLEUM JELLY,1.7,0.016894087,0.001087488,67.7751565,0.017319766,0.016894087,35.03257765
RIFT VALLEY,KERICHO,BELGUT,SAWA SOAP,147.428,0.004407584,0.000509901,,0.004452688,0.004407584,
RIFT VALLEY,KERICHO,BELGUT,USHINDI BAR,27.15,0.002972195,0.000251503,56.68066768,0.003030624,0.002972195,28.50879986
RIFT VALLEY,KERICHO,BELGUT,WHITE WASH (PWANI OIL PRODUCTS),5.075,7.50E-05,4.24E-05,47.00378801,8.06E-05,7.50E-05,23.50542012
RIFT VALLEY,KERICHO,BURET,AFRISENSE,90.085,0.141256644,0.024690275,59.30135799,0.141425162,0.141256644,38.02738981
RIFT VALLEY,KERICHO,BURET,BELLEZA (PWANI OIL PRODUCTS),79.68333333,0.111173184,0.00629386,49.90524051,0.111669458,0.111173184,30.50074476
RIFT VALLEY,KERICHO,BURET,DETREX,98.96,0.021819149,0.002370005,62.82291179,0.021853711,0.021819149,32.78219835
RIFT VALLEY,KERICHO,BURET,FRESCO (PWANI OIL PRODUCTS),36.65433333,0.05844778,0.004541304,50.1331621,0.058748404,0.05844778,27.99675309
RIFT VALLEY,KERICHO,BURET,FRESH FRI,10265.92833,0.179244465,0.016954997,35.95963703,0.179282793,0.179244465,24.4253844
RIFT VALLEY,KERICHO,BURET,FRYMATE,108,0.005887346,0.000898384,41.1726797,0.005914567,0.005887346,20.82873767
RIFT VALLEY,KERICHO,BURET,MPISHI POA,877.137,0.117994969,0.014365801,44.90797803,0.118243986,0.117994969,27.75290449
RIFT VALLEY,KERICHO,BURET,NDUME,7740,0.223958333,0.020943545,28.18658695,0.223958333,0.223958333,20.40591451
RIFT VALLEY,KERICHO,BURET,ONJA,91.25,0.067320141,0.007460246,48.0155273,0.067492604,0.067320141,27.2401757
RIFT VALLEY,KERICHO,BURET,POPCO,429.432,0.036683742,0.006575556,45.97764899,0.038694024,0.036683742,24.6754567
RIFT VALLEY,KERICHO,BURET,RAINBOW WASHING POWDER,7,0.006754072,0.003071711,,0.006951341,0.006754072,
RIFT VALLEY,KERICHO,BURET,SALIT,12519.0575,0.220086513,0.018911681,32.21380624,0.220123169,0.220086513,23.19672742
RIFT VALLEY,KERICHO,BURET,SAWA BODY WASH,6.21,0.024315633,0.008003652,,0.04754977,0.024315633,
RIFT VALLEY,KERICHO,BURET,SAWA CANDLES,112.8,0.099751949,0.009463881,,0.099911426,0.099751949,
RIFT VALLEY,KERICHO,BURET,SAWA GLYCERIN,108.6744653,0.06930088,0.00512701,,0.069661992,0.06930088,
RIFT VALLEY,KERICHO,BURET,SAWA MILKING JELLY,488.0423333,0.217884602,0.011363045,,0.217955856,0.217884602,
RIFT VALLEY,KERICHO,BURET,SAWA PETROLLEUM JELLY,2.21,0.022092268,0.001413735,67.7751565,0.022515696,0.022092268,35.38488515
RIFT VALLEY,KERICHO,BURET,SAWA SOAP,1310.595861,0.039539702,0.004532888,,0.039583215,0.039539702,
RIFT VALLEY,KERICHO,BURET,USHINDI BAR,1112.125,0.124089852,0.010302137,56.68066768,0.124141184,0.124089852,35.37382953
RIFT VALLEY,KERICHO,BURET,USHINDI DETERGENT,0,0,,62.60669506,,0,31.30334753
RIFT VALLEY,KERICHO,BURET,USHINDI LIQUID DISHWASH,385.244,0.097730033,0.012097276,,0.097824427,0.097730033,
RIFT VALLEY,KERICHO,BURET,USHINDI PASTE DISHWASH,273.6,0.162718724,0.020382014,,0.162818377,0.162718724,
RIFT VALLEY,KERICHO,BURET,WHITE WASH (PWANI OIL PRODUCTS),233.6,0.003703251,0.001952546,47.00378801,0.003708787,0.003703251,23.67596083
RIFT VALLEY,KERICHO,KABONDO KASIPUL,BELLEZA (PWANI OIL PRODUCTS),6.573875,0.008659218,0.000519243,49.90524051,0.00921273,0.008659218,25.38476061
RIFT VALLEY,KERICHO,KABONDO KASIPUL,DETREX,16.56,0.003621802,0.000396597,62.82291179,0.003657007,0.003621802,31.63898804
RIFT VALLEY,KERICHO,KABONDO KASIPUL,DIVA (PWANI OIL PRODUCTS),1.2,0.001388889,0.00045833,50.59946771,0.002081888,0.001388889,25.37001089
RIFT VALLEY,KERICHO,KABONDO KASIPUL,DIVA GLYCERIN,15.10869444,0.045513339,0.007681617,,0.046618825,0.045513339,
RIFT VALLEY,KERICHO,KABONDO KASIPUL,FRESCO (PWANI OIL PRODUCTS),3.685354167,0.005589269,0.000456598,50.1331621,0.005906769,0.005589269,25.34678876
RIFT VALLEY,KERICHO,KABONDO KASIPUL,FRESH FRI,79.74616667,0.001346041,0.000131707,35.95963703,0.001392676,0.001346041,18.02822165
RIFT VALLEY,KERICHO,KABONDO KASIPUL,FRYMATE,0.5,0,4.16E-06,41.1726797,2.74E-05,0,20.58633985
RIFT VALLEY,KERICHO,KABONDO KASIPUL,HOTEL SOAP,0.14,0,0.012552301,,0.025,0,
RIFT VALLEY,KERICHO,KABONDO KASIPUL,NDUME,800,0.023148148,0.002164707,28.18658695,0.023148148,0.023148148,14.74576077
RIFT VALLEY,KERICHO,KABONDO KASIPUL,ONJA,2.75,0.001849454,0.000224829,48.0155273,0.002034024,0.001849454,24.09656618
RIFT VALLEY,KERICHO,KABONDO KASIPUL,SALIT,165.2848333,0.002859346,0.000249684,32.21380624,0.002906211,0.002859346,16.19901353
RIFT VALLEY,KERICHO,KABONDO KASIPUL,SAWA CANDLES,0.8,0.000531538,6.71E-05,,0.000708592,0.000531538,
RIFT VALLEY,KERICHO,KABONDO KASIPUL,SAWA GLYCERIN,19.30630556,0.011992289,0.000910827,,0.012375637,0.011992289,
RIFT VALLEY,KERICHO,KABONDO KASIPUL,SAWA MILKING JELLY,24.15111111,0.010695565,0.000562308,,0.010785696,0.010695565,
RIFT VALLEY,KERICHO,KABONDO KASIPUL,SAWA PETROLLEUM JELLY,0.99875,0.009746589,0.000638899,67.7751565,0.010175363,0.009746589,34.54815482
RIFT VALLEY,KERICHO,KABONDO KASIPUL,SAWA SOAP,92.34479167,0.00274386,0.000319388,,0.00278904,0.00274386,
RIFT VALLEY,KERICHO,KABONDO KASIPUL,USHINDI BAR,9.6,0.001013058,8.89E-05,56.68066768,0.001071602,0.001013058,28.39775465
RIFT VALLEY,KERICHO,KABONDO KASIPUL,USHINDI DETERGENT,0,0,,62.60669506,,0,31.30334753
RIFT VALLEY,KERICHO,KABONDO KASIPUL,USHINDI PASTE DISHWASH,1.4,0.000714201,0.000104294,,0.000833135,0.000714201,
RIFT VALLEY,KERICHO,KABONDO KASIPUL,WHITE WASH (PWANI OIL PRODUCTS),0.360277778,1.63E-07,3.01E-06,47.00378801,5.72E-06,1.63E-07,23.50190167
RIFT VALLEY,KERICHO,KIPKELION EAST,AFRISENSE,1.345,0.001915664,0.000368634,59.30135799,0.002111526,0.001915664,29.76428045
RIFT VALLEY,KERICHO,KIPKELION EAST,BELLEZA (PWANI OIL PRODUCTS),12.15170833,0.016480447,0.000959814,49.90524051,0.017029592,0.016480447,25.77508092
RIFT VALLEY,KERICHO,KIPKELION EAST,DETREX,14.32,0.003127117,0.000342951,62.82291179,0.00316234,0.003127117,31.60791048
RIFT VALLEY,KERICHO,KIPKELION EAST,FRESCO (PWANI OIL PRODUCTS),9.661604167,0.015170872,0.001197028,50.1331621,0.015485313,0.015170872,25.82714483
RIFT VALLEY,KERICHO,KIPKELION EAST,FRESH FRI,282.052,0.004879248,0.000465831,35.95963703,0.004925718,0.004879248,18.15527449
RIFT VALLEY,KERICHO,KIPKELION EAST,ONJA,1.5,0.000924727,0.000122634,48.0155273,0.001109467,0.000924727,24.05216491
RIFT VALLEY,KERICHO,KIPKELION EAST,SALIT,31.6325,0.00050922,4.78E-05,32.21380624,0.000556196,0.00050922,16.12330704
RIFT VALLEY,KERICHO,KIPKELION EAST,SAWA GLYCERIN,6.431104167,0.003735884,0.000303405,,0.004122436,0.003735884,
RIFT VALLEY,KERICHO,KIPKELION EAST,SAWA HANDWASH,1.028333333,1.82E-16,0.000899652,,0.007551049,0,
RIFT VALLEY,KERICHO,KIPKELION EAST,SAWA MILKING JELLY,22.96911111,0.010167645,0.000534788,,0.010257824,0.010167645,
RIFT VALLEY,KERICHO,KIPKELION EAST,SAWA PETROLLEUM JELLY,2.48625,0.024907949,0.001590452,67.7751565,0.025330158,0.024907949,35.57571838
RIFT VALLEY,KERICHO,KIPKELION EAST,SAWA SOAP,115.682,0.003448733,0.000400103,,0.003493881,0.003448733,
RIFT VALLEY,KERICHO,KIPKELION EAST,USHINDI BAR,58.2,0.006438361,0.000539134,56.68066768,0.006496587,0.006438361,28.70526445
RIFT VALLEY,KERICHO,KIPKELION EAST,WHITE WASH (PWANI OIL PRODUCTS),5.075,7.50E-05,4.24E-05,47.00378801,8.06E-05,7.50E-05,23.50542012
RIFT VALLEY,KERICHO,KIPKELION WEST,AFRISENSE,10.1025,0.015666832,0.002768868,59.30135799,0.015859996,0.015666832,30.57974338
RIFT VALLEY,KERICHO,KIPKELION WEST,BELLEZA (PWANI OIL PRODUCTS),11.0560625,0.014944134,0.000873273,49.90524051,0.015494137,0.014944134,25.69841086
RIFT VALLEY,KERICHO,KIPKELION WEST,DETREX,17.42916667,0.00381375,0.000417413,62.82291179,0.003848949,0.00381375,31.65104678
RIFT VALLEY,KERICHO,KIPKELION WEST,DIVA (PWANI OIL PRODUCTS),1,0.001041667,0.000381942,50.59946771,0.001734906,0.001041667,25.35244163
RIFT VALLEY,KERICHO,KIPKELION WEST,DIVA GLYCERIN,3.068875,0.008320643,0.001560288,,0.009469206,0.008320643,
RIFT VALLEY,KERICHO,KIPKELION WEST,FRESCO (PWANI OIL PRODUCTS),3.486145833,0.005269882,0.000431917,50.1331621,0.005587484,0.005269882,25.33077689
RIFT VALLEY,KERICHO,KIPKELION WEST,FRESH FRI,34.30466667,0.00055242,5.67E-05,35.95963703,0.000599092,0.00055242,17.99968332
RIFT VALLEY,KERICHO,KIPKELION WEST,MPISHI POA,2.094333333,0,3.43E-05,44.90797803,0.00028233,0,22.45398902
RIFT VALLEY,KERICHO,KIPKELION WEST,ONJA,9.25,0.006658036,0.000756244,48.0155273,0.006841716,0.006658036,24.32745275
RIFT VALLEY,KERICHO,KIPKELION WEST,SALIT,45.44133333,0.000752033,6.86E-05,32.21380624,0.000798997,0.000752033,16.13112896
RIFT VALLEY,KERICHO,KIPKELION WEST,SAWA CANDLES,7.2,0.006201276,0.000604078,,0.006377325,0.006201276,
RIFT VALLEY,KERICHO,KIPKELION WEST,SAWA GLYCERIN,11.5005625,0.006986746,0.00054257,,0.007372036,0.006986746,
RIFT VALLEY,KERICHO,KIPKELION WEST,SAWA HANDWASH,5.655833333,0.034238256,0.004948088,,0.04153077,0.034238256,
RIFT VALLEY,KERICHO,KIPKELION WEST,SAWA MILKING JELLY,26.31616667,0.01166255,0.000612717,,0.011752592,0.01166255,
RIFT VALLEY,KERICHO,KIPKELION WEST,SAWA PETROLLEUM JELLY,5.8225,0.058912714,0.003724648,67.7751565,0.059320199,0.058912714,37.88039665
RIFT VALLEY,KERICHO,KIPKELION WEST,SAWA SOAP,73.06394444,0.002161505,0.000252702,,0.002206711,0.002161505,
RIFT VALLEY,KERICHO,KIPKELION WEST,USHINDI BAR,71.6,0.007934227,0.000663265,56.68066768,0.007992365,0.007934227,28.7900511
RIFT VALLEY,KERICHO,KIPKELION WEST,USHINDI DETERGENT,0,0,,62.60669506,,0,31.30334753
RIFT VALLEY,KERICHO,KIPKELION WEST,USHINDI LIQUID DISHWASH,19.02875,0.004727818,0.000597533,,0.004831942,0.004727818,
RIFT VALLEY,KERICHO,KIPKELION WEST,USHINDI PASTE DISHWASH,12,0.007022973,0.000893948,,0.007141157,0.007022973,
RIFT VALLEY,KERICHO,KIPKELION WEST,WHITE WASH (PWANI OIL PRODUCTS),3.325,4.72E-05,2.78E-05,47.00378801,5.28E-05,4.72E-05,23.50411415
RIFT VALLEY,KERICHO,SIGOWET/SOIN,4U SOAP,60,0.020253165,0.004019495,,0.025188917,0.020253165,
RIFT VALLEY,KERICHO,SIGOWET/SOIN,AFRISENSE,18.82,0.029355191,0.005158139,59.30135799,0.029545669,0.029355191,31.39148167
RIFT VALLEY,KERICHO,SIGOWET/SOIN,BELLEZA (PWANI OIL PRODUCTS),120.122625,0.167877095,0.009487994,49.90524051,0.168341709,0.167877095,33.33056706
RIFT VALLEY,KERICHO,SIGOWET/SOIN,DETREX,364.55575,0.080473735,0.00873079,62.82291179,0.080506225,0.080473735,36.46705027
RIFT VALLEY,KERICHO,SIGOWET/SOIN,DIVA (PWANI OIL PRODUCTS),16,0.027083333,0.006111069,50.59946771,0.027758501,0.027083333,26.67013611
RIFT VALLEY,KERICHO,SIGOWET/SOIN,DIVA GLYCERIN,105.1626667,0.323702723,0.053467181,,0.324486011,0.323702723,
RIFT VALLEY,KERICHO,SIGOWET/SOIN,FRESCO (PWANI OIL PRODUCTS),65.83835417,0.105237943,0.00815707,50.1331621,0.105523627,0.105237943,30.34249191
RIFT VALLEY,KERICHO,SIGOWET/SOIN,FRESH FRI,3329.7805,0.058106854,0.005499397,35.95963703,0.058150839,0.058106854,20.0693199
RIFT VALLEY,KERICHO,SIGOWET/SOIN,FRYMATE,11,0.000575043,9.15E-05,41.1726797,0.00060241,0.000575043,20.61001592
RIFT VALLEY,KERICHO,SIGOWET/SOIN,HOTEL SOAP,2.613333333,0.452991453,0.234309623,,0.466666667,0.452991453,
RIFT VALLEY,KERICHO,SIGOWET/SOIN,MPISHI POA,3.1415,0.000141205,5.15E-05,44.90797803,0.000423495,0.000141205,22.46033025
RIFT VALLEY,KERICHO,SIGOWET/SOIN,NDUME,11616.8,0.336134259,0.031433717,28.18658695,0.336134259,0.336134259,23.567771
RIFT VALLEY,KERICHO,SIGOWET/SOIN,ONJA,142.75,0.105418901,0.011670686,48.0155273,0.10558432,0.105418901,29.06950779
RIFT VALLEY,KERICHO,SIGOWET/SOIN,POPCO,719.914,0.062912393,0.01102348,45.97764899,0.06486794,0.062912393,25.88138843
RIFT VALLEY,KERICHO,SIGOWET/SOIN,SALIT,13746.465,0.241669091,0.020765841,32.21380624,0.241704732,0.241669091,23.89198438
RIFT VALLEY,KERICHO,SIGOWET/SOIN,SAWA BODY WASH,3.11,0,0.00400827,,0.02381317,0,
RIFT VALLEY,KERICHO,SIGOWET/SOIN,SAWA CANDLES,83.6,0.07388377,0.007014011,,0.07404783,0.07388377,
RIFT VALLEY,KERICHO,SIGOWET/SOIN,SAWA GLYCERIN,270.6406875,0.173164001,0.012768202,,0.173484815,0.173164001,
RIFT VALLEY,KERICHO,SIGOWET/SOIN,SAWA HANDWASH,49.86333333,0.361323657,0.04362366,,0.366146334,0.361323657,
RIFT VALLEY,KERICHO,SIGOWET/SOIN,SAWA MILKING JELLY,357.4856667,0.159573712,0.008323306,,0.159650279,0.159573712,
RIFT VALLEY,KERICHO,SIGOWET/SOIN,SAWA PETROLLEUM JELLY,31.11,0.316655837,0.019901039,67.7751565,0.316951721,0.316655837,55.34897717
RIFT VALLEY,KERICHO,SIGOWET/SOIN,SAWA SOAP,2394.926458,0.072290634,0.008283205,,0.072332663,0.072290634,
RIFT VALLEY,KERICHO,SIGOWET/SOIN,USHINDI BAR,519.7,0.057956413,0.004814226,56.68066768,0.05801162,0.057956413,31.62534205
RIFT VALLEY,KERICHO,SIGOWET/SOIN,USHINDI DETERGENT,0,0,,62.60669506,,0,31.30334753
RIFT VALLEY,KERICHO,SIGOWET/SOIN,USHINDI LIQUID DISHWASH,166.2339167,0.042111315,0.00522001,,0.042211528,0.042111315,
RIFT VALLEY,KERICHO,SIGOWET/SOIN,USHINDI PASTE DISHWASH,49,0.029044161,0.003650288,,0.029159724,0.029044161,
RIFT VALLEY,KERICHO,SIGOWET/SOIN,WHITE WASH (PWANI OIL PRODUCTS),319.9322222,0.005073926,0.002674154,47.00378801,0.005079454,0.005073926,23.74038773
RIFT VALLEY,LAIKIPIA,BUURI,AFRISENSE,3.915,0.005951119,0.001073014,59.30135799,0.00614619,0.005951119,30.00358844
RIFT VALLEY,LAIKIPIA,BUURI,BELLEZA (PWANI OIL PRODUCTS),35.16027083,0.048743017,0.002777166,49.90524051,0.049274149,0.048743017,27.38515223
RIFT VALLEY,LAIKIPIA,BUURI,DETREX,65.52,0.014434206,0.001569146,62.82291179,0.014469029,0.014434206,32.31825475
RIFT VALLEY,LAIKIPIA,BUURI,DIRIA,12,0,0.000145186,46.67976471,0.000441282,0,23.33988236
RIFT VALLEY,LAIKIPIA,BUURI,DIVA (PWANI OIL PRODUCTS),5,0.007986111,0.001909709,50.59946771,0.008674532,0.007986111,25.70382683
RIFT VALLEY,LAIKIPIA,BUURI,FRESCO (PWANI OIL PRODUCTS),14.6418125,0.023155541,0.001814053,50.1331621,0.023467433,0.023155541,26.22744156
RIFT VALLEY,LAIKIPIA,BUURI,FRESH FRI,473.606,0.008224677,0.000782198,35.95963703,0.008270992,0.008224677,18.27557492
RIFT VALLEY,LAIKIPIA,BUURI,FRYMATE,41.5,0.002245407,0.000345213,41.1726797,0.002272727,0.002245407,20.67878925
RIFT VALLEY,LAIKIPIA,BUURI,MPISHI POA,28.2735,0.003530125,0.000463065,44.90797803,0.003811459,0.003530125,22.61251979
RIFT VALLEY,LAIKIPIA,BUURI,NDUME,600,0.017361111,0.001623531,28.18658695,0.017361111,0.017361111,14.58264394
RIFT VALLEY,LAIKIPIA,BUURI,ONJA,8,0.005733309,0.000654049,48.0155273,0.00591716,0.005733309,24.28305149
RIFT VALLEY,LAIKIPIA,BUURI,POPCO,142.56,0.01078105,0.00218291,45.97764899,0.012845386,0.01078105,23.48451183
RIFT VALLEY,LAIKIPIA,BUURI,SALIT,1891.600667,0.033214664,0.002857511,32.21380624,0.033260102,0.033214664,17.17687387
RIFT VALLEY,LAIKIPIA,BUURI,SAWA BODY WASH,6.21,0.024315633,0.008003652,,0.04754977,0.024315633,
RIFT VALLEY,LAIKIPIA,BUURI,SAWA GLYCERIN,34.29906944,0.02160661,0.001618151,,0.021986227,0.02160661,
RIFT VALLEY,LAIKIPIA,BUURI,SAWA MILKING JELLY,49.19183333,0.021879573,0.001145329,,0.021968685,0.021879573,
RIFT VALLEY,LAIKIPIA,BUURI,SAWA PETROLLEUM JELLY,5.695,0.057613169,0.003643086,67.7751565,0.058021217,0.057613169,37.79231978
RIFT VALLEY,LAIKIPIA,BUURI,SAWA SOAP,374.6185,0.011269606,0.001295673,,0.011314399,0.011269606,
RIFT VALLEY,LAIKIPIA,BUURI,USHINDI BAR,139.3,0.015491696,0.001290401,56.68066768,0.015549391,0.015491696,29.21841351
RIFT VALLEY,LAIKIPIA,BUURI,USHINDI DETERGENT,0,0,,62.60669506,,0,31.30334753
RIFT VALLEY,LAIKIPIA,BUURI,USHINDI LIQUID DISHWASH,28.1595,0.007046618,0.000884253,,0.007150499,0.007046618,
RIFT VALLEY,LAIKIPIA,BUURI,USHINDI PASTE DISHWASH,16.4,0.009641709,0.001221729,,0.009759581,0.009641709,
RIFT VALLEY,LAIKIPIA,BUURI,WHITE WASH (PWANI OIL PRODUCTS),124.4,0.00196951,0.001039798,47.00378801,0.001975056,0.00196951,23.59446845
RIFT VALLEY,LAIKIPIA,KIENI,AFRISENSE,7.94,0.012271239,0.002176176,59.30135799,0.01246507,0.012271239,30.37838014
RIFT VALLEY,LAIKIPIA,KIENI,BELLEZA (PWANI OIL PRODUCTS),35.5586875,0.049301676,0.002808635,49.90524051,0.049832496,0.049301676,27.41303225
RIFT VALLEY,LAIKIPIA,KIENI,DETREX,56.16,0.012367129,0.001344983,62.82291179,0.012402025,0.012367129,32.18839494
RIFT VALLEY,LAIKIPIA,KIENI,DIVA (PWANI OIL PRODUCTS),3.9,0.006076389,0.001489573,50.59946771,0.006766135,0.006076389,25.6071959
RIFT VALLEY,LAIKIPIA,KIENI,FRESCO (PWANI OIL PRODUCTS),15.8370625,0.025071862,0.001962139,50.1331621,0.025383142,0.025071862,26.32351277
RIFT VALLEY,LAIKIPIA,KIENI,FRESH FRI,679.4375,0.011819459,0.001122145,35.95963703,0.011865605,0.011819459,18.40484196
RIFT VALLEY,LAIKIPIA,KIENI,MPISHI POA,13.61316667,0.001553255,0.000222957,44.90797803,0.001835147,0.001553255,22.52374256
RIFT VALLEY,LAIKIPIA,KIENI,NDUME,0,0,0,28.18658695,0,0,14.09329348
RIFT VALLEY,LAIKIPIA,KIENI,ONJA,11.5,0.008322545,0.000940195,48.0155273,0.008505917,0.008322545,24.40737503
RIFT VALLEY,LAIKIPIA,KIENI,POPCO,32.076,0.000805057,0.000491155,45.97764899,0.002890212,0.000805057,23.02583914
RIFT VALLEY,LAIKIPIA,KIENI,SALIT,1610.491833,0.028271682,0.002432859,32.21380624,0.028317353,0.028271682,17.0176416
RIFT VALLEY,LAIKIPIA,KIENI,SAWA BODY WASH,6.21,0.024315633,0.008003652,,0.04754977,0.024315633,
RIFT VALLEY,LAIKIPIA,KIENI,SAWA GLYCERIN,27.94363194,0.017531096,0.001318316,,0.017912295,0.017531096,
RIFT VALLEY,LAIKIPIA,KIENI,SAWA MILKING JELLY,50.0525,0.022263975,0.001165368,,0.022353052,0.022263975,
RIFT VALLEY,LAIKIPIA,KIENI,SAWA PETROLLEUM JELLY,6.375,0.064544076,0.004078082,67.7751565,0.064949123,0.064544076,38.26206312
RIFT VALLEY,LAIKIPIA,KIENI,SAWA SOAP,513.2975,0.015458242,0.001775315,,0.015502846,0.015458242,
RIFT VALLEY,LAIKIPIA,KIENI,USHINDI BAR,168.075,0.0187039,0.001556958,56.68066768,0.018761407,0.0187039,29.40048336
RIFT VALLEY,LAIKIPIA,KIENI,USHINDI DETERGENT,0,0,,62.60669506,,0,31.30334753
RIFT VALLEY,LAIKIPIA,KIENI,USHINDI LIQUID DISHWASH,40.69633333,0.01023041,0.00127793,,0.010333958,0.01023041,
RIFT VALLEY,LAIKIPIA,KIENI,USHINDI PASTE DISHWASH,7.6,0.004404238,0.000566167,,0.004522733,0.004404238,
RIFT VALLEY,LAIKIPIA,KIENI,WHITE WASH (PWANI OIL PRODUCTS),203.35,0.003222979,0.001699702,47.00378801,0.003228518,0.003222979,23.65338624
RIFT VALLEY,LAIKIPIA,LAIKIPIA EAST,AFRISENSE,36.96,0.057838912,0.010129906,59.30135799,0.0580238,0.057838912,33.08060499
RIFT VALLEY,LAIKIPIA,LAIKIPIA EAST,BELLEZA (PWANI OIL PRODUCTS),149.1074375,0.208519553,0.011777386,49.90524051,0.208961474,0.208519553,35.3588387
RIFT VALLEY,LAIKIPIA,LAIKIPIA EAST,DETREX,221.28,0.048832492,0.005299462,62.82291179,0.048866099,0.048832492,34.4792552
RIFT VALLEY,LAIKIPIA,LAIKIPIA EAST,FRESCO (PWANI OIL PRODUCTS),112.3535,0.179814756,0.013920083,50.1331621,0.180076628,0.179814756,34.08126334
RIFT VALLEY,LAIKIPIA,LAIKIPIA EAST,FRESH FRI,10194.03633,0.177988894,0.016836262,35.95963703,0.17802728,0.177988894,24.38023453
RIFT VALLEY,LAIKIPIA,LAIKIPIA EAST,FRYMATE,627.5,0.03433829,0.00521978,41.1726797,0.034364732,0.03433829,22.00013925
RIFT VALLEY,LAIKIPIA,LAIKIPIA EAST,MPISHI POA,2334.276667,0.314482702,0.038230921,44.90797803,0.314676244,0.314482702,36.57677129
RIFT VALLEY,LAIKIPIA,LAIKIPIA EAST,ONJA,66.5,0.049010542,0.005436782,48.0155273,0.049186391,0.049010542,26.36103066
RIFT VALLEY,LAIKIPIA,LAIKIPIA EAST,SALIT,3265.986833,0.057381695,0.004933702,32.21380624,0.057425998,0.057381695,17.95538594
RIFT VALLEY,LAIKIPIA,LAIKIPIA EAST,SAWA CANDLES,4.8,0.004075124,0.000402718,,0.00425155,0.004075124,
RIFT VALLEY,LAIKIPIA,LAIKIPIA EAST,SAWA GLYCERIN,316.4153333,0.202517638,0.014927744,,0.202827062,0.202517638,
RIFT VALLEY,LAIKIPIA,LAIKIPIA EAST,SAWA MILKING JELLY,414.4608889,0.185020715,0.009649855,,0.185094963,0.185020715,
RIFT VALLEY,LAIKIPIA,LAIKIPIA EAST,SAWA PETROLLEUM JELLY,21.73875,0.221139268,0.013906258,67.7751565,0.22147651,0.221139268,48.87532674
RIFT VALLEY,LAIKIPIA,LAIKIPIA EAST,SAWA SOAP,4668.871431,0.14097247,0.016147977,,0.141011387,0.14097247,
RIFT VALLEY,LAIKIPIA,LAIKIPIA EAST,USHINDI BAR,561.75,0.062650528,0.005203755,56.68066768,0.06270546,0.062650528,31.89140762
RIFT VALLEY,LAIKIPIA,LAIKIPIA EAST,USHINDI DETERGENT,0,0,,62.60669506,,0,31.30334753
RIFT VALLEY,LAIKIPIA,LAIKIPIA EAST,USHINDI LIQUID DISHWASH,193.5726667,0.049054129,0.006078491,,0.049153615,0.049054129,
RIFT VALLEY,LAIKIPIA,LAIKIPIA EAST,USHINDI PASTE DISHWASH,40.8,0.02416379,0.003039423,,0.024279933,0.02416379,
RIFT VALLEY,LAIKIPIA,LAIKIPIA EAST,WHITE WASH (PWANI OIL PRODUCTS),252,0.003995383,0.002106343,47.00378801,0.004000918,0.003995383,23.68969214
RIFT VALLEY,LAIKIPIA,LAIKIPIA NORTH,AFRISENSE,2.675,0.004004051,0.000733157,59.30135799,0.004199504,0.004004051,29.88812467
RIFT VALLEY,LAIKIPIA,LAIKIPIA NORTH,BELLEZA (PWANI OIL PRODUCTS),47.5111875,0.066061453,0.003752714,49.90524051,0.066582915,0.066061453,28.24943293
RIFT VALLEY,LAIKIPIA,LAIKIPIA NORTH,DETREX,50.64,0.011148083,0.001212784,62.82291179,0.011183023,0.011148083,32.11181095
RIFT VALLEY,LAIKIPIA,LAIKIPIA NORTH,FRESCO (PWANI OIL PRODUCTS),24.8014375,0.039444267,0.003072784,50.1331621,0.039750958,0.039444267,27.04404688
RIFT VALLEY,LAIKIPIA,LAIKIPIA NORTH,FRESH FRI,605.9341667,0.010535746,0.001000748,35.95963703,0.010581953,0.010535746,18.35868013
RIFT VALLEY,LAIKIPIA,LAIKIPIA NORTH,FRYMATE,4.5,0.000219064,3.74E-05,41.1726797,0.00024644,0.000219064,20.5953593
RIFT VALLEY,LAIKIPIA,LAIKIPIA NORTH,MPISHI POA,5.235833333,0.000423615,8.58E-05,44.90797803,0.000705826,0.000423615,22.47301271
RIFT VALLEY,LAIKIPIA,LAIKIPIA NORTH,NDUME,0,0,0,28.18658695,0,0,14.09329348
RIFT VALLEY,LAIKIPIA,LAIKIPIA NORTH,ONJA,4,0.002774182,0.000327024,48.0155273,0.00295858,0.002774182,24.14096744
RIFT VALLEY,LAIKIPIA,LAIKIPIA NORTH,SALIT,572.0323333,0.010011542,0.00086413,32.21380624,0.010058071,0.010011542,16.429413
RIFT VALLEY,LAIKIPIA,LAIKIPIA NORTH,SAWA GLYCERIN,32.97479861,0.020757402,0.001555675,,0.02113735,0.020757402,
RIFT VALLEY,LAIKIPIA,LAIKIPIA NORTH,SAWA MILKING JELLY,131.6833333,0.058722983,0.003065971,,0.058808738,0.058722983,
RIFT VALLEY,LAIKIPIA,LAIKIPIA NORTH,SAWA PETROLLEUM JELLY,10.8375,0.110028157,0.006932739,67.7751565,0.110413509,0.110028157,41.3447538
RIFT VALLEY,LAIKIPIA,LAIKIPIA NORTH,SAWA SOAP,491.4955,0.014799738,0.001699909,,0.014844372,0.014799738,
RIFT VALLEY,LAIKIPIA,LAIKIPIA NORTH,USHINDI BAR,87.325,0.009689636,0.000808933,56.68066768,0.009747671,0.009689636,28.88954887
RIFT VALLEY,LAIKIPIA,LAIKIPIA NORTH,USHINDI DETERGENT,0,0,,62.60669506,,0,31.30334753
RIFT VALLEY,LAIKIPIA,LAIKIPIA NORTH,USHINDI LIQUID DISHWASH,6.5795,0.001566268,0.000206607,,0.001670723,0.001566268,
RIFT VALLEY,LAIKIPIA,LAIKIPIA NORTH,USHINDI PASTE DISHWASH,3.2,0.001785502,0.000238386,,0.001904308,0.001785502,
RIFT VALLEY,LAIKIPIA,LAIKIPIA NORTH,WHITE WASH (PWANI OIL PRODUCTS),207.375,0.003286883,0.001733344,47.00378801,0.003292422,0.003286883,23.65638997
RIFT VALLEY,LAIKIPIA,LAIKIPIA WEST,4U SOAP,114,0.043037975,0.00763704,,0.047858942,0.043037975,
RIFT VALLEY,LAIKIPIA,LAIKIPIA WEST,AFRISENSE,26.555,0.041500813,0.007278129,59.30135799,0.041688907,0.041500813,32.11173354
RIFT VALLEY,LAIKIPIA,LAIKIPIA WEST,BELLEZA (PWANI OIL PRODUCTS),317.4384792,0.444553073,0.025073166,49.90524051,0.444863205,0.444553073,47.13814827
RIFT VALLEY,LAIKIPIA,LAIKIPIA WEST,DETREX,332.72,0.073443078,0.007968352,62.82291179,0.073475816,0.073443078,36.0253639
RIFT VALLEY,LAIKIPIA,LAIKIPIA WEST,DIRIA,444.25,0.01590236,0.005374897,46.67976471,0.016336625,0.01590236,24.08220078
RIFT VALLEY,LAIKIPIA,LAIKIPIA WEST,DIVA (PWANI OIL PRODUCTS),8.1,0.013368056,0.003093729,50.59946771,0.014052741,0.013368056,25.97615035
RIFT VALLEY,LAIKIPIA,LAIKIPIA WEST,FRESCO (PWANI OIL PRODUCTS),138.649,0.22197381,0.017177975,50.1331621,0.222222222,0.22197381,36.19483006
RIFT VALLEY,LAIKIPIA,LAIKIPIA WEST,FRESH FRI,5292.003333,0.09237645,0.008740164,35.95963703,0.092418835,0.09237645,21.30164214
RIFT VALLEY,LAIKIPIA,LAIKIPIA WEST,FRYKING,24,0.009433962,0.014059754,48.02422195,0.018691589,0.009433962,24.46516967
RIFT VALLEY,LAIKIPIA,LAIKIPIA WEST,FRYMATE,716.6,0.039217941,0.005960947,41.1726797,0.03924425,0.039217941,22.20104759
RIFT VALLEY,LAIKIPIA,LAIKIPIA WEST,MPISHI POA,843.2801667,0.113429551,0.013811292,44.90797803,0.113679856,0.113429551,27.54788078
RIFT VALLEY,LAIKIPIA,LAIKIPIA WEST,NDUME,510,0.014756944,0.001380001,28.18658695,0.014756944,0.014756944,14.50924137
RIFT VALLEY,LAIKIPIA,LAIKIPIA WEST,ONJA,147.25,0.108747919,0.012038589,48.0155273,0.108912722,0.108747919,29.22935234
RIFT VALLEY,LAIKIPIA,LAIKIPIA WEST,POPCO,702.08,0.061302098,0.010750402,45.97764899,0.063261005,0.061302098,25.80735084
RIFT VALLEY,LAIKIPIA,LAIKIPIA WEST,POPCO BAR,120,0.01303781,0.008626887,,0.015604681,0.01303781,
RIFT VALLEY,LAIKIPIA,LAIKIPIA WEST,POPCO LAUNDRY SOAP,10,0,0.005376344,,0.008064516,0,
RIFT VALLEY,LAIKIPIA,LAIKIPIA WEST,SALIT,10659.12533,0.187381703,0.016102009,32.21380624,0.187419895,0.187381703,22.14318098
RIFT VALLEY,LAIKIPIA,LAIKIPIA WEST,SAWA CANDLES,0.4,0.000177179,3.36E-05,,0.000354296,0.000177179,
RIFT VALLEY,LAIKIPIA,LAIKIPIA WEST,SAWA GLYCERIN,258.5153403,0.165388451,0.012196156,,0.165712282,0.165388451,
RIFT VALLEY,LAIKIPIA,LAIKIPIA WEST,SAWA HANDWASH,12.34,0.083693514,0.010795828,,0.09061259,0.083693514,
RIFT VALLEY,LAIKIPIA,LAIKIPIA WEST,SAWA MILKING JELLY,469.5836111,0.209640331,0.010933273,,0.209712336,0.209640331,
RIFT VALLEY,LAIKIPIA,LAIKIPIA WEST,SAWA PETROLLEUM JELLY,51.2125,0.521550791,0.032760589,67.7751565,0.521757956,0.521550791,69.2357647
RIFT VALLEY,LAIKIPIA,LAIKIPIA WEST,SAWA SOAP,3619.256,0.109270069,0.012517728,,0.109310423,0.109270069,
RIFT VALLEY,LAIKIPIA,LAIKIPIA WEST,USHINDI BAR,1211.45,0.135177676,0.011222232,56.68066768,0.135228357,0.135177676,36.00229476
RIFT VALLEY,LAIKIPIA,LAIKIPIA WEST,USHINDI DETERGENT,0,0,,62.60669506,,0,31.30334753
RIFT VALLEY,LAIKIPIA,LAIKIPIA WEST,USHINDI LIQUID DISHWASH,63.51816667,0.01602613,0.001994572,,0.016129072,0.01602613,
RIFT VALLEY,LAIKIPIA,LAIKIPIA WEST,USHINDI PASTE DISHWASH,24.8,0.014641114,0.001847492,,0.014758391,0.014641114,
RIFT VALLEY,LAIKIPIA,LAIKIPIA WEST,WHITE WASH (PWANI OIL PRODUCTS),1186.4,0.018830614,0.009916528,47.00378801,0.018836066,0.018830614,24.3870042
RIFT VALLEY,NAKURU,BAHATI,4U SOAP,798,0.33164557,0.053459277,,0.335012594,0.33164557,
RIFT VALLEY,NAKURU,BAHATI,AFRISENSE,113.6625,0.178278415,0.031152338,59.30135799,0.178439668,0.178278415,40.22283111
RIFT VALLEY,NAKURU,BAHATI,BELLEZA (PWANI OIL PRODUCTS),503.9970833,0.706145251,0.039808667,49.90524051,0.706309324,0.706145251,60.19296886
RIFT VALLEY,NAKURU,BAHATI,DETREX,1188.572222,0.26245084,0.028465261,62.82291179,0.2624769,0.26245084,47.89938186
RIFT VALLEY,NAKURU,BAHATI,DIRIA,276,0.009712488,0.003339272,46.67976471,0.010149484,0.009712488,23.79325902
RIFT VALLEY,NAKURU,BAHATI,DIVA (PWANI OIL PRODUCTS),92.1,0.159201389,0.035176839,50.59946771,0.159784872,0.159201389,33.35523939
RIFT VALLEY,NAKURU,BAHATI,DIVA GLYCERIN,72.35993056,0.222370458,0.036789496,,0.223271109,0.222370458,
RIFT VALLEY,NAKURU,BAHATI,FRESCO (PWANI OIL PRODUCTS),307.6772708,0.492973491,0.038119802,50.1331621,0.493135377,0.492973491,49.78090098
RIFT VALLEY,NAKURU,BAHATI,FRESH FRI,17175.07667,0.299910537,0.028366005,35.95963703,0.299943231,0.299910538,28.76449259
RIFT VALLEY,NAKURU,BAHATI,FRYKING,24,0.009433962,0.014059754,48.02422195,0.018691589,0.009433962,24.46516967
RIFT VALLEY,NAKURU,BAHATI,FRYMATE,520.5,0.028478326,0.004329714,41.1726797,0.028504929,0.028478326,21.75886886
RIFT VALLEY,NAKURU,BAHATI,MPISHI POA,1515.358,0.204055764,0.024818623,44.90797803,0.204280483,0.204055764,31.61772076
RIFT VALLEY,NAKURU,BAHATI,NDUME,10698,0.309548611,0.02894755,28.18658695,0.309548611,0.309548611,22.81841232
RIFT VALLEY,NAKURU,BAHATI,ONJA,378,0.279452561,0.030903814,48.0155273,0.279585799,0.279452561,37.42582575
RIFT VALLEY,NAKURU,BAHATI,POPCO,4034.47,0.362195426,0.061776681,45.97764899,0.363526419,0.362195426,39.64171867
RIFT VALLEY,NAKURU,BAHATI,POPCO BAR,250,0.029986962,0.017972682,,0.032509753,0.029986962,
RIFT VALLEY,NAKURU,BAHATI,RAINBOW WASHING POWDER,3.5,0.003277712,0.001535856,,0.00347567,0.003277712,
RIFT VALLEY,NAKURU,BAHATI,SALIT,30987.41333,0.544831734,0.046810558,32.21380624,0.544853126,0.544831734,33.65800702
RIFT VALLEY,NAKURU,BAHATI,SAWA BODY WASH,6.21,0.024315633,0.008003652,,0.04754977,0.024315633,
RIFT VALLEY,NAKURU,BAHATI,SAWA CANDLES,14.8,0.012934089,0.001241715,,0.013108946,0.012934089,
RIFT VALLEY,NAKURU,BAHATI,SAWA GLYCERIN,682.4608125,0.437249457,0.032196924,,0.437467805,0.437249457,
RIFT VALLEY,NAKURU,BAHATI,SAWA HANDWASH,7.706666667,0.049412098,0.006742289,,0.056590034,0.049412098,
RIFT VALLEY,NAKURU,BAHATI,SAWA MILKING JELLY,1757.985278,0.785082777,0.040931012,,0.785102357,0.785082777,
RIFT VALLEY,NAKURU,BAHATI,SAWA PETROLLEUM JELLY,55.845,0.568767598,0.035723995,67.7751565,0.568954319,0.568767598,72.43589122
RIFT VALLEY,NAKURU,BAHATI,SAWA SOAP,8277.928444,0.249979797,0.02863043,,0.250013775,0.249979797,
RIFT VALLEY,NAKURU,BAHATI,USHINDI BAR,3547,0.395899208,0.032857531,56.68066768,0.39593461,0.395899208,50.78016527
RIFT VALLEY,NAKURU,BAHATI,USHINDI DETERGENT,0,0,,62.60669506,,0,31.30334753
RIFT VALLEY,NAKURU,BAHATI,USHINDI LIQUID DISHWASH,1010.732833,0.256576087,0.031738624,,0.256653863,0.256576087,
RIFT VALLEY,NAKURU,BAHATI,USHINDI PASTE DISHWASH,351.2,0.208903702,0.026162877,,0.208997858,0.208903702,
RIFT VALLEY,NAKURU,BAHATI,WHITE WASH (PWANI OIL PRODUCTS),989.1366667,0.015698714,0.008267701,47.00378801,0.015704184,0.015698714,24.23979305
RIFT VALLEY,NAKURU,GILGIL,4U SOAP,66,0.02278481,0.004421444,,0.027707809,0.02278481,
RIFT VALLEY,NAKURU,GILGIL,AFRISENSE,28.145,0.043997456,0.007713912,59.30135799,0.044185061,0.043997456,32.2597879
RIFT VALLEY,NAKURU,GILGIL,BELLEZA (PWANI OIL PRODUCTS),451.3064792,0.63226257,0.035646851,49.90524051,0.632467895,0.63226257,56.50583587
RIFT VALLEY,NAKURU,GILGIL,DETREX,926.09675,0.20448534,0.022179204,62.82291179,0.204513449,0.20448534,44.2578204
RIFT VALLEY,NAKURU,GILGIL,DIRIA,48,0.00132443,0.000580743,46.67976471,0.001765128,0.00132443,23.40170645
RIFT VALLEY,NAKURU,GILGIL,DIVA (PWANI OIL PRODUCTS),110.8,0.191666667,0.042319151,50.59946771,0.19222762,0.191666667,34.99796517
RIFT VALLEY,NAKURU,GILGIL,DIVA GLYCERIN,21.46495833,0.065148732,0.010913291,,0.066231477,0.065148732,
RIFT VALLEY,NAKURU,GILGIL,FRESCO (PWANI OIL PRODUCTS),320.7254167,0.513893325,0.039736407,50.1331621,0.514048531,0.513893325,50.82967841
RIFT VALLEY,NAKURU,GILGIL,FRESH FRI,23789.64133,0.4154318,0.039290485,35.95963703,0.415459099,0.4154318,32.91859527
RIFT VALLEY,NAKURU,GILGIL,FRYMATE,246,0.013445056,0.00204632,41.1726797,0.01347207,0.013445056,21.13990883
RIFT VALLEY,NAKURU,GILGIL,MPISHI POA,496.4608333,0.066662761,0.008131065,44.90797803,0.06692627,0.066662761,25.44767881
RIFT VALLEY,NAKURU,GILGIL,NDUME,8809.4,0.25490162,0.023837217,28.18658695,0.25490162,0.25490162,21.27810016
RIFT VALLEY,NAKURU,GILGIL,ONJA,157.5,0.116330682,0.012876589,48.0155273,0.116494083,0.116330682,29.59344271
RIFT VALLEY,NAKURU,GILGIL,POPCO,3062.357333,0.274419921,0.046891481,45.97764899,0.275934087,0.274419921,35.6060073
RIFT VALLEY,NAKURU,GILGIL,RAINBOW WASHING POWDER,12,0.011720302,0.005265791,,0.011916584,0.011720302,
RIFT VALLEY,NAKURU,GILGIL,SALIT,21027.10167,0.36969088,0.031764199,32.21380624,0.369720504,0.36969088,28.0160535
RIFT VALLEY,NAKURU,GILGIL,SAWA BODY WASH,15.53,0.097419405,0.020015573,,0.118912711,0.097419405,
RIFT VALLEY,NAKURU,GILGIL,SAWA CANDLES,78.4,0.069277108,0.006577733,,0.069441984,0.069277108,
RIFT VALLEY,NAKURU,GILGIL,SAWA GLYCERIN,528.5911944,0.338578397,0.024937711,,0.338835029,0.338578397,
RIFT VALLEY,NAKURU,GILGIL,SAWA HANDWASH,31.33916667,0.224265817,0.027417524,,0.230123424,0.224265817,
RIFT VALLEY,NAKURU,GILGIL,SAWA MILKING JELLY,2213.588167,0.988569972,0.051538773,,0.988571013,0.988569972,
RIFT VALLEY,NAKURU,GILGIL,SAWA PETROLLEUM JELLY,34.23375,0.348494694,0.021899299,67.7751565,0.348776792,0.348494694,57.50686064
RIFT VALLEY,NAKURU,GILGIL,SAWA SOAP,12275.9176,0.370734362,0.042458063,,0.37076287,0.370734362,
RIFT VALLEY,NAKURU,GILGIL,USHINDI BAR,7352.725,0.820738946,0.068111753,56.68066768,0.820749452,0.820738946,74.86036531
RIFT VALLEY,NAKURU,GILGIL,USHINDI DETERGENT,0,0,,62.60669506,,0,31.30334753
RIFT VALLEY,NAKURU,GILGIL,USHINDI LIQUID DISHWASH,1771.5405,0.449787043,0.055629198,,0.449844605,0.449787043,
RIFT VALLEY,NAKURU,GILGIL,USHINDI PASTE DISHWASH,410.2,0.244018569,0.030558122,,0.244108546,0.244018569,
RIFT VALLEY,NAKURU,GILGIL,WHITE WASH (PWANI OIL PRODUCTS),952.125,0.01511109,0.007958339,47.00378801,0.015116562,0.01511109,24.21217246
RIFT VALLEY,NAKURU,GILGIL,,6.21,,,,,,
RIFT VALLEY,NAKURU,KURESOI NORTH,4U SOAP,84,0.030379747,0.005627292,,0.035264484,0.030379747,
RIFT VALLEY,NAKURU,KURESOI NORTH,AFRISENSE,22.34,0.034882352,0.006122892,59.30135799,0.035071745,0.034882352,31.71924981
RIFT VALLEY,NAKURU,KURESOI NORTH,BELLEZA (PWANI OIL PRODUCTS),66.934,0.093296089,0.005286843,49.90524051,0.093802345,0.093296089,29.60858403
RIFT VALLEY,NAKURU,KURESOI NORTH,DETREX,151.76025,0.03347964,0.003634525,62.82291179,0.03351379,0.03347964,33.51474434
RIFT VALLEY,NAKURU,KURESOI NORTH,DIVA (PWANI OIL PRODUCTS),4.8,0.007638889,0.001833321,50.59946771,0.00832755,0.007638889,25.68625757
RIFT VALLEY,NAKURU,KURESOI NORTH,DIVA GLYCERIN,108.7225278,0.334699634,0.055277099,,0.335470186,0.334699635,
RIFT VALLEY,NAKURU,KURESOI NORTH,FRESCO (PWANI OIL PRODUCTS),50.69852083,0.080964548,0.006281314,50.1331621,0.081257982,0.080964548,29.12558986
RIFT VALLEY,NAKURU,KURESOI NORTH,FRESH FRI,5782.812333,0.100948273,0.009550774,35.95963703,0.100990257,0.100948273,21.60988177
RIFT VALLEY,NAKURU,KURESOI NORTH,FRYMATE,103.5,0.005640899,0.000860952,41.1726797,0.005668127,0.005640899,20.81859079
RIFT VALLEY,NAKURU,KURESOI NORTH,MPISHI POA,398.0135,0.053387648,0.006518689,44.90797803,0.053654905,0.053387648,24.85152034
RIFT VALLEY,NAKURU,KURESOI NORTH,NDUME,1060,0.030671296,0.002868237,28.18658695,0.030671296,0.030671296,14.95781263
RIFT VALLEY,NAKURU,KURESOI NORTH,ONJA,161.75,0.119474755,0.013224053,48.0155273,0.119637574,0.119474755,29.74440701
RIFT VALLEY,NAKURU,KURESOI NORTH,POPCO,62.372,0.003540591,0.000955054,45.97764899,0.005620037,0.003540591,23.15161253
RIFT VALLEY,NAKURU,KURESOI NORTH,POPCO BAR,40,0.002607562,0.002875629,,0.00520156,0.002607562,
RIFT VALLEY,NAKURU,KURESOI NORTH,RAINBOW WASHING POWDER,29.8,0.029400079,0.013076714,,0.02959285,0.029400079,
RIFT VALLEY,NAKURU,KURESOI NORTH,SALIT,1759.763333,0.030896453,0.002658354,32.21380624,0.030942,0.030896453,17.10219547
RIFT VALLEY,NAKURU,KURESOI NORTH,SAWA CANDLES,5.6,0.004783841,0.000469838,,0.004960142,0.004783841,
RIFT VALLEY,NAKURU,KURESOI NORTH,SAWA GLYCERIN,233.1485833,0.149121661,0.010999411,,0.149451803,0.149121661,
RIFT VALLEY,NAKURU,KURESOI NORTH,SAWA HANDWASH,5.141666667,0.030434005,0.004498262,,0.037755246,0.030434005,
RIFT VALLEY,NAKURU,KURESOI NORTH,SAWA MILKING JELLY,584.7642222,0.26108377,0.013615012,,0.261151089,0.26108377,
RIFT VALLEY,NAKURU,KURESOI NORTH,SAWA PETROLLEUM JELLY,15.3425,0.155945419,0.009814583,67.7751565,0.15631089,0.155945419,44.45680344
RIFT VALLEY,NAKURU,KURESOI NORTH,SAWA SOAP,2272.824403,0.068602685,0.007860897,,0.068644881,0.068602685,
RIFT VALLEY,NAKURU,KURESOI NORTH,USHINDI BAR,498.675,0.055609356,0.004619461,56.68066768,0.0556647,0.055609356,31.49230926
RIFT VALLEY,NAKURU,KURESOI NORTH,USHINDI DETERGENT,0,0,,62.60669506,,0,31.30334753
RIFT VALLEY,NAKURU,KURESOI NORTH,USHINDI LIQUID DISHWASH,272.983,0.069220784,0.008572102,,0.069318161,0.069220784,
RIFT VALLEY,NAKURU,KURESOI NORTH,USHINDI PASTE DISHWASH,51.4,0.030472563,0.003829077,,0.030587955,0.030472563,
RIFT VALLEY,NAKURU,KURESOI NORTH,WHITE WASH (PWANI OIL PRODUCTS),26.425,0.000413986,0.000220873,47.00378801,0.000419541,0.000413986,23.52135292
RIFT VALLEY,NAKURU,KURESOI SOUTH,AFRISENSE,5.3,0.008125869,0.001452611,59.30135799,0.008320512,0.008125869,30.13255403
RIFT VALLEY,NAKURU,KURESOI SOUTH,BELLEZA (PWANI OIL PRODUCTS),27.09233333,0.037430168,0.002139913,49.90524051,0.037967616,0.037430168,26.82058177
RIFT VALLEY,NAKURU,KURESOI SOUTH,DETREX,79.8685,0.017602952,0.00191278,62.82291179,0.017637663,0.017602952,32.51732457
RIFT VALLEY,NAKURU,KURESOI SOUTH,DIVA GLYCERIN,70.17544444,0.215622273,0.035678852,,0.21653074,0.215622273,
RIFT VALLEY,NAKURU,KURESOI SOUTH,FRESCO (PWANI OIL PRODUCTS),36.455125,0.058128393,0.004516623,50.1331621,0.058429119,0.058128393,27.98074122
RIFT VALLEY,NAKURU,KURESOI SOUTH,FRESH FRI,3909.4525,0.068230641,0.006456772,35.95963703,0.068274153,0.068230641,20.4333676
RIFT VALLEY,NAKURU,KURESOI SOUTH,FRYMATE,19.5,0.001040554,0.000162208,41.1726797,0.001067908,0.001040554,20.62918226
RIFT VALLEY,NAKURU,KURESOI SOUTH,MPISHI POA,16.75466667,0.00197687,0.000274409,44.90797803,0.002258642,0.00197687,22.54276625
RIFT VALLEY,NAKURU,KURESOI SOUTH,ONJA,32,0.023488071,0.002616196,48.0155273,0.023668639,0.023488071,25.13555577
RIFT VALLEY,NAKURU,KURESOI SOUTH,RAINBOW WASHING POWDER,15.26,0.014958284,0.006696331,,0.015153923,0.014958284,
RIFT VALLEY,NAKURU,KURESOI SOUTH,SALIT,1006.85,0.017657321,0.001520979,32.21380624,0.01770349,0.017657321,16.67571263
RIFT VALLEY,NAKURU,KURESOI SOUTH,SAWA CANDLES,2.8,0.002303331,0.000234919,,0.002480071,0.002303331,
RIFT VALLEY,NAKURU,KURESOI SOUTH,SAWA GLYCERIN,115.5846389,0.073732126,0.005453016,,0.074091519,0.073732126,
RIFT VALLEY,NAKURU,KURESOI SOUTH,SAWA MILKING JELLY,301.4948889,0.134566394,0.007019678,,0.134645239,0.134566394,
RIFT VALLEY,NAKURU,KURESOI SOUTH,SAWA PETROLLEUM JELLY,3.97375,0.040069309,0.002542004,67.7751565,0.040484953,0.040069309,36.60328194
RIFT VALLEY,NAKURU,KURESOI SOUTH,SAWA SOAP,1336.71475,0.040328593,0.004623224,,0.040372069,0.040328593,
RIFT VALLEY,NAKURU,KURESOI SOUTH,USHINDI BAR,286.125,0.031882028,0.002650511,56.68066768,0.031938762,0.031882028,30.14742845
RIFT VALLEY,NAKURU,KURESOI SOUTH,USHINDI DETERGENT,0,0,,62.60669506,,0,31.30334753
RIFT VALLEY,NAKURU,KURESOI SOUTH,USHINDI LIQUID DISHWASH,15.21483333,0.003759254,0.00047777,,0.00386348,0.003759254,
RIFT VALLEY,NAKURU,KURESOI SOUTH,USHINDI PASTE DISHWASH,2.4,0.001309368,0.00017879,,0.001428231,0.001309368,
RIFT VALLEY,NAKURU,KURESOI SOUTH,WHITE WASH (PWANI OIL PRODUCTS),20.65,0.000322298,0.000172603,47.00378801,0.000327853,0.000322298,23.51704323
RIFT VALLEY,NAKURU,MOLO,4U SOAP,231,0.092405063,0.015475054,,0.09697733,0.092405063,
RIFT VALLEY,NAKURU,MOLO,AFRISENSE,48.3525,0.075727599,0.013252334,59.30135799,0.075908977,0.075727599,34.14142845
RIFT VALLEY,NAKURU,MOLO,BELLEZA (PWANI OIL PRODUCTS),118.7281667,0.165921788,0.009377852,49.90524051,0.166387493,0.165921788,33.23298698
RIFT VALLEY,NAKURU,MOLO,DETREX,241.5116667,0.053300485,0.005783992,62.82291179,0.053333935,0.053300485,34.75994755
RIFT VALLEY,NAKURU,MOLO,DIRIA,36,0.000882953,0.000435557,46.67976471,0.001323846,0.000882953,23.38109842
RIFT VALLEY,NAKURU,MOLO,DIVA (PWANI OIL PRODUCTS),4.8,0.007638889,0.001833321,50.59946771,0.00832755,0.007638889,25.68625757
RIFT VALLEY,NAKURU,MOLO,DIVA GLYCERIN,74.26777778,0.228264066,0.037759491,,0.229157891,0.228264066,
RIFT VALLEY,NAKURU,MOLO,FRESCO (PWANI OIL PRODUCTS),78.48808333,0.125519004,0.009724313,50.1331621,0.125798212,0.125519004,31.3592456
RIFT VALLEY,NAKURU,MOLO,FRESH FRI,9052.4275,0.15805106,0.014950804,35.95963703,0.158090377,0.15805106,23.66327725
RIFT VALLEY,NAKURU,MOLO,FRYMATE,31,0.001670363,0.00025787,41.1726797,0.0016977,0.001670363,20.65511319
RIFT VALLEY,NAKURU,MOLO,MPISHI POA,318.698,0.042692364,0.005219655,44.90797803,0.042962641,0.042692364,24.37121675
RIFT VALLEY,NAKURU,MOLO,NDUME,1420,0.041087963,0.003842356,28.18658695,0.041087963,0.041087963,15.25142292
RIFT VALLEY,NAKURU,MOLO,ONJA,290.75,0.214906603,0.023770592,48.0155273,0.215051775,0.214906603,34.32661749
RIFT VALLEY,NAKURU,MOLO,POPCO,224.512,0.018180787,0.003437777,45.97764899,0.020229682,0.018180787,23.82473435
RIFT VALLEY,NAKURU,MOLO,POPCO BAR,400,0.049543677,0.02875629,,0.052015605,0.049543677,
RIFT VALLEY,NAKURU,MOLO,RAINBOW WASHING POWDER,24.2,0.023837902,0.010619345,,0.024031778,0.023837902,
RIFT VALLEY,NAKURU,MOLO,SALIT,10665.391,0.187491877,0.016111474,32.21380624,0.187530065,0.187491877,22.14673013
RIFT VALLEY,NAKURU,MOLO,SAWA CANDLES,175.8,0.15556343,0.01474956,,0.15571302,0.15556343,
RIFT VALLEY,NAKURU,MOLO,SAWA GLYCERIN,257.1715833,0.164526748,0.012132761,,0.164850913,0.164526748,
RIFT VALLEY,NAKURU,MOLO,SAWA HANDWASH,1.028333333,0,0.000899652,,0.007551049,0,
RIFT VALLEY,NAKURU,MOLO,SAWA MILKING JELLY,878.3008333,0.392186849,0.020449399,,0.392242224,0.392186849,
RIFT VALLEY,NAKURU,MOLO,SAWA PETROLLEUM JELLY,26.3075,0.267706303,0.016828884,67.7751565,0.268023382,0.267706303,52.03141482
RIFT VALLEY,NAKURU,MOLO,SAWA SOAP,2670.843278,0.080624377,0.009237503,,0.080666028,0.080624377,
RIFT VALLEY,NAKURU,MOLO,USHINDI BAR,1134.4,0.12657645,0.010508481,56.68066768,0.126627635,0.12657645,35.51477152
RIFT VALLEY,NAKURU,MOLO,USHINDI DETERGENT,0,0,,62.60669506,,0,31.30334753
RIFT VALLEY,NAKURU,MOLO,USHINDI LIQUID DISHWASH,282.5349167,0.071646542,0.008872047,,0.071743665,0.071646542,
RIFT VALLEY,NAKURU,MOLO,USHINDI PASTE DISHWASH,57.6,0.0341626,0.00429095,,0.034277553,0.0341626,
RIFT VALLEY,NAKURU,MOLO,WHITE WASH (PWANI OIL PRODUCTS),83.05,0.001313007,0.000694174,47.00378801,0.001318556,0.001313007,23.5636103
RIFT VALLEY,NAKURU,NAIVASHA,AFRISENSE,49.43,0.077419507,0.013547653,59.30135799,0.077600553,0.077419507,34.24176088
RIFT VALLEY,NAKURU,NAIVASHA,BELLEZA (PWANI OIL PRODUCTS),624.1197083,0.874581006,0.049296661,49.90524051,0.874651033,0.874581006,68.59879568
RIFT VALLEY,NAKURU,NAIVASHA,DETREX,1834.04575,0.404998238,0.043923786,62.82291179,0.405019261,0.404998238,56.85462445
RIFT VALLEY,NAKURU,NAIVASHA,DIRIA,29.5,0.00064382,0.000356915,46.67976471,0.001084818,0.00064382,23.36993573
RIFT VALLEY,NAKURU,NAIVASHA,DIVA (PWANI OIL PRODUCTS),297.4,0.515625,0.113589489,50.59946771,0.515961138,0.515625,51.39008439
RIFT VALLEY,NAKURU,NAIVASHA,DIVA GLYCERIN,86.37744444,0.26567253,0.043916331,,0.266523028,0.26567253,
RIFT VALLEY,NAKURU,NAIVASHA,FRESCO (PWANI OIL PRODUCTS),317.6376875,0.50894283,0.039353851,50.1331621,0.509099617,0.50894283,50.58149443
RIFT VALLEY,NAKURU,NAIVASHA,FRESH FRI,24536.96733,0.428483611,0.040524753,35.95963703,0.4285103,0.428483611,33.38793363
RIFT VALLEY,NAKURU,NAIVASHA,FRYKING,39,0.021226415,0.0228471,48.02422195,0.030373832,0.021226415,25.03149304
RIFT VALLEY,NAKURU,NAIVASHA,FRYMATE,796,0.043566363,0.006621426,41.1726797,0.043592552,0.043566363,22.38008375
RIFT VALLEY,NAKURU,NAIVASHA,MPISHI POA,872.6586667,0.117391089,0.014292455,44.90797803,0.117640276,0.117391089,27.72578546
RIFT VALLEY,NAKURU,NAIVASHA,NDUME,13156.4,0.38068287,0.035599696,28.18658695,0.38068287,0.38068287,24.8234443
RIFT VALLEY,NAKURU,NAIVASHA,ONJA,175.5,0.129646754,0.014348199,48.0155273,0.129807692,0.129646754,30.23282092
RIFT VALLEY,NAKURU,NAIVASHA,POPCO,2225.692,0.198874437,0.03408028,45.97764899,0.200546253,0.198874437,32.13260354
RIFT VALLEY,NAKURU,NAIVASHA,RAINBOW WASHING POWDER,67.5,0.066845451,0.029620073,,0.067030785,0.066845451,
RIFT VALLEY,NAKURU,NAIVASHA,SALIT,21108.52683,0.37112265,0.031887203,32.21380624,0.371152207,0.37112265,28.06217625
RIFT VALLEY,NAKURU,NAIVASHA,SAWA CANDLES,306.2,0.271084337,0.025690075,,0.271213463,0.271084337,
RIFT VALLEY,NAKURU,NAIVASHA,SAWA GLYCERIN,804.3695069,0.515425124,0.037948294,,0.51561314,0.515425124,
RIFT VALLEY,NAKURU,NAIVASHA,SAWA HANDWASH,6.165,0.038005512,0.00539354,,0.04526958,0.038005512,
RIFT VALLEY,NAKURU,NAIVASHA,SAWA MILKING JELLY,1597.619611,0.71345821,0.037197233,,0.713484315,0.71345821,
RIFT VALLEY,NAKURU,NAIVASHA,SAWA PETROLLEUM JELLY,86.50875,0.881308209,0.055339568,67.7751565,0.881359602,0.881308209,93.61838003
RIFT VALLEY,NAKURU,NAIVASHA,SAWA SOAP,33109.88936,1,0.114515411,,1,1,
RIFT VALLEY,NAKURU,NAIVASHA,USHINDI BAR,5295.625,0.591101275,0.049055867,56.68066768,0.591125238,0.591101275,61.84434878
RIFT VALLEY,NAKURU,NAIVASHA,USHINDI DETERGENT,0,0,,62.60669506,,0,31.30334753
RIFT VALLEY,NAKURU,NAIVASHA,USHINDI LIQUID DISHWASH,1091.364,0.27705278,0.034270571,,0.277128413,0.27705278,
RIFT VALLEY,NAKURU,NAIVASHA,USHINDI PASTE DISHWASH,190.8,0.113438876,0.014213773,,0.113544394,0.113438876,
RIFT VALLEY,NAKURU,NAIVASHA,WHITE WASH (PWANI OIL PRODUCTS),2651.895,0.042097906,0.022165872,47.00378801,0.042103228,0.042097906,25.48065503
RIFT VALLEY,NAKURU,NAKURU TOWN EAST,4U SOAP,987,0.411392405,0.066120685,,0.414357683,0.411392405,
RIFT VALLEY,NAKURU,NAKURU TOWN EAST,AFRISENSE,636.98,1,0.174581912,59.30135799,1,1,88.95203699
RIFT VALLEY,NAKURU,NAKURU TOWN EAST,BELLEZA (PWANI OIL PRODUCTS),713.56425,1,0.056361519,49.90524051,1,1,74.85786077
RIFT VALLEY,NAKURU,NAKURU TOWN EAST,DETREX,2763.873056,0.610342775,0.066192333,62.82291179,0.610356543,0.610342775,69.75496619
RIFT VALLEY,NAKURU,NAKURU TOWN EAST,DIRIA,84,0.00264886,0.0010163,46.67976471,0.003088973,0.00264886,23.46353054
RIFT VALLEY,NAKURU,NAKURU TOWN EAST,DIVA (PWANI OIL PRODUCTS),576.4,1,0.220151249,50.59946771,1,1,75.89920157
RIFT VALLEY,NAKURU,NAKURU TOWN EAST,DIVA GLYCERIN,224.2811944,0.691676607,0.114029852,,0.692033707,0.691676607,
RIFT VALLEY,NAKURU,NAKURU TOWN EAST,FRESCO (PWANI OIL PRODUCTS),623.9205,1,0.077300886,50.1331621,1,1,75.19974315
RIFT VALLEY,NAKURU,NAKURU TOWN EAST,FRESH FRI,34847.616,0.608555802,0.057553609,35.95963703,0.608574082,0.608555802,39.86326428
RIFT VALLEY,NAKURU,NAKURU TOWN EAST,FRYMATE,12412.7,0.679766697,0.103253482,41.1726797,0.679775465,0.679766697,48.57415633
RIFT VALLEY,NAKURU,NAKURU TOWN EAST,MPISHI POA,5661.036,0.763078958,0.092716781,44.90797803,0.763145848,0.763078959,56.72232212
RIFT VALLEY,NAKURU,NAKURU TOWN EAST,NDUME,18393.875,0.532230179,0.049771698,28.18658695,0.532230179,0.532230179,29.0950457
RIFT VALLEY,NAKURU,NAKURU TOWN EAST,ONJA,1352,1,0.110534276,48.0155273,1,1,72.02329095
RIFT VALLEY,NAKURU,NAKURU TOWN EAST,POPCO,3489.152,0.312956727,0.053426654,45.97764899,0.314390473,0.312956727,37.37783905
RIFT VALLEY,NAKURU,NAKURU TOWN EAST,POPCO BAR,470,0.058670143,0.033788641,,0.061118336,0.058670143,
RIFT VALLEY,NAKURU,NAKURU TOWN EAST,RAINBOW WASHING POWDER,60.5,0.059892729,0.026548362,,0.060079444,0.059892729,
RIFT VALLEY,NAKURU,NAKURU TOWN EAST,SALIT,56872.966,1,0.085914086,32.21380624,1,1,48.32070936
RIFT VALLEY,NAKURU,NAKURU TOWN EAST,SAWA BODY WASH,130.6,1,0.168321564,,1,1,
RIFT VALLEY,NAKURU,NAKURU TOWN EAST,SAWA CANDLES,595.6,0.527462792,0.049970635,,0.527546501,0.527462792,
RIFT VALLEY,NAKURU,NAKURU TOWN EAST,SAWA GLYCERIN,1560.025229,1,0.073598385,,1,1,
RIFT VALLEY,NAKURU,NAKURU TOWN EAST,SAWA HANDWASH,15.93333333,0.110280109,0.013939507,,0.116998427,0.110280109,
RIFT VALLEY,NAKURU,NAKURU TOWN EAST,SAWA MILKING JELLY,2239.179722,1,0.052134619,,1,1,
RIFT VALLEY,NAKURU,NAKURU TOWN EAST,SAWA PETROLLEUM JELLY,58.2675,0.593458956,0.037273666,67.7751565,0.593634986,0.593458956,74.10935187
RIFT VALLEY,NAKURU,NAKURU TOWN EAST,SAWA SOAP,21760.61107,0.657208384,0.075262267,,0.657223914,0.657208384,
RIFT VALLEY,NAKURU,NAKURU TOWN EAST,USHINDI BAR,8958.55,1,0.082987266,56.68066768,1,1,85.02100152
RIFT VALLEY,NAKURU,NAKURU TOWN EAST,USHINDI DETERGENT,0,0,,62.60669506,,0,31.30334753
RIFT VALLEY,NAKURU,NAKURU TOWN EAST,USHINDI LIQUID DISHWASH,3938.116583,1,0.123663144,,1,1,
RIFT VALLEY,NAKURU,NAKURU TOWN EAST,USHINDI PASTE DISHWASH,1481,0.881323652,0.110328079,,0.881337777,0.881323652,
RIFT VALLEY,NAKURU,NAKURU TOWN EAST,WHITE WASH (PWANI OIL PRODUCTS),2309.586667,0.036663163,0.019304686,47.00378801,0.036668516,0.036663163,25.22520156
RIFT VALLEY,NAKURU,NAKURU TOWN WEST,4U SOAP,462,0.189873418,0.030950108,,0.19395466,0.189873418,
RIFT VALLEY,NAKURU,NAKURU TOWN WEST,AFRISENSE,257.665,0.404393465,0.07062019,59.30135799,0.404510346,0.404393465,53.63176062
RIFT VALLEY,NAKURU,NAKURU TOWN WEST,BELLEZA (PWANI OIL PRODUCTS),243.1337708,0.340363128,0.019204141,49.90524051,0.340731435,0.340363128,41.93852404
RIFT VALLEY,NAKURU,NAKURU TOWN WEST,DETREX,699.2013056,0.154377391,0.016745257,62.82291179,0.154407269,0.154377391,41.10989309
RIFT VALLEY,NAKURU,NAKURU TOWN WEST,DIVA (PWANI OIL PRODUCTS),205.3,0.355729167,0.07841265,50.59946771,0.356176266,0.355729167,43.29944034
RIFT VALLEY,NAKURU,NAKURU TOWN WEST,DIVA GLYCERIN,324.0899861,1,0.164774997,,1,1,
RIFT VALLEY,NAKURU,NAKURU TOWN WEST,FRESCO (PWANI OIL PRODUCTS),152.6931875,0.244490578,0.018917985,50.1331621,0.244731801,0.244490578,37.32366683
RIFT VALLEY,NAKURU,NAKURU TOWN WEST,FRESH FRI,7558.664667,0.131962968,0.012483736,35.95963703,0.132003504,0.131962968,22.72515894
RIFT VALLEY,NAKURU,NAKURU TOWN WEST,FRYMATE,8807,0.482296887,0.073259921,41.1726797,0.482311062,0.482296887,40.44379508
RIFT VALLEY,NAKURU,NAKURU TOWN WEST,MPISHI POA,4951.81,0.667443508,0.081101036,44.90797803,0.667537398,0.667443508,52.42752739
RIFT VALLEY,NAKURU,NAKURU TOWN WEST,NDUME,6350,0.183738426,0.017182365,28.18658695,0.183738426,0.183738426,19.27225259
RIFT VALLEY,NAKURU,NAKURU TOWN WEST,ONJA,352.5,0.260588127,0.028819033,48.0155273,0.260724852,0.260588127,36.52003995
RIFT VALLEY,NAKURU,NAKURU TOWN WEST,POPCO,588.036,0.05100466,0.009004135,45.97764899,0.052985057,0.05100466,25.33389886
RIFT VALLEY,NAKURU,NAKURU TOWN WEST,RAINBOW WASHING POWDER,52.5,0.051946762,0.023037835,,0.052135055,0.051946762,
RIFT VALLEY,NAKURU,NAKURU TOWN WEST,SALIT,30610.84517,0.538210207,0.046241703,32.21380624,0.538231911,0.538210207,33.44470245
RIFT VALLEY,NAKURU,NAKURU TOWN WEST,SAWA BODY WASH,83.94,0.634010511,0.108184625,,0.642725881,0.634010511,
RIFT VALLEY,NAKURU,NAKURU TOWN WEST,SAWA CANDLES,520.8,0.461197732,0.043694941,,0.46129318,0.461197732,
RIFT VALLEY,NAKURU,NAKURU TOWN WEST,SAWA GLYCERIN,703.3975764,0.450675452,0.033184672,,0.45088859,0.450675452,
RIFT VALLEY,NAKURU,NAKURU TOWN WEST,SAWA HANDWASH,2.056666667,0.007608501,0.001799305,,0.015102098,0.007608501,
RIFT VALLEY,NAKURU,NAKURU TOWN WEST,SAWA MILKING JELLY,739.8186667,0.330336171,0.017225131,,0.33039718,0.330336171,
RIFT VALLEY,NAKURU,NAKURU TOWN WEST,SAWA PETROLLEUM JELLY,12.68625,0.128871562,0.008115383,67.7751565,0.129248755,0.128871562,42.62186851
RIFT VALLEY,NAKURU,NAKURU TOWN WEST,SAWA SOAP,8040.019458,0.242794035,0.027807587,,0.24282834,0.242794035,
RIFT VALLEY,NAKURU,NAKURU TOWN WEST,USHINDI BAR,3517.2,0.392572582,0.032581479,56.68066768,0.392608179,0.392572582,50.59160988
RIFT VALLEY,NAKURU,NAKURU TOWN WEST,USHINDI DETERGENT,0,0,,62.60669506,,0,31.30334753
RIFT VALLEY,NAKURU,NAKURU TOWN WEST,USHINDI LIQUID DISHWASH,1510.001667,0.383367933,0.047416462,,0.383432444,0.383367933,
RIFT VALLEY,NAKURU,NAKURU TOWN WEST,USHINDI PASTE DISHWASH,489.2,0.291036781,0.036443279,,0.291121162,0.291036781,
RIFT VALLEY,NAKURU,NAKURU TOWN WEST,WHITE WASH (PWANI OIL PRODUCTS),623.1666667,0.009888302,0.00520874,47.00378801,0.009893804,0.009888302,23.96668165
RIFT VALLEY,NAKURU,NAKURU TOWN WEST,,6.21,,,,,,
RIFT VALLEY,NAKURU,NJORO,4U SOAP,516,0.212658228,0.034567653,,0.216624685,0.212658228,
RIFT VALLEY,NAKURU,NJORO,AFRISENSE,84.9775,0.133236765,0.023290424,59.30135799,0.133406857,0.133236765,37.5518001
RIFT VALLEY,NAKURU,NJORO,BELLEZA (PWANI OIL PRODUCTS),98.50852083,0.137569832,0.007780785,49.90524051,0.138051368,0.137569832,31.81807583
RIFT VALLEY,NAKURU,NJORO,DETREX,218.6695833,0.048256003,0.005236945,62.82291179,0.048289631,0.048256003,34.44303851
RIFT VALLEY,NAKURU,NJORO,DIRIA,72,0.002207384,0.000871114,46.67976471,0.002647692,0.002207384,23.44292251
RIFT VALLEY,NAKURU,NJORO,DIVA GLYCERIN,282.5998333,0.871831083,0.143680424,,0.871979529,0.871831083,
RIFT VALLEY,NAKURU,NJORO,FRESCO (PWANI OIL PRODUCTS),101.9946667,0.163206643,0.012636671,50.1331621,0.163473819,0.163206643,33.24864615
RIFT VALLEY,NAKURU,NJORO,FRESH FRI,8149.8585,0.14228798,0.013460139,35.95963703,0.142328033,0.14228798,23.09644262
RIFT VALLEY,NAKURU,NJORO,FRYMATE,165.5,0.009036392,0.001376691,41.1726797,0.009063527,0.009036392,20.95839232
RIFT VALLEY,NAKURU,NJORO,MPISHI POA,325.0571667,0.043549864,0.005323805,44.90797803,0.043819899,0.043549864,24.40972537
RIFT VALLEY,NAKURU,NJORO,NDUME,1439.6,0.041655093,0.003895391,28.18658695,0.041655093,0.041655093,15.26740836
RIFT VALLEY,NAKURU,NJORO,ONJA,502.25,0.371370446,0.041062012,48.0155273,0.371486686,0.371370446,41.83931142
RIFT VALLEY,NAKURU,NJORO,POPCO,474.02,0.040709751,0.007258297,45.97764899,0.042711631,0.040709751,24.86056312
RIFT VALLEY,NAKURU,NJORO,POPCO BAR,250,0.029986962,0.017972682,,0.032509753,0.029986962,
RIFT VALLEY,NAKURU,NJORO,RAINBOW WASHING POWDER,5.86,0.005621772,0.002571461,,0.005819265,0.005621772,
RIFT VALLEY,NAKURU,NJORO,SALIT,16751.31417,0.294505976,0.02530506,32.21380624,0.294539134,0.294505976,25.59406158
RIFT VALLEY,NAKURU,NJORO,SAWA BODY WASH,40.4,0.292493529,0.052068845,,0.309341501,0.292493529,
RIFT VALLEY,NAKURU,NJORO,SAWA CANDLES,4.8,0.004075124,0.000402718,,0.00425155,0.004075124,
RIFT VALLEY,NAKURU,NJORO,SAWA GLYCERIN,286.3120556,0.183213487,0.013507541,,0.183530401,0.183213487,
RIFT VALLEY,NAKURU,NJORO,SAWA MILKING JELLY,1205.018833,0.538109825,0.028056344,,0.538151905,0.538109825,
RIFT VALLEY,NAKURU,NJORO,SAWA PETROLLEUM JELLY,12.665,0.128654971,0.008101789,67.7751565,0.129032258,0.128654971,42.60718903
RIFT VALLEY,NAKURU,NJORO,SAWA SOAP,2741.047181,0.082744804,0.009480314,,0.082786359,0.082744804,
RIFT VALLEY,NAKURU,NJORO,USHINDI BAR,638.2,0.071184776,0.005911947,56.68066768,0.071239207,0.071184776,32.37513445
RIFT VALLEY,NAKURU,NJORO,USHINDI DETERGENT,0,0,,62.60669506,,0,31.30334753
RIFT VALLEY,NAKURU,NJORO,USHINDI LIQUID DISHWASH,505.5181667,0.128274266,0.015874077,,0.128365465,0.128274266,
RIFT VALLEY,NAKURU,NJORO,USHINDI PASTE DISHWASH,191,0.11355791,0.014228672,,0.113663413,0.11355791,
RIFT VALLEY,NAKURU,NJORO,WHITE WASH (PWANI OIL PRODUCTS),63.7,0.001005792,0.000532437,47.00378801,0.001011343,0.001005792,23.54917003
RIFT VALLEY,NAKURU,OL JOROK,BELLEZA (PWANI OIL PRODUCTS),4.781,0.006145251,0.000377632,49.90524051,0.006700168,0.006145251,25.2593005
RIFT VALLEY,NAKURU,OL JOROK,FRESCO (PWANI OIL PRODUCTS),2.3905,0.003513255,0.000296172,50.1331621,0.003831418,0.003513255,25.24271161
RIFT VALLEY,NAKURU,OL JOROK,NDUME,0,0,0,28.18658695,0,0,14.09329348
RIFT VALLEY,NAKURU,OL JOROK,POPCO,53.456,0.002735533,0.00081853,45.97764899,0.00481666,0.002735533,23.11459789
RIFT VALLEY,NAKURU,OL JOROK,SALIT,178.202,0.00308648,0.000269198,32.21380624,0.003133334,0.00308648,16.20633038
RIFT VALLEY,NAKURU,OL JOROK,SAWA MILKING JELLY,10.84183333,0.004751205,0.000252429,,0.004841877,0.004751205,
RIFT VALLEY,NAKURU,RONGAI,4U SOAP,606,0.250632911,0.040596895,,0.25440806,0.250632911,
RIFT VALLEY,NAKURU,RONGAI,AFRISENSE,425.0475,0.667220168,0.116495973,59.30135799,0.667285472,0.667220168,69.21774103
RIFT VALLEY,NAKURU,RONGAI,BELLEZA (PWANI OIL PRODUCTS),403.0980625,0.564664804,0.031839066,49.90524051,0.564907873,0.564664804,53.13235313
RIFT VALLEY,NAKURU,RONGAI,DETREX,331.7359167,0.073225751,0.007944784,62.82291179,0.073258497,0.073225751,36.01171081
RIFT VALLEY,NAKURU,RONGAI,DIVA (PWANI OIL PRODUCTS),273.2,0.473611111,0.104346498,50.59946771,0.473976405,0.473611111,49.26420398
RIFT VALLEY,NAKURU,RONGAI,DIVA GLYCERIN,216.3472639,0.667167579,0.109996054,,0.667553066,0.667167579,
RIFT VALLEY,NAKURU,RONGAI,FRESCO (PWANI OIL PRODUCTS),199.009125,0.318748004,0.024656317,50.1331621,0.318965517,0.318748004,41.0464264
RIFT VALLEY,NAKURU,RONGAI,FRESH FRI,8484.005167,0.148123745,0.014012009,35.95963703,0.148163526,0.148123745,23.30629461
RIFT VALLEY,NAKURU,RONGAI,FRYKING,36,0.018867925,0.021089631,48.02422195,0.028037383,0.018867925,24.91822837
RIFT VALLEY,NAKURU,RONGAI,FRYMATE,11996.5,0.656973083,0.099791375,41.1726797,0.656982475,0.656973083,47.63568215
RIFT VALLEY,NAKURU,RONGAI,MPISHI POA,7418.026333,1,0.121492872,44.90797803,1,1,67.36196705
RIFT VALLEY,NAKURU,RONGAI,NDUME,3895.075,0.112704716,0.010539622,28.18658695,0.112704716,0.112704716,17.27005476
RIFT VALLEY,NAKURU,RONGAI,ONJA,937.25,0.693175513,0.076625925,48.0155273,0.693232249,0.693175513,57.29095143
RIFT VALLEY,NAKURU,RONGAI,POPCO,490.01,0.042153545,0.00750314,45.97764899,0.044152412,0.042153545,24.92694537
RIFT VALLEY,NAKURU,RONGAI,RAINBOW WASHING POWDER,37.44,0.036988478,0.016429267,,0.037179742,0.036988478,
RIFT VALLEY,NAKURU,RONGAI,SALIT,21018.811,0.369545098,0.031751675,32.21380624,0.369574729,0.369545098,28.0113573
RIFT VALLEY,NAKURU,RONGAI,SAWA BODY WASH,105.73,0.804925877,0.136268292,,0.80957121,0.804925877,
RIFT VALLEY,NAKURU,RONGAI,SAWA CANDLES,543.2,0.481041814,0.045574293,,0.481133747,0.481041814,
RIFT VALLEY,NAKURU,RONGAI,SAWA GLYCERIN,754.1752569,0.483237355,0.035580246,,0.483437859,0.483237355,
RIFT VALLEY,NAKURU,RONGAI,SAWA MILKING JELLY,1412.294222,0.630685812,0.032882318,,0.630719459,0.630685812,
RIFT VALLEY,NAKURU,RONGAI,SAWA PETROLLEUM JELLY,20.1875,0.205328135,0.012913925,67.7751565,0.205672223,0.205328135,47.80372474
RIFT VALLEY,NAKURU,RONGAI,SAWA SOAP,4687.18975,0.141525753,0.016211334,,0.141564646,0.141525753,
RIFT VALLEY,NAKURU,RONGAI,USHINDI BAR,4087.875,0.45627803,0.03786791,56.68066768,0.456309894,0.45627803,54.20247723
RIFT VALLEY,NAKURU,RONGAI,USHINDI DETERGENT,0,0,,62.60669506,,0,31.30334753
RIFT VALLEY,NAKURU,RONGAI,USHINDI LIQUID DISHWASH,1224.628583,0.310895995,0.038455292,,0.310968088,0.310895995,
RIFT VALLEY,NAKURU,RONGAI,USHINDI PASTE DISHWASH,573.8,0.34138793,0.042745612,,0.341466318,0.34138793,
RIFT VALLEY,NAKURU,RONGAI,WHITE WASH (PWANI OIL PRODUCTS),841.425,0.013353534,0.007033053,47.00378801,0.013359016,0.013353534,24.12956068
RIFT VALLEY,NAKURU,SUBUKIA,4U SOAP,804.5,0.334388186,0.053894723,,0.337741394,0.334388186,
RIFT VALLEY,NAKURU,SUBUKIA,AFRISENSE,140.8675,0.220996145,0.038608618,59.30135799,0.221149016,0.220996145,42.75605051
RIFT VALLEY,NAKURU,SUBUKIA,BELLEZA (PWANI OIL PRODUCTS),103.8871458,0.145111732,0.00820562,49.90524051,0.145589056,0.145111732,32.19445613
RIFT VALLEY,NAKURU,SUBUKIA,DETREX,92.0415,0.020291256,0.002204313,62.82291179,0.020325873,0.020291256,32.68621169
RIFT VALLEY,NAKURU,SUBUKIA,DIRIA,384,0.013685779,0.004645943,46.67976471,0.014121022,0.013685779,23.9787313
RIFT VALLEY,NAKURU,SUBUKIA,DIVA (PWANI OIL PRODUCTS),5.6,0.009027778,0.002138874,50.59946771,0.009715475,0.009027778,25.75653461
RIFT VALLEY,NAKURU,SUBUKIA,DIVA GLYCERIN,2.815208333,0.007537031,0.001431318,,0.008686502,0.007537031,
RIFT VALLEY,NAKURU,SUBUKIA,FRESCO (PWANI OIL PRODUCTS),93.62791667,0.149792399,0.011600069,50.1331621,0.150063857,0.149792399,32.57614765
RIFT VALLEY,NAKURU,SUBUKIA,FRESH FRI,4309.007,0.075208733,0.007116668,35.95963703,0.075251919,0.075208733,20.68429725
RIFT VALLEY,NAKURU,SUBUKIA,FRYMATE,280.5,0.015334483,0.002333304,41.1726797,0.015361446,0.015334483,21.21770162
RIFT VALLEY,NAKURU,SUBUKIA,MPISHI POA,829.6675,0.111593953,0.013588343,44.90797803,0.111844777,0.111593953,27.4654478
RIFT VALLEY,NAKURU,SUBUKIA,NDUME,4170.075,0.120661892,0.011283741,28.18658695,0.120661892,0.120661892,17.4943404
RIFT VALLEY,NAKURU,SUBUKIA,ONJA,186.75,0.137969299,0.015267956,48.0155273,0.138128698,0.137969299,30.6324323
RIFT VALLEY,NAKURU,SUBUKIA,POPCO,1072.764667,0.094772533,0.016426406,45.97764899,0.096661593,0.094772533,27.34624276
RIFT VALLEY,NAKURU,SUBUKIA,POPCO BAR,1430,0.183833116,0.102803738,,0.185955787,0.183833116,
RIFT VALLEY,NAKURU,SUBUKIA,SALIT,15572.966,0.273786052,0.023525011,32.21380624,0.273820184,0.273786052,24.92659395
RIFT VALLEY,NAKURU,SUBUKIA,SAWA CANDLES,25.4,0.022324592,0.002131051,,0.022497786,0.022324592,
RIFT VALLEY,NAKURU,SUBUKIA,SAWA GLYCERIN,118.8487569,0.075825288,0.00560701,,0.076183869,0.075825288,
RIFT VALLEY,NAKURU,SUBUKIA,SAWA HANDWASH,37,0.266149568,0.032369986,,0.271690909,0.266149568,
RIFT VALLEY,NAKURU,SUBUKIA,SAWA MILKING JELLY,1023.3145,0.456954709,0.023825739,,0.457004183,0.456954709,
RIFT VALLEY,NAKURU,SUBUKIA,SAWA PETROLLEUM JELLY,34.425,0.350444011,0.022021641,67.7751565,0.350725265,0.350444011,57.63897596
RIFT VALLEY,NAKURU,SUBUKIA,SAWA SOAP,1216.431167,0.036695568,0.004207206,,0.03673921,0.036695568,
RIFT VALLEY,NAKURU,SUBUKIA,USHINDI BAR,612.475,0.068313049,0.005673644,56.68066768,0.068367649,0.068313049,32.21236306
RIFT VALLEY,NAKURU,SUBUKIA,USHINDI DETERGENT,0,0,,62.60669506,,0,31.30334753
RIFT VALLEY,NAKURU,SUBUKIA,USHINDI LIQUID DISHWASH,798.0854167,0.2025732,0.025061156,,0.202656625,0.2025732,
RIFT VALLEY,NAKURU,SUBUKIA,USHINDI PASTE DISHWASH,185.6,0.110344007,0.013826395,,0.110449893,0.110344007,
RIFT VALLEY,NAKURU,SUBUKIA,WHITE WASH (PWANI OIL PRODUCTS),22.8,0.000356433,0.000190574,47.00378801,0.000361988,0.000356433,23.5186477
RIFT VALLEY,NANDI,ALDAI,4U SOAP,330,0.134177215,0.02210722,,0.138539043,0.134177215,
RIFT VALLEY,NANDI,ALDAI,AFRISENSE,25.1025,0.039220074,0.006880031,59.30135799,0.039408616,0.039220074,31.97648262
RIFT VALLEY,NANDI,ALDAI,BELLEZA (PWANI OIL PRODUCTS),123.0111458,0.171927374,0.009716147,49.90524051,0.172389726,0.171927374,33.53269722
RIFT VALLEY,NANDI,ALDAI,DETREX,369.422,0.081548406,0.008847333,62.82291179,0.081580858,0.081548406,36.5345642
RIFT VALLEY,NANDI,ALDAI,DIVA (PWANI OIL PRODUCTS),5.7,0.009201389,0.002177068,50.59946771,0.009888966,0.009201389,25.76531923
RIFT VALLEY,NANDI,ALDAI,DIVA GLYCERIN,0.375361111,0,0.000190842,,0.0011582,0,
RIFT VALLEY,NANDI,ALDAI,FRESCO (PWANI OIL PRODUCTS),74.1055,0.118492494,0.009181331,50.1331621,0.118773946,0.118492494,31.00698448
RIFT VALLEY,NANDI,ALDAI,FRESH FRI,3896.735833,0.068008548,0.006435769,35.95963703,0.068052071,0.068008548,20.42538123
RIFT VALLEY,NANDI,ALDAI,FRYMATE,4721,0.258522961,0.039271044,41.1726797,0.258543264,0.258522961,31.2304229
RIFT VALLEY,NANDI,ALDAI,MPISHI POA,1680,0.226256884,0.027515139,44.90797803,0.226475335,0.226256884,32.61472819
RIFT VALLEY,NANDI,ALDAI,NDUME,7296,0.211111111,0.019742132,28.18658695,0.211111111,0.211111111,20.04379516
RIFT VALLEY,NANDI,ALDAI,ONJA,185,0.136674681,0.015124882,48.0155273,0.13683432,0.136674681,30.57027053
RIFT VALLEY,NANDI,ALDAI,POPCO,1010.334,0.089135446,0.015470454,45.97764899,0.09103627,0.089135446,27.08706277
RIFT VALLEY,NANDI,ALDAI,SALIT,11873.98217,0.208743591,0.01793721,32.21380624,0.208780779,0.208743591,22.83132871
RIFT VALLEY,NANDI,ALDAI,SAWA BODY WASH,35.715,0.255745549,0.046030663,,0.273468606,0.255745549,
RIFT VALLEY,NANDI,ALDAI,SAWA CANDLES,68.6,0.060595322,0.005755516,,0.060761736,0.060595322,
RIFT VALLEY,NANDI,ALDAI,SAWA GLYCERIN,188.4233403,0.120440969,0.008889378,,0.120782239,0.120440969,
RIFT VALLEY,NANDI,ALDAI,SAWA HANDWASH,74.51333333,0.543705722,0.065189069,,0.547151223,0.543705722,
RIFT VALLEY,NANDI,ALDAI,SAWA MILKING JELLY,620.8488333,0.277200341,0.014455167,,0.277266191,0.277200341,
RIFT VALLEY,NANDI,ALDAI,SAWA PETROLLEUM JELLY,15.725,0.159844055,0.010059268,67.7751565,0.160207837,0.159844055,44.72103406
RIFT VALLEY,NANDI,ALDAI,SAWA SOAP,1552.421,0.046843747,0.005369276,,0.046886928,0.046843747,
RIFT VALLEY,NANDI,ALDAI,USHINDI BAR,1263.8,0.141021598,0.011707174,56.68066768,0.141071937,0.141021598,36.33353217
RIFT VALLEY,NANDI,ALDAI,USHINDI DETERGENT,0,0,,62.60669506,,0,31.30334753
RIFT VALLEY,NANDI,ALDAI,USHINDI LIQUID DISHWASH,166.6775,0.042223965,0.005233939,,0.042324166,0.042223965,
RIFT VALLEY,NANDI,ALDAI,USHINDI PASTE DISHWASH,240.2,0.142840138,0.017893859,,0.142942157,0.142840138,
RIFT VALLEY,NANDI,ALDAI,WHITE WASH (PWANI OIL PRODUCTS),676.8,0.010739825,0.005657035,47.00378801,0.010745322,0.010739825,24.00670644
RIFT VALLEY,NANDI,ALDAI,,6.21,,,,,,
RIFT VALLEY,NANDI,CHESUMEI,4U SOAP,162,0.063291139,0.010852635,,0.068010076,0.063291139,
RIFT VALLEY,NANDI,CHESUMEI,AFRISENSE,22.56,0.035227799,0.006183189,59.30135799,0.035417125,0.035227799,31.73973532
RIFT VALLEY,NANDI,CHESUMEI,BELLEZA (PWANI OIL PRODUCTS),99.5045625,0.13896648,0.007859458,49.90524051,0.139447236,0.13896648,31.88777588
RIFT VALLEY,NANDI,CHESUMEI,DETREX,524.4139167,0.115777066,0.012559253,62.82291179,0.115808309,0.115777066,38.68490833
RIFT VALLEY,NANDI,CHESUMEI,DIVA (PWANI OIL PRODUCTS),42,0.072222222,0.016041555,50.59946771,0.072866065,0.072222222,28.95413986
RIFT VALLEY,NANDI,CHESUMEI,FRESCO (PWANI OIL PRODUCTS),66.23677083,0.105876717,0.008206432,50.1331621,0.106162197,0.105876717,30.37451565
RIFT VALLEY,NANDI,CHESUMEI,FRESH FRI,6605.8785,0.115322861,0.010910134,35.95963703,0.115364174,0.115322861,22.12678675
RIFT VALLEY,NANDI,CHESUMEI,FRYKING,12,0,0.007029877,48.02422195,0.009345794,0,24.01211098
RIFT VALLEY,NANDI,CHESUMEI,FRYMATE,4560,0.249705633,0.037931786,41.1726797,0.249726177,0.249705633,30.86738988
RIFT VALLEY,NANDI,CHESUMEI,MPISHI POA,560.446,0.075290829,0.009179018,44.90797803,0.075551902,0.075290829,25.8351479
RIFT VALLEY,NANDI,CHESUMEI,NDUME,11922,0.344965278,0.032259553,28.18658695,0.344965278,0.344965278,23.81668727
RIFT VALLEY,NANDI,CHESUMEI,ONJA,146.25,0.108008138,0.011956833,48.0155273,0.108173077,0.108008138,29.19383133
RIFT VALLEY,NANDI,CHESUMEI,POPCO,767.97,0.06725154,0.011759324,45.97764899,0.069198032,0.06725154,26.0808922
RIFT VALLEY,NANDI,CHESUMEI,SALIT,26481.09283,0.465593167,0.040003169,32.21380624,0.465618284,0.465593167,31.10543119
RIFT VALLEY,NANDI,CHESUMEI,SAWA BODY WASH,17.09,0.109655659,0.022026153,,0.13085758,0.109655659,
RIFT VALLEY,NANDI,CHESUMEI,SAWA CANDLES,65.4,0.057760454,0.005487038,,0.057927369,0.057760454,
RIFT VALLEY,NANDI,CHESUMEI,SAWA GLYCERIN,282.7406111,0.180923248,0.013339049,,0.18124105,0.180923248,
RIFT VALLEY,NANDI,CHESUMEI,SAWA HANDWASH,61.665,0.448642616,0.053948519,,0.452805943,0.448642616,
RIFT VALLEY,NANDI,CHESUMEI,SAWA MILKING JELLY,442.4655,0.197528493,0.010301884,,0.197601602,0.197528493,
RIFT VALLEY,NANDI,CHESUMEI,SAWA PETROLLEUM JELLY,16.46875,0.167424735,0.010535044,67.7751565,0.167785235,0.167424735,45.23481584
RIFT VALLEY,NANDI,CHESUMEI,SAWA SOAP,1791.6335,0.054068879,0.006196627,,0.054111733,0.054068879,
RIFT VALLEY,NANDI,CHESUMEI,USHINDI BAR,1749.65,0.195257883,0.016207832,56.68066768,0.195305044,0.195257883,39.40768103
RIFT VALLEY,NANDI,CHESUMEI,USHINDI DETERGENT,0,0,,62.60669506,,0,31.30334753
RIFT VALLEY,NANDI,CHESUMEI,USHINDI LIQUID DISHWASH,149.708,0.037914474,0.00470107,,0.038015126,0.037914474,
RIFT VALLEY,NANDI,CHESUMEI,USHINDI PASTE DISHWASH,98.8,0.05868349,0.007360172,,0.058795525,0.05868349,
RIFT VALLEY,NANDI,CHESUMEI,WHITE WASH (PWANI OIL PRODUCTS),374.125,0.005934331,0.003127125,47.00378801,0.005939854,0.005934331,23.78083002
RIFT VALLEY,NANDI,EMGWEN,4U SOAP,393,0.160759494,0.026327689,,0.164987406,0.160759494,
RIFT VALLEY,NANDI,EMGWEN,AFRISENSE,19.1325,0.029845883,0.005243789,59.30135799,0.030036265,0.029845883,31.4205804
RIFT VALLEY,NANDI,EMGWEN,BELLEZA (PWANI OIL PRODUCTS),163.8488542,0.229189944,0.01294175,49.90524051,0.229620324,0.229189944,36.39039954
RIFT VALLEY,NANDI,EMGWEN,DETREX,1146.879917,0.253243445,0.027466767,62.82291179,0.253269831,0.253243445,47.32094652
RIFT VALLEY,NANDI,EMGWEN,DIVA (PWANI OIL PRODUCTS),30,0.051388889,0.011458254,50.59946771,0.052047189,0.051388889,27.89998428
RIFT VALLEY,NANDI,EMGWEN,FRESCO (PWANI OIL PRODUCTS),109.6641875,0.175503034,0.013586889,50.1331621,0.175766284,0.175503034,33.86510311
RIFT VALLEY,NANDI,EMGWEN,FRESH FRI,10357.99867,0.180852444,0.017107059,35.95963703,0.180890697,0.180852444,24.48320675
RIFT VALLEY,NANDI,EMGWEN,FRYMATE,5247,0.287329883,0.043646509,41.1726797,0.287349398,0.287329883,32.41648109
RIFT VALLEY,NANDI,EMGWEN,MPISHI POA,3390.587,0.456920677,0.055531234,44.90797803,0.457074004,0.456920677,42.97337272
RIFT VALLEY,NANDI,EMGWEN,NDUME,20099.75,0.581589988,0.054387598,28.18658695,0.581589988,0.581589988,30.48633025
RIFT VALLEY,NANDI,EMGWEN,ONJA,318,0.235065656,0.025998447,48.0155273,0.235207101,0.235065656,35.29456506
RIFT VALLEY,NANDI,EMGWEN,POPCO,3410.538,0.30585839,0.052222899,45.97764899,0.307306949,0.30585839,37.0514742
RIFT VALLEY,NANDI,EMGWEN,SALIT,29994.82033,0.527378105,0.045311116,32.21380624,0.527400318,0.527378105,33.0957592
RIFT VALLEY,NANDI,EMGWEN,SAWA BODY WASH,34.16,0.243548514,0.044026528,,0.261562021,0.243548514,
RIFT VALLEY,NANDI,EMGWEN,SAWA CANDLES,207.4,0.18355776,0.017400789,,0.183702391,0.18355776,
RIFT VALLEY,NANDI,EMGWEN,SAWA GLYCERIN,299.8477083,0.191893415,0.014146122,,0.192206961,0.191893415,
RIFT VALLEY,NANDI,EMGWEN,SAWA HANDWASH,74,0.539907637,0.064739972,,0.543381818,0.539907637,
RIFT VALLEY,NANDI,EMGWEN,SAWA MILKING JELLY,765.9060556,0.341987654,0.017832521,,0.342047603,0.341987654,
RIFT VALLEY,NANDI,EMGWEN,SAWA PETROLLEUM JELLY,9.03125,0.091617934,0.005777282,67.7751565,0.092011258,0.091617934,40.09699805
RIFT VALLEY,NANDI,EMGWEN,SAWA SOAP,4039.986,0.121977725,0.013972884,,0.122017502,0.121977725,
RIFT VALLEY,NANDI,EMGWEN,USHINDI BAR,2787.35,0.311098149,0.025820535,56.68066768,0.311138521,0.311098149,45.97358466
RIFT VALLEY,NANDI,EMGWEN,USHINDI DETERGENT,0,0,,62.60669506,,0,31.30334753
RIFT VALLEY,NANDI,EMGWEN,USHINDI FLOOR CLEANER,12.09,1,0.444444444,,1,1,
RIFT VALLEY,NANDI,EMGWEN,USHINDI LIQUID DISHWASH,341.777,0.086691369,0.010732343,,0.086786918,0.086691369,
RIFT VALLEY,NANDI,EMGWEN,USHINDI PASTE DISHWASH,399.4,0.237590763,0.029753568,,0.237681504,0.237590763,
RIFT VALLEY,NANDI,EMGWEN,WHITE WASH (PWANI OIL PRODUCTS),719.25,0.011413792,0.006011853,47.00378801,0.011419286,0.011413792,24.03838549
RIFT VALLEY,NANDI,KAPSERET,BELLEZA (PWANI OIL PRODUCTS),1.19525,0.001117318,9.44E-05,49.90524051,0.001675042,0.001117318,25.0083803
RIFT VALLEY,NANDI,KAPSERET,FRESCO (PWANI OIL PRODUCTS),0.597625,0.000638774,7.40E-05,50.1331621,0.000957854,0.000638774,25.09860479
RIFT VALLEY,NANDI,KAPSERET,FRESH FRI,60.588,0.00101145,0.000100066,35.95963703,0.001058101,0.00101145,18.01618987
RIFT VALLEY,NANDI,KAPSERET,FRYMATE,510,0.027903283,0.004242371,41.1726797,0.027929901,0.027903283,21.73519279
RIFT VALLEY,NANDI,KAPSERET,NDUME,60,0.001736111,0.000162353,28.18658695,0.001736111,0.001736111,14.14222852
RIFT VALLEY,NANDI,KAPSERET,SALIT,201.366,0.003493792,0.00030419,32.21380624,0.003540628,0.003493792,16.21945147
RIFT VALLEY,NANDI,KAPSERET,SAWA GLYCERIN,3.63175,0.001940759,0.000171338,,0.002328007,0.001940759,
RIFT VALLEY,NANDI,KAPSERET,SAWA SOAP,6,0.000135917,2.08E-05,,0.000181215,0.000135917,
RIFT VALLEY,NANDI,KAPSERET,USHINDI BAR,6.3,0.000644673,5.84E-05,56.68066768,0.000703239,0.000644673,28.37687436
RIFT VALLEY,NANDI,KAPSERET,WHITE WASH (PWANI OIL PRODUCTS),8.4,0.000127808,7.02E-05,47.00378801,0.000133364,0.000127808,23.50790146
RIFT VALLEY,NANDI,KISUMU EAST,BELLEZA (PWANI OIL PRODUCTS),0.8964375,0.000698324,7.08E-05,49.90524051,0.001256281,0.000698324,24.98747028
RIFT VALLEY,NANDI,KISUMU EAST,DETREX,1.44,0.000282677,3.45E-05,62.82291179,0.000318001,0.000282677,31.4292145
RIFT VALLEY,NANDI,KISUMU EAST,FRESH FRI,6.683,7.00E-05,1.10E-05,35.95963703,0.000116711,7.00E-05,17.98233626
RIFT VALLEY,NANDI,KISUMU EAST,ONJA,0.25,0,2.04E-05,48.0155273,0.000184911,0,24.00776365
RIFT VALLEY,NANDI,KISUMU EAST,SALIT,7.128,7.83E-05,1.08E-05,32.21380624,0.000125332,7.83E-05,16.10942663
RIFT VALLEY,NANDI,KISUMU EAST,SAWA CANDLES,1,0.000708717,8.39E-05,,0.00088574,0.000708717,
RIFT VALLEY,NANDI,KISUMU EAST,SAWA GLYCERIN,0.605291667,0,2.86E-05,,0.000388001,0,
RIFT VALLEY,NANDI,KISUMU EAST,SAWA MILKING JELLY,0.255,2.28E-05,5.94E-06,,0.000113881,2.28E-05,
RIFT VALLEY,NANDI,KISUMU EAST,SAWA PETROLLEUM JELLY,0.1275,0.000866363,8.16E-05,67.7751565,0.001298982,0.000866363,33.94629617
RIFT VALLEY,NANDI,KISUMU EAST,SAWA SOAP,1.5,0,5.19E-06,,4.53E-05,0,
RIFT VALLEY,NANDI,KISUMU EAST,USHINDI BAR,2,0.000164657,1.85E-05,56.68066768,0.00022325,0.000164657,28.3496667
RIFT VALLEY,NANDI,KISUMU EAST,USHINDI DETERGENT,0,0,,62.60669506,,0,31.30334753
RIFT VALLEY,NANDI,KISUMU EAST,USHINDI LIQUID DISHWASH,0.412,0,1.29E-05,,0.000104619,0,
RIFT VALLEY,NANDI,KISUMU EAST,USHINDI PASTE DISHWASH,0.2,0,1.49E-05,,0.000119019,0,
RIFT VALLEY,NANDI,MOSOP,4U SOAP,40.5,0.012025316,0.002713159,,0.017002519,0.012025316,
RIFT VALLEY,NANDI,MOSOP,AFRISENSE,14.4375,0.022473719,0.003956994,59.30135799,0.022665547,0.022473719,30.98340102
RIFT VALLEY,NANDI,MOSOP,BELLEZA (PWANI OIL PRODUCTS),72.51183333,0.101117318,0.005727413,49.90524051,0.101619207,0.101117318,29.99890435
RIFT VALLEY,NANDI,MOSOP,DETREX,141.368,0.031184599,0.003385639,62.82291179,0.03121883,0.031184599,33.37056319
RIFT VALLEY,NANDI,MOSOP,DIVA (PWANI OIL PRODUCTS),14.4,0.024305556,0.005499962,50.59946771,0.024982651,0.024305556,26.52958203
RIFT VALLEY,NANDI,MOSOP,FRESCO (PWANI OIL PRODUCTS),39.7420625,0.063398275,0.004923859,50.1331621,0.063697318,0.063398275,28.24493706
RIFT VALLEY,NANDI,MOSOP,FRESH FRI,4007.544167,0.069943781,0.006618778,35.95963703,0.069987213,0.069943781,20.49497148
RIFT VALLEY,NANDI,MOSOP,FRYMATE,5475,0.299816534,0.045543098,41.1726797,0.299835706,0.299816534,32.93058997
RIFT VALLEY,NANDI,MOSOP,MPISHI POA,115,0.015224744,0.001883477,44.90797803,0.015502776,0.015224744,23.13770149
RIFT VALLEY,NANDI,MOSOP,NDUME,2305.4,0.066707176,0.006238146,28.18658695,0.066707176,0.066707176,15.97354109
RIFT VALLEY,NANDI,MOSOP,ONJA,17,0.012391345,0.001389854,48.0155273,0.012573964,0.012391345,24.60274059
RIFT VALLEY,NANDI,MOSOP,POPCO,32.074,0.000804877,0.000491124,45.97764899,0.002890032,0.000804877,23.02583083
RIFT VALLEY,NANDI,MOSOP,SALIT,6707.0285,0.117888535,0.010131848,32.21380624,0.117929993,0.117888535,19.90454153
RIFT VALLEY,NANDI,MOSOP,SAWA CANDLES,25.4,0.022324592,0.002131051,,0.022497786,0.022324592,
RIFT VALLEY,NANDI,MOSOP,SAWA GLYCERIN,186.472375,0.119189885,0.008797336,,0.119531641,0.119189885,
RIFT VALLEY,NANDI,MOSOP,SAWA MILKING JELLY,360.6706667,0.160996237,0.008397462,,0.161072675,0.160996237,
RIFT VALLEY,NANDI,MOSOP,SAWA PETROLLEUM JELLY,5.61,0.056746805,0.003588712,67.7751565,0.057155228,0.056746805,37.73360186
RIFT VALLEY,NANDI,MOSOP,SAWA SOAP,765.9055,0.02308797,0.002648997,,0.023132228,0.02308797,
RIFT VALLEY,NANDI,MOSOP,USHINDI BAR,750.275,0.083695904,0.00695015,56.68066768,0.083749602,0.083695904,33.08427356
RIFT VALLEY,NANDI,MOSOP,USHINDI DETERGENT,0,0,,62.60669506,,0,31.30334753
RIFT VALLEY,NANDI,MOSOP,USHINDI LIQUID DISHWASH,27.76,0.006945163,0.000871708,,0.007049055,0.006945163,
RIFT VALLEY,NANDI,MOSOP,USHINDI PASTE DISHWASH,16,0.009403642,0.001191931,,0.009521542,0.009403642,
RIFT VALLEY,NANDI,MOSOP,WHITE WASH (PWANI OIL PRODUCTS),66.475,0.00104985,0.000555631,47.00378801,0.001055401,0.00104985,23.55124092
RIFT VALLEY,NANDI,MUHORONI,AFRISENSE,2.5575,0.003819551,0.000700953,59.30135799,0.00401504,0.003819551,29.87718354
RIFT VALLEY,NANDI,MUHORONI,BELLEZA (PWANI OIL PRODUCTS),0.597625,0.00027933,4.72E-05,49.90524051,0.000837521,0.00027933,24.96656027
RIFT VALLEY,NANDI,MUHORONI,DETREX,1.44,0.000282677,3.45E-05,62.82291179,0.000318001,0.000282677,31.4292145
RIFT VALLEY,NANDI,MUHORONI,DIVA GLYCERIN,2.754361111,0.007349066,0.001400382,,0.008498754,0.007349066,
RIFT VALLEY,NANDI,MUHORONI,FRESCO (PWANI OIL PRODUCTS),0.597625,0.000638774,7.40E-05,50.1331621,0.000957854,0.000638774,25.09860479
RIFT VALLEY,NANDI,MUHORONI,FRESH FRI,4.901166667,3.89E-05,8.09E-06,35.95963703,8.56E-05,3.89E-05,17.98121723
RIFT VALLEY,NANDI,MUHORONI,ONJA,2,0.001294618,0.000163512,48.0155273,0.00147929,0.001294618,24.06992542
RIFT VALLEY,NANDI,MUHORONI,SALIT,3.564,1.57E-05,5.38E-06,32.21380624,6.27E-05,1.57E-05,16.10740782
RIFT VALLEY,NANDI,MUHORONI,SAWA CANDLES,1.4,0.001063076,0.00011746,,0.001240035,0.001063076,
RIFT VALLEY,NANDI,MUHORONI,SAWA GLYCERIN,1.210625,0.000388179,5.71E-05,,0.000776029,0.000388179,
RIFT VALLEY,NANDI,MUHORONI,SAWA HANDWASH,3.599166667,0.019021253,0.003148783,,0.026428672,0.019021253,
RIFT VALLEY,NANDI,MUHORONI,SAWA MILKING JELLY,5.658555556,0.002436183,0.000131748,,0.002527066,0.002436183,
RIFT VALLEY,NANDI,MUHORONI,SAWA PETROLLEUM JELLY,1.25375,0.012345679,0.000802023,67.7751565,0.012773328,0.012345679,34.72430858
RIFT VALLEY,NANDI,MUHORONI,SAWA SOAP,9.924305556,0.000254446,3.43E-05,,0.000299738,0.000254446,
RIFT VALLEY,NANDI,MUHORONI,USHINDI BAR,23.95,0.002614974,0.00022186,56.68066768,0.002673424,0.002614974,28.4885523
RIFT VALLEY,NANDI,MUHORONI,USHINDI DETERGENT,0,0,,62.60669506,,0,31.30334753
RIFT VALLEY,NANDI,MUHORONI,USHINDI LIQUID DISHWASH,3.704666667,0.000836189,0.000116332,,0.00094072,0.000836189,
RIFT VALLEY,NANDI,MUHORONI,USHINDI PASTE DISHWASH,2.6,0.001428401,0.000193689,,0.001547251,0.001428401,
RIFT VALLEY,NANDI,MUHORONI,WHITE WASH (PWANI OIL PRODUCTS),1.575,1.94E-05,1.32E-05,47.00378801,2.50E-05,1.94E-05,23.50280818
RIFT VALLEY,NANDI,NANDI HILLS,4U SOAP,351,0.143037975,0.023514043,,0.147355164,0.143037975,
RIFT VALLEY,NANDI,NANDI HILLS,AFRISENSE,15.085,0.023490433,0.00413446,59.30135799,0.023682062,0.023490433,31.0436936
RIFT VALLEY,NANDI,NANDI HILLS,BELLEZA (PWANI OIL PRODUCTS),172.4148125,0.241201117,0.01361834,49.90524051,0.241624791,0.241201117,36.98982003
RIFT VALLEY,NANDI,NANDI HILLS,DETREX,449.8911667,0.099319344,0.010774498,62.82291179,0.099351168,0.099319344,37.65098629
RIFT VALLEY,NANDI,NANDI HILLS,DIVA (PWANI OIL PRODUCTS),64.8,0.111805556,0.024749828,50.59946771,0.112421929,0.111805556,30.95703545
RIFT VALLEY,NANDI,NANDI HILLS,FRESCO (PWANI OIL PRODUCTS),83.26908333,0.133184286,0.010316657,50.1331621,0.133461047,0.133184286,31.74353046
RIFT VALLEY,NANDI,NANDI HILLS,FRESH FRI,7503.6605,0.131002338,0.012392892,35.95963703,0.131042918,0.131002338,22.69061503
RIFT VALLEY,NANDI,NANDI HILLS,FRYKING,24,0.009433962,0.014059754,48.02422195,0.018691589,0.009433962,24.46516967
RIFT VALLEY,NANDI,NANDI HILLS,FRYMATE,2913,0.159506011,0.024231424,41.1726797,0.159529025,0.159506011,27.15362973
RIFT VALLEY,NANDI,NANDI HILLS,MPISHI POA,285.64,0.038234664,0.004678229,44.90797803,0.038506199,0.038234664,24.17103046
RIFT VALLEY,NANDI,NANDI HILLS,NDUME,19728,0.570833333,0.053381686,28.18658695,0.570833333,0.570833333,30.18313686
RIFT VALLEY,NANDI,NANDI HILLS,ONJA,259.25,0.191603477,0.021195274,48.0155273,0.191752959,0.191603477,33.20770563
RIFT VALLEY,NANDI,NANDI HILLS,POPCO,1037.018,0.09154484,0.015879045,45.97764899,0.093440635,0.09154484,27.197841
RIFT VALLEY,NANDI,NANDI HILLS,SALIT,23049.81717,0.405258052,0.034819777,32.21380624,0.405286005,0.405258052,29.16180749
RIFT VALLEY,NANDI,NANDI HILLS,SAWA BODY WASH,40.4,0.292493529,0.052068845,,0.309341501,0.292493529,
RIFT VALLEY,NANDI,NANDI HILLS,SAWA CANDLES,50.8,0.044826364,0.004262103,,0.044995571,0.044826364,
RIFT VALLEY,NANDI,NANDI HILLS,SAWA GLYCERIN,384.550625,0.246210353,0.01814221,,0.246502824,0.246210353,
RIFT VALLEY,NANDI,NANDI HILLS,SAWA HANDWASH,18.51,0.129344522,0.016193742,,0.135918884,0.129344522,
RIFT VALLEY,NANDI,NANDI HILLS,SAWA MILKING JELLY,659.6356111,0.294523788,0.015358236,,0.29458806,0.294523788,
RIFT VALLEY,NANDI,NANDI HILLS,SAWA PETROLLEUM JELLY,28.9425,0.294563569,0.018514491,67.7751565,0.294869019,0.294563569,53.85167027
RIFT VALLEY,NANDI,NANDI HILLS,SAWA SOAP,3110.916778,0.09391628,0.010759562,,0.093957329,0.09391628,
RIFT VALLEY,NANDI,NANDI HILLS,USHINDI BAR,2041.75,0.227865517,0.018913691,56.68066768,0.227910767,0.227865517,41.2559035
RIFT VALLEY,NANDI,NANDI HILLS,USHINDI DETERGENT,0,0,,62.60669506,,0,31.30334753
RIFT VALLEY,NANDI,NANDI HILLS,USHINDI LIQUID DISHWASH,188.16,0.047679554,0.005908524,,0.047779185,0.047679554,
RIFT VALLEY,NANDI,NANDI HILLS,USHINDI PASTE DISHWASH,407.6,0.242471134,0.030364433,,0.242561295,0.242471134,
RIFT VALLEY,NANDI,NANDI HILLS,WHITE WASH (PWANI OIL PRODUCTS),1282.9,0.02036272,0.010723123,47.00378801,0.020368164,0.02036272,24.45901899
RIFT VALLEY,NANDI,NANDI HILLS,,6.21,,,,,,
RIFT VALLEY,NANDI,TINDERET,4U SOAP,48,0.015189873,0.003215596,,0.020151134,0.015189873,
RIFT VALLEY,NANDI,TINDERET,AFRISENSE,39.8825,0.062427868,0.010930898,59.30135799,0.062611856,0.062427868,33.35273636
RIFT VALLEY,NANDI,TINDERET,BELLEZA (PWANI OIL PRODUCTS),48.00920833,0.066759777,0.003792051,49.90524051,0.067280849,0.066759777,28.28428296
RIFT VALLEY,NANDI,TINDERET,DETREX,75.84775,0.016715003,0.001816487,62.82291179,0.016749746,0.016715003,32.46154104
RIFT VALLEY,NANDI,TINDERET,FRESCO (PWANI OIL PRODUCTS),24.10420833,0.038326413,0.002986401,50.1331621,0.038633461,0.038326413,26.98800534
RIFT VALLEY,NANDI,TINDERET,FRESH FRI,1113.393333,0.019398359,0.001838858,35.95963703,0.019444152,0.019398359,18.67737646
RIFT VALLEY,NANDI,TINDERET,FRYMATE,115,0.006270708,0.000956613,41.1726797,0.006297919,0.006270708,20.84452172
RIFT VALLEY,NANDI,TINDERET,MPISHI POA,25,0.00308871,0.000409451,44.90797803,0.003370169,0.00308871,22.59269676
RIFT VALLEY,NANDI,TINDERET,NDUME,2260,0.065393519,0.006115299,28.18658695,0.065393519,0.065393519,15.93651357
RIFT VALLEY,NANDI,TINDERET,ONJA,67.75,0.049935269,0.005538977,48.0155273,0.050110947,0.049935269,26.40543193
RIFT VALLEY,NANDI,TINDERET,POPCO,23.16,0,0.000354631,45.97764899,0.002086835,0,22.9888245
RIFT VALLEY,NANDI,TINDERET,SALIT,2688.163,0.047221315,0.004060823,32.21380624,0.047266095,0.047221315,17.6280814
RIFT VALLEY,NANDI,TINDERET,SAWA CANDLES,25.6,0.022501772,0.002147831,,0.022674934,0.022501772,
RIFT VALLEY,NANDI,TINDERET,SAWA GLYCERIN,53.14025694,0.033688786,0.002507035,,0.034063716,0.033688786,
RIFT VALLEY,NANDI,TINDERET,SAWA HANDWASH,43.17,0.311800576,0.0377679,,0.316997204,0.311800576,
RIFT VALLEY,NANDI,TINDERET,SAWA MILKING JELLY,153.9797778,0.068681306,0.003585097,,0.068766154,0.068681306,
RIFT VALLEY,NANDI,TINDERET,SAWA PETROLLEUM JELLY,1.785,0.017760451,0.001141863,67.7751565,0.018185754,0.017760451,35.09129556
RIFT VALLEY,NANDI,TINDERET,SAWA SOAP,437.3698611,0.013164937,0.001512708,,0.013209644,0.013164937,
RIFT VALLEY,NANDI,TINDERET,USHINDI BAR,428.45,0.047770016,0.003968934,56.68066768,0.04782582,0.047770016,31.04797026
RIFT VALLEY,NANDI,TINDERET,USHINDI DETERGENT,0,0,,62.60669506,,0,31.30334753
RIFT VALLEY,NANDI,TINDERET,USHINDI LIQUID DISHWASH,101.5556667,0.025685946,0.00318901,,0.025787877,0.025685946,
RIFT VALLEY,NANDI,TINDERET,USHINDI PASTE DISHWASH,25.8,0.015236281,0.001921988,,0.015353487,0.015236281,
RIFT VALLEY,NANDI,TINDERET,WHITE WASH (PWANI OIL PRODUCTS),336.275,0.005333396,0.002810755,47.00378801,0.005338923,0.005333396,23.75258381
RIFT VALLEY,NAROK,KILGORIS,AFRISENSE,24.4275,0.038160178,0.006695029,59.30135799,0.038348928,0.038160178,31.91362936
RIFT VALLEY,NAROK,KILGORIS,BELLEZA (PWANI OIL PRODUCTS),75.898375,0.105865922,0.005994902,49.90524051,0.106365159,0.105865922,30.23588454
RIFT VALLEY,NAROK,KILGORIS,DETREX,181.796,0.040112782,0.004353855,62.82291179,0.040146698,0.040112782,33.93145768
RIFT VALLEY,NAROK,KILGORIS,FRESCO (PWANI OIL PRODUCTS),54.383875,0.086873203,0.006737912,50.1331621,0.087164751,0.086873203,29.42180944
RIFT VALLEY,NAROK,KILGORIS,FRESH FRI,4173.194667,0.072836814,0.006892363,35.95963703,0.072880111,0.072836814,20.5990039
RIFT VALLEY,NAROK,KILGORIS,FRYMATE,608.5,0.033297735,0.005061731,41.1726797,0.033324206,0.033297735,21.95729685
RIFT VALLEY,NAROK,KILGORIS,MPISHI POA,10.47166667,0.00112964,0.000171506,44.90797803,0.001411651,0.00112964,22.50471886
RIFT VALLEY,NAROK,KILGORIS,NDUME,34560,1,0.093515362,28.18658695,1,1,42.27988043
RIFT VALLEY,NAROK,KILGORIS,ONJA,43,0.03162567,0.003515513,48.0155273,0.031804734,0.03162567,25.52628689
RIFT VALLEY,NAROK,KILGORIS,POPCO,138.974,0.010457257,0.002128,45.97764899,0.012522269,0.010457257,23.4696246
RIFT VALLEY,NAROK,KILGORIS,POPCO BAR,520,0.065189048,0.037383178,,0.067620286,0.065189048,
RIFT VALLEY,NAROK,KILGORIS,SALIT,21641.24817,0.380489954,0.032691948,32.21380624,0.380519071,0.380489954,28.36393278
RIFT VALLEY,NAROK,KILGORIS,SAWA BODY WASH,9.32,0.048709703,0.012011922,,0.07136294,0.048709703,
RIFT VALLEY,NAROK,KILGORIS,SAWA CANDLES,108.4,0.095854004,0.009094723,,0.096014172,0.095854004,
RIFT VALLEY,NAROK,KILGORIS,SAWA GLYCERIN,198.4893194,0.12689592,0.009364267,,0.127234686,0.12689592,
RIFT VALLEY,NAROK,KILGORIS,SAWA HANDWASH,62.195,0.452564016,0.054412197,,0.456697732,0.452564016,
RIFT VALLEY,NAROK,KILGORIS,SAWA MILKING JELLY,361.2596667,0.161259304,0.008411176,,0.161335717,0.161259304,
RIFT VALLEY,NAROK,KILGORIS,SAWA PETROLLEUM JELLY,15.44875,0.157028373,0.009882551,67.7751565,0.157393375,0.157028373,44.53020083
RIFT VALLEY,NAROK,KILGORIS,SAWA SOAP,1878.345958,0.056687927,0.006496535,,0.056730662,0.056687927,
RIFT VALLEY,NAROK,KILGORIS,USHINDI BAR,917.95,0.102413757,0.008503403,56.68066768,0.102466359,0.102413757,34.14521399
RIFT VALLEY,NAROK,KILGORIS,USHINDI DETERGENT,0,0,,62.60669506,,0,31.30334753
RIFT VALLEY,NAROK,KILGORIS,USHINDI LIQUID DISHWASH,386.3224167,0.098003903,0.01213114,,0.098098268,0.098003903,
RIFT VALLEY,NAROK,KILGORIS,USHINDI PASTE DISHWASH,117.6,0.069872634,0.00876069,,0.069983337,0.069872634,
RIFT VALLEY,NAROK,KILGORIS,WHITE WASH (PWANI OIL PRODUCTS),36.75,0.000577914,0.000307175,47.00378801,0.000583467,0.000577914,23.52905813
RIFT VALLEY,NAROK,NAROK EAST,AFRISENSE,6.32,0.009727489,0.00173217,59.30135799,0.009921819,0.009727489,30.2275323
RIFT VALLEY,NAROK,NAROK EAST,BELLEZA (PWANI OIL PRODUCTS),69.3245,0.096648045,0.005475658,49.90524051,0.097152429,0.096648045,29.77586417
RIFT VALLEY,NAROK,NAROK EAST,DETREX,98.99875,0.021827706,0.002370933,62.82291179,0.021862268,0.021827706,32.78273596
RIFT VALLEY,NAROK,NAROK EAST,FRESCO (PWANI OIL PRODUCTS),37.05275,0.059086554,0.004590666,50.1331621,0.059386973,0.059086554,28.02877683
RIFT VALLEY,NAROK,NAROK EAST,FRESH FRI,1081.327667,0.018838342,0.001785899,35.95963703,0.018884161,0.018838342,18.65723847
RIFT VALLEY,NAROK,NAROK EAST,FRYMATE,6.5,0.000328596,5.41E-05,41.1726797,0.000355969,0.000328596,20.59986903
RIFT VALLEY,NAROK,NAROK EAST,ONJA,18.5,0.013501017,0.001512488,48.0155273,0.013683432,0.013501017,24.65602211
RIFT VALLEY,NAROK,NAROK EAST,SALIT,893.6856667,0.015667453,0.00135003,32.21380624,0.015713717,0.015667453,16.61161143
RIFT VALLEY,NAROK,NAROK EAST,SAWA CANDLES,22.4,0.019666903,0.001879352,,0.019840567,0.019666903,
RIFT VALLEY,NAROK,NAROK EAST,SAWA GLYCERIN,104.6405833,0.066714096,0.004936701,,0.067076212,0.066714096,
RIFT VALLEY,NAROK,NAROK EAST,SAWA HANDWASH,6.683333333,0.041840591,0.005847011,,0.0490757,0.041840591,
RIFT VALLEY,NAROK,NAROK EAST,SAWA MILKING JELLY,68.63822222,0.030564968,0.001598098,,0.030653289,0.030564968,
RIFT VALLEY,NAROK,NAROK EAST,SAWA PETROLLEUM JELLY,7.0125,0.071041802,0.00448589,67.7751565,0.071444036,0.071041802,38.7024475
RIFT VALLEY,NAROK,NAROK EAST,SAWA SOAP,1033.713736,0.031176803,0.003575251,,0.031220694,0.031176803,
RIFT VALLEY,NAROK,NAROK EAST,USHINDI BAR,525,0.058548062,0.004863322,56.68066768,0.058603234,0.058548062,31.65887707
RIFT VALLEY,NAROK,NAROK EAST,USHINDI DETERGENT,0,0,,62.60669506,,0,31.30334753
RIFT VALLEY,NAROK,NAROK EAST,USHINDI LIQUID DISHWASH,357.8785,0.090780426,0.011237956,,0.090875547,0.090780426,
RIFT VALLEY,NAROK,NAROK EAST,USHINDI PASTE DISHWASH,61.2,0.036305202,0.004559135,,0.0364199,0.036305202,
RIFT VALLEY,NAROK,NAROK EAST,WHITE WASH (PWANI OIL PRODUCTS),90.475,0.001430892,0.000756236,47.00378801,0.001436441,0.001430892,23.56915134
RIFT VALLEY,NAROK,NAROK NORTH,AFRISENSE,35.1725,0.05503215,0.009639992,59.30135799,0.055217589,0.05503215,32.91416023
RIFT VALLEY,NAROK,NAROK NORTH,BELLEZA (PWANI OIL PRODUCTS),281.1825625,0.393715084,0.02220946,49.90524051,0.394053601,0.393715084,44.6010662
RIFT VALLEY,NAROK,NAROK NORTH,DETREX,2487.397,0.549285364,0.059570974,62.82291179,0.549301289,0.549285364,65.91916186
RIFT VALLEY,NAROK,NAROK NORTH,DIVA (PWANI OIL PRODUCTS),18.8,0.031944444,0.007180506,50.59946771,0.032616239,0.031944444,26.91610574
RIFT VALLEY,NAROK,NAROK NORTH,DIVA GLYCERIN,16.89125,0.051019903,0.00858791,,0.052119012,0.051019903,
RIFT VALLEY,NAROK,NAROK NORTH,FRESCO (PWANI OIL PRODUCTS),161.4583542,0.258543596,0.020003949,50.1331621,0.258780332,0.258543596,38.02818908
RIFT VALLEY,NAROK,NAROK NORTH,FRESH FRI,12059.126,0.21056209,0.019916606,35.95963703,0.210598956,0.21056209,25.55155485
RIFT VALLEY,NAROK,NAROK NORTH,FRYMATE,23.5,0.001259618,0.000195482,41.1726797,0.001286966,0.001259618,20.63820171
RIFT VALLEY,NAROK,NAROK NORTH,ONJA,110.25,0.081375994,0.009013612,48.0155273,0.081545858,0.081375994,27.91507492
RIFT VALLEY,NAROK,NAROK NORTH,RAINBOW WASHING POWDER,0.2,0,8.78E-05,,0.00019861,0,
RIFT VALLEY,NAROK,NAROK NORTH,SALIT,9044.754333,0.158994808,0.01366329,32.21380624,0.159034335,0.158994808,21.22873107
RIFT VALLEY,NAROK,NAROK NORTH,SAWA CANDLES,43,0.037916371,0.003607685,,0.038086802,0.037916371,
RIFT VALLEY,NAROK,NAROK NORTH,SAWA GLYCERIN,631.8875,0.404818608,0.029810992,,0.405049539,0.404818608,
RIFT VALLEY,NAROK,NAROK NORTH,SAWA HANDWASH,12.85416667,0.087497765,0.011245654,,0.094388114,0.087497765,
RIFT VALLEY,NAROK,NAROK NORTH,SAWA MILKING JELLY,483.2377778,0.21573873,0.011251181,,0.215810179,0.21573873,
RIFT VALLEY,NAROK,NAROK NORTH,SAWA PETROLLEUM JELLY,41.8625,0.426250812,0.026779403,67.7751565,0.426499242,0.426250812,62.77679376
RIFT VALLEY,NAROK,NAROK NORTH,SAWA SOAP,8256.262931,0.249325415,0.028555497,,0.249359424,0.249325415,
RIFT VALLEY,NAROK,NAROK NORTH,USHINDI BAR,3994.125,0.445812554,0.03699946,56.68066768,0.445845031,0.445812554,53.60928704
RIFT VALLEY,NAROK,NAROK NORTH,USHINDI DETERGENT,0,0,,62.60669506,,0,31.30334753
RIFT VALLEY,NAROK,NAROK NORTH,USHINDI LIQUID DISHWASH,2384.606833,0.60547834,0.074880459,,0.605519614,0.60547834,
RIFT VALLEY,NAROK,NAROK NORTH,USHINDI PASTE DISHWASH,740.6,0.440661826,0.055171489,,0.440728398,0.440661826,
RIFT VALLEY,NAROK,NAROK NORTH,WHITE WASH (PWANI OIL PRODUCTS),1201.375,0.019068368,0.010041696,47.00378801,0.019073819,0.019068368,24.39817955
RIFT VALLEY,NAROK,NAROK SOUTH,AFRISENSE,7.195,0.011101428,0.001971988,59.30135799,0.011295488,0.011101428,30.30900876
RIFT VALLEY,NAROK,NAROK SOUTH,BELLEZA (PWANI OIL PRODUCTS),91.53622917,0.127793296,0.007230072,49.90524051,0.12828029,0.127793296,31.33017543
RIFT VALLEY,NAROK,NAROK SOUTH,DETREX,187.58975,0.041392283,0.00449261,62.82291179,0.041426154,0.041392283,34.01183966
RIFT VALLEY,NAROK,NAROK SOUTH,DIVA (PWANI OIL PRODUCTS),4.6,0.007291667,0.001756932,50.59946771,0.007980569,0.007291667,25.66868831
RIFT VALLEY,NAROK,NAROK SOUTH,FRESCO (PWANI OIL PRODUCTS),37.650375,0.060044714,0.004664709,50.1331621,0.060344828,0.060044714,28.07681244
RIFT VALLEY,NAROK,NAROK SOUTH,FRESH FRI,1733.157167,0.030222337,0.002862447,35.95963703,0.030267624,0.030222337,19.06660278
RIFT VALLEY,NAROK,NAROK SOUTH,FRYMATE,7.5,0.000383362,6.24E-05,41.1726797,0.000410734,0.000383362,20.60212389
RIFT VALLEY,NAROK,NAROK SOUTH,ONJA,27.25,0.019974108,0.002227854,48.0155273,0.020155325,0.019974108,24.96683096
RIFT VALLEY,NAROK,NAROK SOUTH,SALIT,1971.3715,0.034617344,0.002978016,32.21380624,0.034662717,0.034617344,17.22205953
RIFT VALLEY,NAROK,NAROK SOUTH,SAWA CANDLES,19.8,0.017363572,0.001661213,,0.017537644,0.017363572,
RIFT VALLEY,NAROK,NAROK SOUTH,SAWA GLYCERIN,114.5263264,0.073053468,0.005403087,,0.073413125,0.073053468,
RIFT VALLEY,NAROK,NAROK SOUTH,SAWA HANDWASH,2.570833333,0.011412752,0.002249131,,0.018877623,0.011412752,
RIFT VALLEY,NAROK,NAROK SOUTH,SAWA MILKING JELLY,120.1864444,0.053588095,0.00279829,,0.053674318,0.053588095,
RIFT VALLEY,NAROK,NAROK SOUTH,SAWA PETROLLEUM JELLY,10.4975,0.106562703,0.006715241,67.7751565,0.106949556,0.106562703,41.10988213
RIFT VALLEY,NAROK,NAROK SOUTH,SAWA SOAP,1358.834403,0.040996691,0.004699728,,0.041040137,0.040996691,
RIFT VALLEY,NAROK,NAROK SOUTH,USHINDI BAR,601.55,0.067093472,0.005572441,56.68066768,0.067148143,0.067093472,32.14323663
RIFT VALLEY,NAROK,NAROK SOUTH,USHINDI DETERGENT,0,0,,62.60669506,,0,31.30334753
RIFT VALLEY,NAROK,NAROK SOUTH,USHINDI LIQUID DISHWASH,499.60925,0.126773667,0.015688528,,0.126865023,0.126773667,
RIFT VALLEY,NAROK,NAROK SOUTH,USHINDI PASTE DISHWASH,99.2,0.058921557,0.00738997,,0.059033563,0.058921557,
RIFT VALLEY,NAROK,NAROK SOUTH,WHITE WASH (PWANI OIL PRODUCTS),140.525,0.002225523,0.001174579,47.00378801,0.002231067,0.002225523,23.60650201
RIFT VALLEY,NAROK,NAROK WEST,AFRISENSE,10.4525,0.016216407,0.002864795,59.30135799,0.016409463,0.016216407,30.61233396
RIFT VALLEY,NAROK,NAROK WEST,BELLEZA (PWANI OIL PRODUCTS),226.9978958,0.31773743,0.017929635,49.90524051,0.31811837,0.31773743,40.80938312
RIFT VALLEY,NAROK,NAROK WEST,DETREX,464.6015,0.102567997,0.011126798,62.82291179,0.102599707,0.102567997,37.85507615
RIFT VALLEY,NAROK,NAROK WEST,DIVA (PWANI OIL PRODUCTS),3,0.004513889,0.001145825,50.59946771,0.005204719,0.004513889,25.52813423
RIFT VALLEY,NAROK,NAROK WEST,FRESCO (PWANI OIL PRODUCTS),93.03029167,0.148834238,0.011526026,50.1331621,0.149106003,0.148834238,32.52811204
RIFT VALLEY,NAROK,NAROK WEST,FRESH FRI,4164.459667,0.07268426,0.006877936,35.95963703,0.072727564,0.07268426,20.59351811
RIFT VALLEY,NAROK,NAROK WEST,FRYMATE,104.5,0.005695665,0.00086927,41.1726797,0.005722892,0.005695665,20.82084565
RIFT VALLEY,NAROK,NAROK WEST,MPISHI POA,2.094333333,0,3.43E-05,44.90797803,0.00028233,0,22.45398902
RIFT VALLEY,NAROK,NAROK WEST,NDUME,0,0,0,28.18658695,0,0,14.09329348
RIFT VALLEY,NAROK,NAROK WEST,ONJA,55,0.040503052,0.004496587,48.0155273,0.040680473,0.040503052,25.95253903
RIFT VALLEY,NAROK,NAROK WEST,SALIT,5214.6735,0.091647154,0.007877449,32.21380624,0.091689846,0.091647154,19.05920678
RIFT VALLEY,NAROK,NAROK WEST,SAWA CANDLES,36.4,0.032069454,0.003053947,,0.032240921,0.032069454,
RIFT VALLEY,NAROK,NAROK WEST,SAWA GLYCERIN,243.5667847,0.15580248,0.011490918,,0.156130029,0.15580248,
RIFT VALLEY,NAROK,NAROK WEST,SAWA HANDWASH,7.710833333,0.049442927,0.006745934,,0.05662063,0.049442927,
RIFT VALLEY,NAROK,NAROK WEST,SAWA MILKING JELLY,303.8787222,0.135631092,0.007075181,,0.13570984,0.135631092,
RIFT VALLEY,NAROK,NAROK WEST,SAWA PETROLLEUM JELLY,20.2725,0.206194499,0.0129683,67.7751565,0.206538212,0.206194499,47.86244266
RIFT VALLEY,NAROK,NAROK WEST,SAWA SOAP,3359.318125,0.101418951,0.011618695,,0.10145966,0.101418951,
RIFT VALLEY,NAROK,NAROK WEST,USHINDI BAR,1672.475,0.186642703,0.015492923,56.68066768,0.186690368,0.186642703,38.91936687
RIFT VALLEY,NAROK,NAROK WEST,USHINDI DETERGENT,0,0,,62.60669506,,0,31.30334753
RIFT VALLEY,NAROK,NAROK WEST,USHINDI LIQUID DISHWASH,1311.071333,0.332848568,0.041169732,,0.332918365,0.332848568,
RIFT VALLEY,NAROK,NAROK WEST,USHINDI PASTE DISHWASH,334,0.198666825,0.024881552,,0.198762199,0.198666825,
RIFT VALLEY,NAROK,NAROK WEST,WHITE WASH (PWANI OIL PRODUCTS),453.075,0.0071878,0.003787029,47.00378801,0.007193317,0.0071878,23.83974782
RIFT VALLEY,NAROK,SUNA EAST,AFRISENSE,1,0.001373939,0.000274078,59.30135799,0.001569908,0.001373939,29.73215545
RIFT VALLEY,NAROK,SUNA EAST,BELLEZA (PWANI OIL PRODUCTS),0.498020833,0.000139665,3.93E-05,49.90524051,0.000697934,0.000139665,24.95959026
RIFT VALLEY,NAROK,SUNA EAST,DETREX,6.24,0.001342717,0.000149443,62.82291179,0.001378003,0.001342717,31.49580928
RIFT VALLEY,NAROK,SUNA EAST,FRESCO (PWANI OIL PRODUCTS),0.498020833,0.00047908,6.17E-05,50.1331621,0.000798212,0.00047908,25.09059885
RIFT VALLEY,NAROK,SUNA EAST,FRESH FRI,8.91,0.00010891,1.47E-05,35.95963703,0.000155603,0.00010891,17.98373487
RIFT VALLEY,NAROK,SUNA EAST,SAWA GLYCERIN,2.421166667,0.001164455,0.000114225,,0.001552005,0.001164455,
RIFT VALLEY,NAROK,SUNA EAST,SAWA MILKING JELLY,1.632,0.000637792,3.80E-05,,0.000728838,0.000637792,
RIFT VALLEY,NAROK,SUNA EAST,SAWA PETROLLEUM JELLY,0.2975,0.00259909,0.00019031,67.7751565,0.003030959,0.00259909,34.063732
RIFT VALLEY,NAROK,SUNA EAST,SAWA SOAP,12.912,0.000344686,4.47E-05,,0.000389974,0.000344686,
RIFT VALLEY,NAROK,SUNA EAST,USHINDI BAR,0.525,0,4.86E-06,56.68066768,5.86E-05,0,28.34033384
RIFT VALLEY,SAMBURU,SAMBURU EAST,BELLEZA (PWANI OIL PRODUCTS),4.781,0.006145251,0.000377632,49.90524051,0.006700168,0.006145251,25.2593005
RIFT VALLEY,SAMBURU,SAMBURU EAST,DIRIA,264,0.009271012,0.003194086,46.67976471,0.009708202,0.009271012,23.77265099
RIFT VALLEY,SAMBURU,SAMBURU EAST,NDUME,200,0.005787037,0.000541177,28.18658695,0.005787037,0.005787037,14.2564103
RIFT VALLEY,SAMBURU,SAMBURU EAST,POPCO,42.766,0.001770295,0.000654842,45.97764899,0.003853436,0.001770295,23.07021851
RIFT VALLEY,SAMBURU,SAMBURU EAST,SALIT,1158.3,0.020320398,0.001749764,32.21380624,0.020366443,0.020320398,16.76150049
RIFT VALLEY,SAMBURU,SAMBURU EAST,SAWA MILKING JELLY,11.016,0.004828994,0.000256485,,0.004919659,0.004828994,
RIFT VALLEY,SAMBURU,SAMBURU EAST,USHINDI DETERGENT,0,0,,62.60669506,,0,31.30334753
RIFT VALLEY,SAMBURU,SAMBURU WEST,DETREX,0.48,7.07E-05,1.15E-05,62.82291179,0.000106,7.07E-05,31.41589555
RIFT VALLEY,SAMBURU,SAMBURU WEST,FRESH FRI,245.929,0.004248371,0.000406171,35.95963703,0.004294871,0.004248371,18.13258839
RIFT VALLEY,SAMBURU,SAMBURU WEST,MPISHI POA,10,0.001066038,0.000163781,44.90797803,0.001348067,0.001066038,22.50186263
RIFT VALLEY,SAMBURU,SAMBURU WEST,ONJA,5,0.003513963,0.000408781,48.0155273,0.003698225,0.003513963,24.17648845
RIFT VALLEY,SAMBURU,SAMBURU WEST,SALIT,12.474,0.00017234,1.88E-05,32.21380624,0.000219331,0.00017234,16.11245483
RIFT VALLEY,SAMBURU,SAMBURU WEST,SAWA MILKING JELLY,7.462,0.003241661,0.000173737,,0.00333247,0.003241661,
RIFT VALLEY,SAMBURU,SAMBURU WEST,SAWA SOAP,9.233666667,0.000233586,3.19E-05,,0.000278879,0.000233586,
RIFT VALLEY,SAMBURU,SAMBURU WEST,USHINDI LIQUID DISHWASH,19.736,0.004907428,0.000619742,,0.005011533,0.004907428,
RIFT VALLEY,TRANS NZOIA,CHERANGANY,4U SOAP,78,0.027848101,0.005225343,,0.032745592,0.027848101,
RIFT VALLEY,TRANS NZOIA,CHERANGANY,AFRISENSE,164.035,0.257374128,0.044958309,59.30135799,0.257519859,0.257374128,44.91331427
RIFT VALLEY,TRANS NZOIA,CHERANGANY,BELLEZA (PWANI OIL PRODUCTS),491.3473542,0.688407821,0.038809516,49.90524051,0.688581798,0.688407821,59.30777814
RIFT VALLEY,TRANS NZOIA,CHERANGANY,DETREX,842.609,0.186047773,0.020179746,62.82291179,0.186076533,0.186047773,43.09951875
RIFT VALLEY,TRANS NZOIA,CHERANGANY,DIVA (PWANI OIL PRODUCTS),88.4,0.152777778,0.033763654,50.59946771,0.153365718,0.152777778,33.03020809
RIFT VALLEY,TRANS NZOIA,CHERANGANY,FRESCO (PWANI OIL PRODUCTS),318.4345208,0.510220377,0.039452575,50.1331621,0.510376756,0.510220377,50.64554191
RIFT VALLEY,TRANS NZOIA,CHERANGANY,FRESH FRI,25948.14217,0.453129329,0.04285542,35.95963703,0.453154867,0.453129329,34.27418472
RIFT VALLEY,TRANS NZOIA,CHERANGANY,FRYMATE,5807.5,0.318026233,0.048308958,41.1726797,0.318044907,0.318026233,33.68033207
RIFT VALLEY,TRANS NZOIA,CHERANGANY,MPISHI POA,727.9156667,0.097873246,0.011921846,44.90797803,0.098127943,0.097873246,26.84927857
RIFT VALLEY,TRANS NZOIA,CHERANGANY,NDUME,6564.8,0.189953704,0.017763589,28.18658695,0.189953704,0.189953704,19.44744006
RIFT VALLEY,TRANS NZOIA,CHERANGANY,ONJA,282.5,0.208803403,0.023096104,48.0155273,0.208949704,0.208803403,34.03356915
RIFT VALLEY,TRANS NZOIA,CHERANGANY,POPCO,650.412,0.056636811,0.00995925,45.97764899,0.058605454,0.056636811,25.5928519
RIFT VALLEY,TRANS NZOIA,CHERANGANY,SALIT,12874.19567,0.226331218,0.019448164,32.21380624,0.22636758,0.226331218,23.39789312
RIFT VALLEY,TRANS NZOIA,CHERANGANY,SAWA BODY WASH,15.53,0.097419405,0.020015573,,0.118912711,0.097419405,
RIFT VALLEY,TRANS NZOIA,CHERANGANY,SAWA CANDLES,325,0.287739192,0.027267388,,0.287865368,0.287739192,
RIFT VALLEY,TRANS NZOIA,CHERANGANY,SAWA GLYCERIN,910.8617986,0.583714806,0.042972355,,0.583876326,0.583714806,
RIFT VALLEY,TRANS NZOIA,CHERANGANY,SAWA HANDWASH,36.48583333,0.262345317,0.03192016,,0.267915384,0.262345317,
RIFT VALLEY,TRANS NZOIA,CHERANGANY,SAWA MILKING JELLY,1692.926722,0.756025492,0.039416259,,0.756047719,0.756025492,
RIFT VALLEY,TRANS NZOIA,CHERANGANY,SAWA PETROLLEUM JELLY,98.15375,1,0.062788864,67.7751565,1,1,101.6627348
RIFT VALLEY,TRANS NZOIA,CHERANGANY,SAWA SOAP,5823.498111,0.175846612,0.020141423,,0.17588395,0.175846612,
RIFT VALLEY,TRANS NZOIA,CHERANGANY,USHINDI BAR,5203.75,0.580845108,0.048204786,56.68066768,0.580869672,0.580845108,61.26302239
RIFT VALLEY,TRANS NZOIA,CHERANGANY,USHINDI DETERGENT,0,0,,62.60669506,,0,31.30334753
RIFT VALLEY,TRANS NZOIA,CHERANGANY,USHINDI LIQUID DISHWASH,251.5113333,0.063767946,0.007897857,,0.063865893,0.063767946,
RIFT VALLEY,TRANS NZOIA,CHERANGANY,USHINDI PASTE DISHWASH,291,0.173074634,0.021678238,,0.173173054,0.173074634,
RIFT VALLEY,TRANS NZOIA,CHERANGANY,WHITE WASH (PWANI OIL PRODUCTS),143.525,0.002273153,0.001199654,47.00378801,0.002278697,0.002273153,23.60874081
RIFT VALLEY,TRANS NZOIA,CHERANGANY,,6.21,,,,,,
RIFT VALLEY,TRANS NZOIA,ENDEBESS,BELLEZA (PWANI OIL PRODUCTS),26.2955,0.036312849,0.002076974,49.90524051,0.036850921,0.036312849,26.76482173
RIFT VALLEY,TRANS NZOIA,ENDEBESS,DETREX,153.84,0.033938935,0.003684333,62.82291179,0.033973069,0.033938935,33.54359861
RIFT VALLEY,TRANS NZOIA,ENDEBESS,FRESCO (PWANI OIL PRODUCTS),18.92479167,0.030022357,0.002344695,50.1331621,0.030332056,0.030022357,26.57169674
RIFT VALLEY,TRANS NZOIA,ENDEBESS,FRESH FRI,1287.616,0.022441102,0.0021266,35.95963703,0.022486753,0.022441102,18.78679241
RIFT VALLEY,TRANS NZOIA,ENDEBESS,ONJA,5.75,0.0040688,0.000470098,48.0155273,0.004252959,0.0040688,24.20312921
RIFT VALLEY,TRANS NZOIA,ENDEBESS,SALIT,316.307,0.0055149,0.000477823,32.21380624,0.005561641,0.0055149,16.28455905
RIFT VALLEY,TRANS NZOIA,ENDEBESS,SAWA CANDLES,15.6,0.013642807,0.001308835,,0.013817538,0.013642807,
RIFT VALLEY,TRANS NZOIA,ENDEBESS,SAWA GLYCERIN,50.13834722,0.03176377,0.002365411,,0.032139446,0.03176377,
RIFT VALLEY,TRANS NZOIA,ENDEBESS,SAWA MILKING JELLY,51.83244444,0.023058957,0.00120681,,0.023147961,0.023058957,
RIFT VALLEY,TRANS NZOIA,ENDEBESS,SAWA PETROLLEUM JELLY,0.935,0.009096816,0.000598119,67.7751565,0.009525871,0.009096816,34.50411639
RIFT VALLEY,TRANS NZOIA,ENDEBESS,SAWA SOAP,585.802,0.017648155,0.002026082,,0.01769266,0.017648155,
RIFT VALLEY,TRANS NZOIA,ENDEBESS,USHINDI BAR,94.3,0.010468267,0.000873545,56.68066768,0.010526257,0.010468267,28.93368222
RIFT VALLEY,TRANS NZOIA,ENDEBESS,USHINDI PASTE DISHWASH,10.8,0.006308773,0.000804553,,0.006427041,0.006308773,
RIFT VALLEY,TRANS NZOIA,ENDEBESS,WHITE WASH (PWANI OIL PRODUCTS),2.1,2.78E-05,1.76E-05,47.00378801,3.33E-05,2.78E-05,23.50319997
RIFT VALLEY,TRANS NZOIA,KIMININI,4U SOAP,12,0,0.000803899,,0.005037783,0,
RIFT VALLEY,TRANS NZOIA,KIMININI,AFRISENSE,11.565,0.017963273,0.003169707,59.30135799,0.018155986,0.017963273,30.71592546
RIFT VALLEY,TRANS NZOIA,KIMININI,BELLEZA (PWANI OIL PRODUCTS),129.5850208,0.181145251,0.01023539,49.90524051,0.181602457,0.181145251,33.99271759
RIFT VALLEY,TRANS NZOIA,KIMININI,DETREX,1009.15425,0.22282789,0.024168358,62.82291179,0.222855351,0.22282789,45.4101528
RIFT VALLEY,TRANS NZOIA,KIMININI,FRESCO (PWANI OIL PRODUCTS),112.951125,0.180772916,0.013994126,50.1331621,0.181034483,0.180772916,34.12929895
RIFT VALLEY,TRANS NZOIA,KIMININI,FRESH FRI,5215.174333,0.091034656,0.008613275,35.95963703,0.091077104,0.091034656,21.25339172
RIFT VALLEY,TRANS NZOIA,KIMININI,FRYMATE,200,0.010925819,0.001663675,41.1726797,0.010952903,0.010925819,21.03618511
RIFT VALLEY,TRANS NZOIA,KIMININI,MPISHI POA,367.5555,0.049280544,0.006019846,44.90797803,0.049548961,0.049280544,24.66707862
RIFT VALLEY,TRANS NZOIA,KIMININI,NDUME,1330,0.038483796,0.003598826,28.18658695,0.038483796,0.038483796,15.17802035
RIFT VALLEY,TRANS NZOIA,KIMININI,ONJA,83.25,0.061401886,0.006806197,48.0155273,0.061575444,0.061401886,26.9560076
RIFT VALLEY,TRANS NZOIA,KIMININI,POPCO,343.864,0.028957503,0.00526532,45.97764899,0.030983908,0.028957503,24.32022241
RIFT VALLEY,TRANS NZOIA,KIMININI,SALIT,1750.390833,0.030731648,0.002644195,32.21380624,0.030777203,0.030731648,17.09688648
RIFT VALLEY,TRANS NZOIA,KIMININI,SAWA BODY WASH,6.21,0.024315633,0.008003652,,0.04754977,0.024315633,
RIFT VALLEY,TRANS NZOIA,KIMININI,SAWA CANDLES,90.4,0.079907867,0.007584529,,0.080070859,0.079907867,
RIFT VALLEY,TRANS NZOIA,KIMININI,SAWA GLYCERIN,228.2315208,0.145968526,0.010767436,,0.146299891,0.145968526,
RIFT VALLEY,TRANS NZOIA,KIMININI,SAWA HANDWASH,6.17,0.038042506,0.005397914,,0.045306295,0.038042506,
RIFT VALLEY,TRANS NZOIA,KIMININI,SAWA MILKING JELLY,274.8821111,0.122680254,0.006400055,,0.122760182,0.122680254,
RIFT VALLEY,TRANS NZOIA,KIMININI,SAWA PETROLLEUM JELLY,19.4225,0.197530864,0.012424555,67.7751565,0.197878329,0.197530864,47.27526348
RIFT VALLEY,TRANS NZOIA,KIMININI,SAWA SOAP,3481.044,0.105095538,0.012039702,,0.105136081,0.105095538,
RIFT VALLEY,TRANS NZOIA,KIMININI,USHINDI BAR,848.05,0.094610698,0.007855886,56.68066768,0.094663757,0.094610698,33.70293139
RIFT VALLEY,TRANS NZOIA,KIMININI,USHINDI DETERGENT,0,0,,62.60669506,,0,31.30334753
RIFT VALLEY,TRANS NZOIA,KIMININI,USHINDI LIQUID DISHWASH,20.148,0.005012057,0.000632679,,0.005116151,0.005012057,
RIFT VALLEY,TRANS NZOIA,KIMININI,USHINDI PASTE DISHWASH,63.2,0.037495536,0.004708126,,0.037610093,0.037495536,
RIFT VALLEY,TRANS NZOIA,KIMININI,WHITE WASH (PWANI OIL PRODUCTS),5.25,7.78E-05,4.39E-05,47.00378801,8.34E-05,7.78E-05,23.50555071
RIFT VALLEY,TRANS NZOIA,KWANZA,4U SOAP,294,0.118987342,0.019695523,,0.123425693,0.118987342,
RIFT VALLEY,TRANS NZOIA,KWANZA,AFRISENSE,24.5,0.038274018,0.0067149,59.30135799,0.038462746,0.038274018,31.92038026
RIFT VALLEY,TRANS NZOIA,KWANZA,BELLEZA (PWANI OIL PRODUCTS),82.1734375,0.114664804,0.006490543,49.90524051,0.115159129,0.114664804,30.6749949
RIFT VALLEY,TRANS NZOIA,KWANZA,DETREX,327.24,0.072232866,0.007837111,62.82291179,0.072265647,0.072232866,35.94933486
RIFT VALLEY,TRANS NZOIA,KWANZA,DIVA GLYCERIN,1.506583333,0.003494505,0.000765983,,0.004648657,0.003494505,
RIFT VALLEY,TRANS NZOIA,KWANZA,FRESCO (PWANI OIL PRODUCTS),78.68729167,0.12583839,0.009748994,50.1331621,0.126117497,0.12583839,31.37525747
RIFT VALLEY,TRANS NZOIA,KWANZA,FRESH FRI,3073.3045,0.053627583,0.005075807,35.95963703,0.053671777,0.053627583,19.90824692
RIFT VALLEY,TRANS NZOIA,KWANZA,FRYMATE,618,0.033818013,0.005140755,41.1726797,0.033844469,0.033818013,21.97871805
RIFT VALLEY,TRANS NZOIA,KWANZA,MPISHI POA,482.444,0.064772663,0.007901496,44.90797803,0.065036706,0.064772663,25.36279836
RIFT VALLEY,TRANS NZOIA,KWANZA,NDUME,2288,0.066203704,0.006191063,28.18658695,0.066203704,0.066203704,15.95934993
RIFT VALLEY,TRANS NZOIA,KWANZA,ONJA,153.75,0.113556501,0.012570004,48.0155273,0.113720414,0.113556501,29.46023892
RIFT VALLEY,TRANS NZOIA,KWANZA,POPCO,1019.242,0.089939781,0.015606855,45.97764899,0.091838927,0.089939781,27.1240442
RIFT VALLEY,TRANS NZOIA,KWANZA,SALIT,5251.151833,0.092288584,0.007932555,32.21380624,0.092331246,0.092288584,19.07986969
RIFT VALLEY,TRANS NZOIA,KWANZA,SAWA BODY WASH,27.955,0.19487803,0.036029321,,0.214050536,0.19487803,
RIFT VALLEY,TRANS NZOIA,KWANZA,SAWA CANDLES,143.6,0.127037562,0.012047991,,0.127192205,0.127037562,
RIFT VALLEY,TRANS NZOIA,KWANZA,SAWA GLYCERIN,172.2905764,0.110095607,0.008128271,,0.110440891,0.110095607,
RIFT VALLEY,TRANS NZOIA,KWANZA,SAWA HANDWASH,86.34,0.631209653,0.0755358,,0.633994407,0.631209653,
RIFT VALLEY,TRANS NZOIA,KWANZA,SAWA MILKING JELLY,399.9446667,0.178537294,0.009311875,,0.178612133,0.178537294,
RIFT VALLEY,TRANS NZOIA,KWANZA,SAWA PETROLLEUM JELLY,18.12625,0.184318822,0.011595346,67.7751565,0.184672007,0.184318822,46.37981524
RIFT VALLEY,TRANS NZOIA,KWANZA,SAWA SOAP,1626.983917,0.049095832,0.005627163,,0.049138911,0.049095832,
RIFT VALLEY,TRANS NZOIA,KWANZA,USHINDI BAR,592.675,0.06610274,0.005490228,56.68066768,0.06615747,0.06610274,32.08708129
RIFT VALLEY,TRANS NZOIA,KWANZA,USHINDI DETERGENT,0,0,,62.60669506,,0,31.30334753
RIFT VALLEY,TRANS NZOIA,KWANZA,USHINDI LIQUID DISHWASH,170.5015,0.043195089,0.005354019,,0.043295189,0.043195089,
RIFT VALLEY,TRANS NZOIA,KWANZA,USHINDI PASTE DISHWASH,137.4,0.081656946,0.010235704,,0.081766246,0.081656946,
RIFT VALLEY,TRANS NZOIA,KWANZA,WHITE WASH (PWANI OIL PRODUCTS),34.65,0.000544572,0.000289622,47.00378801,0.000550126,0.000544572,23.52749097
RIFT VALLEY,TRANS NZOIA,KWANZA,,6.21,,,,,,
RIFT VALLEY,TRANS NZOIA,MARAKWET WEST,AFRISENSE,0.9625,0.001315056,0.0002638,59.30135799,0.001511036,0.001315056,29.7286636
RIFT VALLEY,TRANS NZOIA,MARAKWET WEST,BELLEZA (PWANI OIL PRODUCTS),2.3905,0.002793296,0.000188816,49.90524051,0.003350084,0.002793296,25.09202037
RIFT VALLEY,TRANS NZOIA,MARAKWET WEST,DETREX,4.48,0.000954036,0.000107292,62.82291179,0.000989335,0.000954036,31.47139119
RIFT VALLEY,TRANS NZOIA,MARAKWET WEST,DIVA (PWANI OIL PRODUCTS),0.4,0,0.000152777,50.59946771,0.000693963,0,25.29973386
RIFT VALLEY,TRANS NZOIA,MARAKWET WEST,FRESCO (PWANI OIL PRODUCTS),2.290895833,0.003353561,0.000283831,50.1331621,0.003671775,0.003353561,25.23470568
RIFT VALLEY,TRANS NZOIA,MARAKWET WEST,FRESH FRI,232.1241667,0.004007274,0.000383372,35.95963703,0.004053785,0.004007274,18.12391863
RIFT VALLEY,TRANS NZOIA,MARAKWET WEST,FRYMATE,1,2.74E-05,8.32E-06,41.1726797,5.48E-05,2.74E-05,20.58746728
RIFT VALLEY,TRANS NZOIA,MARAKWET WEST,SALIT,17.82033333,0.000266349,2.69E-05,32.21380624,0.000313336,0.000266349,16.11548323
RIFT VALLEY,TRANS NZOIA,MARAKWET WEST,SAWA CANDLES,0.4,0.000177179,3.36E-05,,0.000354296,0.000177179,
RIFT VALLEY,TRANS NZOIA,MARAKWET WEST,SAWA GLYCERIN,5.977083333,0.003444737,0.000281985,,0.003831402,0.003444737,
RIFT VALLEY,TRANS NZOIA,MARAKWET WEST,SAWA MILKING JELLY,15.64166667,0.006894968,0.000364184,,0.006985445,0.006894968,
RIFT VALLEY,TRANS NZOIA,MARAKWET WEST,SAWA PETROLLEUM JELLY,0.44625,0.004115226,0.000285466,67.7751565,0.004546439,0.004115226,34.16648836
RIFT VALLEY,TRANS NZOIA,MARAKWET WEST,SAWA SOAP,40.245,0.001170247,0.000139193,,0.001215498,0.001170247,
RIFT VALLEY,TRANS NZOIA,MARAKWET WEST,USHINDI BAR,41.5,0.004574111,0.000384434,56.68066768,0.004632446,0.004574111,28.5995975
RIFT VALLEY,TRANS NZOIA,MARAKWET WEST,USHINDI DETERGENT,0,0,,62.60669506,,0,31.30334753
RIFT VALLEY,TRANS NZOIA,MARAKWET WEST,USHINDI LIQUID DISHWASH,0.924916667,0.000130258,2.90E-05,,0.000234863,0.000130258,
RIFT VALLEY,TRANS NZOIA,MARAKWET WEST,USHINDI PASTE DISHWASH,1.2,0.000595167,8.94E-05,,0.000714116,0.000595167,
RIFT VALLEY,TRANS NZOIA,SABOTI,4U SOAP,87,0.03164557,0.005828267,,0.036523929,0.03164557,
RIFT VALLEY,TRANS NZOIA,SABOTI,AFRISENSE,9.59,0.014862096,0.002628404,59.30135799,0.015055418,0.014862096,30.53202146
RIFT VALLEY,TRANS NZOIA,SABOTI,BELLEZA (PWANI OIL PRODUCTS),125.6008542,0.175558659,0.009920697,49.90524051,0.176018984,0.175558659,33.71391737
RIFT VALLEY,TRANS NZOIA,SABOTI,DETREX,915.40275,0.202123661,0.021923092,62.82291179,0.202151852,0.202123661,44.10945279
RIFT VALLEY,TRANS NZOIA,SABOTI,DIVA (PWANI OIL PRODUCTS),7.2,0.011805556,0.002749981,50.59946771,0.012491325,0.011805556,25.89708868
RIFT VALLEY,TRANS NZOIA,SABOTI,FRESCO (PWANI OIL PRODUCTS),112.5527083,0.180134142,0.013944764,50.1331621,0.180395913,0.180134142,34.09727521
RIFT VALLEY,TRANS NZOIA,SABOTI,FRESH FRI,6483.022167,0.113177215,0.010707227,35.95963703,0.113218628,0.113177215,22.04963007
RIFT VALLEY,TRANS NZOIA,SABOTI,FRYMATE,350,0.019140721,0.002911431,41.1726797,0.019167579,0.019140721,21.37441464
RIFT VALLEY,TRANS NZOIA,SABOTI,MPISHI POA,2264.933167,0.30513209,0.037095209,44.90797803,0.305328273,0.30513209,36.15685423
RIFT VALLEY,TRANS NZOIA,SABOTI,NDUME,2197.2,0.063576389,0.005945369,28.18658695,0.063576389,0.063576389,15.88529489
RIFT VALLEY,TRANS NZOIA,SABOTI,ONJA,161.25,0.119104864,0.013183175,48.0155273,0.119267751,0.119104864,29.7266465
RIFT VALLEY,TRANS NZOIA,SABOTI,POPCO,85.534,0.00563197,0.001309715,45.97764899,0.007707052,0.00563197,23.24776923
RIFT VALLEY,TRANS NZOIA,SABOTI,SALIT,1932.153167,0.033927734,0.002918771,32.21380624,0.033973139,0.033927734,17.19984457
RIFT VALLEY,TRANS NZOIA,SABOTI,SAWA CANDLES,69.4,0.06130404,0.005822636,,0.061470328,0.06130404,
RIFT VALLEY,TRANS NZOIA,SABOTI,SAWA GLYCERIN,262.2791875,0.167802071,0.012373726,,0.168124965,0.167802072,
RIFT VALLEY,TRANS NZOIA,SABOTI,SAWA MILKING JELLY,385.1469444,0.171928146,0.008967341,,0.172003587,0.171928146,
RIFT VALLEY,TRANS NZOIA,SABOTI,SAWA PETROLLEUM JELLY,31.51375,0.320771063,0.020159317,67.7751565,0.321065166,0.320771063,55.62788728
RIFT VALLEY,TRANS NZOIA,SABOTI,SAWA SOAP,3888.381,0.117398674,0.013448536,,0.117438659,0.117398674,
RIFT VALLEY,TRANS NZOIA,SABOTI,USHINDI BAR,932.175,0.104001719,0.008635176,56.68066768,0.104054228,0.104001719,34.23522072
RIFT VALLEY,TRANS NZOIA,SABOTI,USHINDI DETERGENT,0,0,,62.60669506,,0,31.30334753
RIFT VALLEY,TRANS NZOIA,SABOTI,USHINDI LIQUID DISHWASH,73.397,0.01853491,0.002304783,,0.018637589,0.01853491,
RIFT VALLEY,TRANS NZOIA,SABOTI,USHINDI PASTE DISHWASH,107.6,0.063920962,0.008015733,,0.064032373,0.063920962,
RIFT VALLEY,TRANS NZOIA,SABOTI,WHITE WASH (PWANI OIL PRODUCTS),27.3,0.000427878,0.000228187,47.00378801,0.000433433,0.000427878,23.52200591
RIFT VALLEY,TRANS NZOIA,SOY,AFRISENSE,0.125,0,3.43E-05,59.30135799,0.000196239,0,29.650679
RIFT VALLEY,TRANS NZOIA,SOY,BELLEZA (PWANI OIL PRODUCTS),1.095645833,0.000977654,8.65E-05,49.90524051,0.001535455,0.000977654,25.00141029
RIFT VALLEY,TRANS NZOIA,SOY,DETREX,1.44,0.000282677,3.45E-05,62.82291179,0.000318001,0.000282677,31.4292145
RIFT VALLEY,TRANS NZOIA,SOY,FRESCO (PWANI OIL PRODUCTS),0.996041667,0.001277547,0.000123405,50.1331621,0.001596424,0.001277547,25.13062853
RIFT VALLEY,TRANS NZOIA,SOY,FRESH FRI,48.56433333,0.00080146,8.02E-05,35.95963703,0.000848121,0.00080146,18.00863873
RIFT VALLEY,TRANS NZOIA,SOY,ONJA,0.5,0.000184945,4.09E-05,48.0155273,0.000369822,0.000184945,24.0166439
RIFT VALLEY,TRANS NZOIA,SOY,SALIT,2.673,0,4.04E-06,32.21380624,4.70E-05,0,16.10690312
RIFT VALLEY,TRANS NZOIA,SOY,SAWA CANDLES,0.2,0,1.68E-05,,0.000177148,0,
RIFT VALLEY,TRANS NZOIA,SOY,SAWA GLYCERIN,1.778020833,0.000752029,8.39E-05,,0.001139739,0.000752029,
RIFT VALLEY,TRANS NZOIA,SOY,SAWA MILKING JELLY,1.4535,0.000558068,3.38E-05,,0.000649122,0.000558068,
RIFT VALLEY,TRANS NZOIA,SOY,SAWA PETROLLEUM JELLY,0.0425,1.04E-17,2.72E-05,67.7751565,0.000432994,0,33.88757825
RIFT VALLEY,TRANS NZOIA,SOY,SAWA SOAP,8.295,0.000205235,2.87E-05,,0.000250529,0.000205235,
RIFT VALLEY,TRANS NZOIA,SOY,USHINDI BAR,7.05,0.000728397,6.53E-05,56.68066768,0.000786958,0.000728397,28.38161988
RIFT VALLEY,TRANS NZOIA,SOY,USHINDI DETERGENT,0,0,,62.60669506,,0,31.30334753
RIFT VALLEY,TRANS NZOIA,SOY,USHINDI PASTE DISHWASH,0.4,0.000119033,2.98E-05,,0.000238039,0.000119033,
RIFT VALLEY,TURKANA,LOIMA,AFRISENSE,0.5775,0.000710523,0.00015828,59.30135799,0.000906622,0.000710523,29.69281396
RIFT VALLEY,TURKANA,LOIMA,BELLEZA (PWANI OIL PRODUCTS),2.6893125,0.003212291,0.000212418,49.90524051,0.003768844,0.003212291,25.11293039
RIFT VALLEY,TURKANA,LOIMA,DETREX,26.48,0.005812551,0.000634173,62.82291179,0.005847679,0.005812551,31.77661725
RIFT VALLEY,TURKANA,LOIMA,DIVA (PWANI OIL PRODUCTS),1.2,0.001388889,0.00045833,50.59946771,0.002081888,0.001388889,25.37001089
RIFT VALLEY,TURKANA,LOIMA,DIVA GLYCERIN,1.004388889,0.001943155,0.000510655,,0.003099105,0.001943155,
RIFT VALLEY,TURKANA,LOIMA,FRESCO (PWANI OIL PRODUCTS),2.3905,0.003513255,0.000296172,50.1331621,0.003831418,0.003513255,25.24271161
RIFT VALLEY,TURKANA,LOIMA,FRESH FRI,4.455,3.11E-05,7.36E-06,35.95963703,7.78E-05,3.11E-05,17.98093703
RIFT VALLEY,TURKANA,LOIMA,ONJA,0.75,0.000369891,6.13E-05,48.0155273,0.000554734,0.000369891,24.02552416
RIFT VALLEY,TURKANA,LOIMA,SALIT,67.716,0.001143708,0.000102294,32.21380624,0.001190654,0.001143708,16.1437463
RIFT VALLEY,TURKANA,LOIMA,SAWA CANDLES,11.2,0.009744862,0.000939676,,0.009920283,0.009744862,
RIFT VALLEY,TURKANA,LOIMA,SAWA GLYCERIN,1.513166667,0.000582188,7.14E-05,,0.000969963,0.000582188,
RIFT VALLEY,TURKANA,LOIMA,SAWA MILKING JELLY,6.694833333,0.002899019,0.000155875,,0.00298986,0.002899019,
RIFT VALLEY,TURKANA,LOIMA,SAWA SOAP,251.375,0.007547181,0.000869417,,0.007592143,0.007547181,
RIFT VALLEY,TURKANA,LOIMA,USHINDI BAR,37.8,0.004161073,0.000350159,56.68066768,0.004219433,0.004161073,28.57618626
RIFT VALLEY,TURKANA,LOIMA,USHINDI PASTE DISHWASH,0.8,0.0003571,5.96E-05,,0.000476077,0.0003571,
RIFT VALLEY,TURKANA,LOIMA,WHITE WASH (PWANI OIL PRODUCTS),127.75,0.002022697,0.001067799,47.00378801,0.002028243,0.002022697,23.59696844
RIFT VALLEY,TURKANA,TURKANA CENTRAL,AFRISENSE,97.375,0.15270352,0.026688301,59.30135799,0.152869792,0.15270352,38.70620508
RIFT VALLEY,TURKANA,TURKANA CENTRAL,BELLEZA (PWANI OIL PRODUCTS),390.6475417,0.547206704,0.03085565,49.90524051,0.54745952,0.547206704,52.26110242
RIFT VALLEY,TURKANA,TURKANA CENTRAL,DETREX,2493.412,0.550613726,0.059715028,62.82291179,0.550629604,0.550613726,66.00261344
RIFT VALLEY,TURKANA,TURKANA CENTRAL,DIVA (PWANI OIL PRODUCTS),108,0.186805556,0.041249714,50.59946771,0.187369882,0.186805556,34.75199553
RIFT VALLEY,TURKANA,TURKANA CENTRAL,DIVA GLYCERIN,154.8576111,0.477217395,0.078733264,,0.477822882,0.477217395,
RIFT VALLEY,TURKANA,TURKANA CENTRAL,FRESCO (PWANI OIL PRODUCTS),201.4992292,0.322740339,0.02496483,50.1331621,0.322956577,0.322740339,41.24657476
RIFT VALLEY,TURKANA,TURKANA CENTRAL,FRESH FRI,3395.681,0.059257785,0.005608237,35.95963703,0.059301717,0.059257785,20.11070697
RIFT VALLEY,TURKANA,TURKANA CENTRAL,FRYMATE,12,0.000629809,9.98E-05,41.1726797,0.000657174,0.000629809,20.61227078
RIFT VALLEY,TURKANA,TURKANA CENTRAL,ONJA,22.5,0.016460144,0.001839513,48.0155273,0.016642012,0.016460144,24.79810616
RIFT VALLEY,TURKANA,TURKANA CENTRAL,SALIT,6124.878,0.107652074,0.009252433,32.21380624,0.107694014,0.107652074,19.57478618
RIFT VALLEY,TURKANA,TURKANA CENTRAL,SAWA CANDLES,1067.8,0.945783133,0.089588053,,0.945792737,0.945783133,
RIFT VALLEY,TURKANA,TURKANA CENTRAL,SAWA GLYCERIN,178.2933125,0.113944946,0.008411466,,0.114288737,0.113944946,
RIFT VALLEY,TURKANA,TURKANA CENTRAL,SAWA MILKING JELLY,1192.181333,0.532376176,0.02775745,,0.532418779,0.532376176,
RIFT VALLEY,TURKANA,TURKANA CENTRAL,SAWA PETROLLEUM JELLY,2.55,0.025557721,0.001631233,67.7751565,0.025979649,0.025557721,35.61975682
RIFT VALLEY,TURKANA,TURKANA CENTRAL,SAWA SOAP,9483.391806,0.286389401,0.032799702,,0.28642173,0.286389401,
RIFT VALLEY,TURKANA,TURKANA CENTRAL,USHINDI BAR,6964.275,0.777375593,0.064513357,56.68066768,0.77738864,0.777375593,72.40250151
RIFT VALLEY,TURKANA,TURKANA CENTRAL,USHINDI PASTE DISHWASH,149.8,0.089037019,0.011159451,,0.089145442,0.089037019,
RIFT VALLEY,TURKANA,TURKANA CENTRAL,WHITE WASH (PWANI OIL PRODUCTS),1860.275,0.029529556,0.015549114,47.00378801,0.029534949,0.029529556,24.889895
RIFT VALLEY,TURKANA,TURKANA NORTH,SAWA MILKING JELLY,4.056666667,0.001720727,9.45E-05,,0.001811675,0.001720727,
RIFT VALLEY,TURKANA,TURKANA NORTH,SAWA SOAP,5.424,0.00011852,1.88E-05,,0.000163818,0.00011852,
RIFT VALLEY,TURKANA,TURKANA NORTH,USHINDI BAR,10,0.001057711,9.26E-05,56.68066768,0.001116252,0.001057711,28.4002856
RIFT VALLEY,TURKANA,TURKANA SOUTH,AFRISENSE,6.3125,0.009715712,0.001730114,59.30135799,0.009910044,0.009715712,30.22683393
RIFT VALLEY,TURKANA,TURKANA SOUTH,BELLEZA (PWANI OIL PRODUCTS),31.87333333,0.044134078,0.002517544,49.90524051,0.044667783,0.044134078,27.15514204
RIFT VALLEY,TURKANA,TURKANA SOUTH,DETREX,195.36,0.043108278,0.0046787,62.82291179,0.043142088,0.043108278,34.11964342
RIFT VALLEY,TURKANA,TURKANA SOUTH,DIVA (PWANI OIL PRODUCTS),6,0.009722222,0.002291651,50.59946771,0.010409438,0.009722222,25.79167312
RIFT VALLEY,TURKANA,TURKANA SOUTH,DIVA GLYCERIN,5.273041667,0.015129624,0.002680939,,0.016270301,0.015129624,
RIFT VALLEY,TURKANA,TURKANA SOUTH,FRESCO (PWANI OIL PRODUCTS),14.54220833,0.022995848,0.001801713,50.1331621,0.023307791,0.022995848,26.21943562
RIFT VALLEY,TURKANA,TURKANA SOUTH,FRESH FRI,498.079,0.00865209,0.000822617,35.95963703,0.008698385,0.00865209,18.29094454
RIFT VALLEY,TURKANA,TURKANA SOUTH,ONJA,5.25,0.003698909,0.00042922,48.0155273,0.003883136,0.003698909,24.18536871
RIFT VALLEY,TURKANA,TURKANA SOUTH,SALIT,712.824,0.012487205,0.001076814,32.21380624,0.012533617,0.012487205,16.50916352
RIFT VALLEY,TURKANA,TURKANA SOUTH,SAWA CANDLES,85,0.075124026,0.007131471,,0.075287865,0.075124026,
RIFT VALLEY,TURKANA,TURKANA SOUTH,SAWA GLYCERIN,28.59925,0.01795152,0.001349247,,0.018332556,0.01795152,
RIFT VALLEY,TURKANA,TURKANA SOUTH,SAWA MILKING JELLY,119.366,0.053221658,0.002779188,,0.053307914,0.053221658,
RIFT VALLEY,TURKANA,TURKANA SOUTH,SAWA PETROLLEUM JELLY,0.51,0.004764999,0.000326247,67.7751565,0.00519593,0.004764999,34.2105268
RIFT VALLEY,TURKANA,TURKANA SOUTH,SAWA SOAP,1385.909528,0.041814463,0.004793371,,0.041857873,0.041814463,
RIFT VALLEY,TURKANA,TURKANA SOUTH,USHINDI BAR,658.45,0.073445319,0.006099532,56.68066768,0.073499618,0.073445319,32.50326354
RIFT VALLEY,TURKANA,TURKANA SOUTH,USHINDI PASTE DISHWASH,23.4,0.01380788,0.001743199,,0.013925256,0.01380788,
RIFT VALLEY,TURKANA,TURKANA SOUTH,WHITE WASH (PWANI OIL PRODUCTS),80.15,0.001266964,0.000669934,47.00378801,0.001272514,0.001266964,23.56144613
RIFT VALLEY,TURKANA,TURKANA WEST,AFRISENSE,4.08,0.006210205,0.001118236,59.30135799,0.006405225,0.006210205,30.01895258
RIFT VALLEY,TURKANA,TURKANA WEST,BELLEZA (PWANI OIL PRODUCTS),33.467,0.046368715,0.002643421,49.90524051,0.046901173,0.046368715,27.26666213
RIFT VALLEY,TURKANA,TURKANA WEST,DETREX,356.56,0.078707941,0.008539299,62.82291179,0.078740494,0.078707941,36.35611795
RIFT VALLEY,TURKANA,TURKANA WEST,DIVA (PWANI OIL PRODUCTS),4.8,0.007638889,0.001833321,50.59946771,0.00832755,0.007638889,25.68625757
RIFT VALLEY,TURKANA,TURKANA WEST,DIVA GLYCERIN,13.536125,0.04065545,0.006882085,,0.041766564,0.04065545,
RIFT VALLEY,TURKANA,TURKANA WEST,FRESCO (PWANI OIL PRODUCTS),36.1563125,0.057649313,0.004479601,50.1331621,0.057950192,0.057649313,27.95672342
RIFT VALLEY,TURKANA,TURKANA WEST,FRESH FRI,426.805,0.007407313,0.000704902,35.95963703,0.007453665,0.007407313,18.24618279
RIFT VALLEY,TURKANA,TURKANA WEST,ONJA,7.5,0.005363418,0.000613171,48.0155273,0.005547337,0.005363418,24.26529098
RIFT VALLEY,TURKANA,TURKANA WEST,SALIT,474.022,0.008288141,0.000716072,32.21380624,0.008334751,0.008288141,16.37389568
RIFT VALLEY,TURKANA,TURKANA WEST,SAWA CANDLES,136.8,0.121013466,0.011477473,,0.121169176,0.121013466,
RIFT VALLEY,TURKANA,TURKANA WEST,SAWA GLYCERIN,7.8306875,0.004633387,0.000369434,,0.00501959,0.004633387,
RIFT VALLEY,TURKANA,TURKANA WEST,SAWA MILKING JELLY,163.6281667,0.072990593,0.00380974,,0.073075048,0.072990593,
RIFT VALLEY,TURKANA,TURKANA WEST,SAWA SOAP,1624.674667,0.049026084,0.005619176,,0.049069166,0.049026084,
RIFT VALLEY,TURKANA,TURKANA WEST,USHINDI BAR,784.075,0.087469057,0.007263256,56.68066768,0.087522534,0.087469057,33.2981384
RIFT VALLEY,TURKANA,TURKANA WEST,USHINDI PASTE DISHWASH,7.2,0.004166171,0.000536369,,0.004284694,0.004166171,
RIFT VALLEY,TURKANA,TURKANA WEST,WHITE WASH (PWANI OIL PRODUCTS),367.325,0.005826369,0.003070287,47.00378801,0.005831893,0.005826369,23.77575541
RIFT VALLEY,UASIN GISHU,AINABKOI,4U SOAP,816,0.339240506,0.054665126,,0.34256927,0.339240506,
RIFT VALLEY,UASIN GISHU,AINABKOI,AFRISENSE,21.89,0.034175754,0.005999557,59.30135799,0.034365286,0.034175754,31.67734763
RIFT VALLEY,UASIN GISHU,AINABKOI,BELLEZA (PWANI OIL PRODUCTS),151.0995208,0.211312849,0.011934733,49.90524051,0.21175321,0.211312849,35.49823881
RIFT VALLEY,UASIN GISHU,AINABKOI,DETREX,303.2,0.066923834,0.007261374,62.82291179,0.066956803,0.066923834,35.61580603
RIFT VALLEY,UASIN GISHU,AINABKOI,DIVA (PWANI OIL PRODUCTS),19.2,0.032638889,0.007333282,50.59946771,0.033310201,0.032638889,26.95124426
RIFT VALLEY,UASIN GISHU,AINABKOI,FRESCO (PWANI OIL PRODUCTS),107.3732917,0.171830086,0.013303058,50.1331621,0.172094508,0.171830086,33.68096662
RIFT VALLEY,UASIN GISHU,AINABKOI,FRESH FRI,11948.72617,0.208633992,0.019734272,35.95963703,0.208670948,0.208633992,25.48222115
RIFT VALLEY,UASIN GISHU,AINABKOI,FRYKING,60,0.037735849,0.035149385,48.02422195,0.046728972,0.037735849,25.82434577
RIFT VALLEY,UASIN GISHU,AINABKOI,FRYMATE,3374,0.184753142,0.028066194,41.1726797,0.184775465,0.184753142,28.1931218
RIFT VALLEY,UASIN GISHU,AINABKOI,MPISHI POA,1051.754667,0.141541256,0.0172257,44.90797803,0.141783625,0.141541257,28.81032065
RIFT VALLEY,UASIN GISHU,AINABKOI,NDUME,8196.4,0.237164352,0.02217851,28.18658695,0.237164352,0.237164352,20.7781471
RIFT VALLEY,UASIN GISHU,AINABKOI,ONJA,190.25,0.140558535,0.015554102,48.0155273,0.140717456,0.140558535,30.75675584
RIFT VALLEY,UASIN GISHU,AINABKOI,POPCO,1409.538,0.125180993,0.021583152,45.97764899,0.127006596,0.125180993,28.74435227
RIFT VALLEY,UASIN GISHU,AINABKOI,SALIT,6032.116,0.106020959,0.009112304,32.21380624,0.106062976,0.106020959,19.52224175
RIFT VALLEY,UASIN GISHU,AINABKOI,SAWA CANDLES,99.6,0.088058115,0.008356406,,0.088219663,0.088058115,
RIFT VALLEY,UASIN GISHU,AINABKOI,SAWA GLYCERIN,470.3721319,0.301244603,0.02219107,,0.301515721,0.301244603,
RIFT VALLEY,UASIN GISHU,AINABKOI,SAWA MILKING JELLY,417.8800556,0.186547827,0.009729463,,0.186621936,0.186547827,
RIFT VALLEY,UASIN GISHU,AINABKOI,SAWA PETROLLEUM JELLY,36.06125,0.367121507,0.023068349,67.7751565,0.36739554,0.367121507,58.76929587
RIFT VALLEY,UASIN GISHU,AINABKOI,SAWA SOAP,3338.801167,0.100799261,0.011547734,,0.100839998,0.100799261,
RIFT VALLEY,UASIN GISHU,AINABKOI,USHINDI BAR,990.5,0.110512641,0.009175468,56.68066768,0.110564768,0.110512641,34.60426411
RIFT VALLEY,UASIN GISHU,AINABKOI,USHINDI DETERGENT,0,0,,62.60669506,,0,31.30334753
RIFT VALLEY,UASIN GISHU,AINABKOI,USHINDI LIQUID DISHWASH,219.4295833,0.055620623,0.006890439,,0.055719423,0.055620623,
RIFT VALLEY,UASIN GISHU,AINABKOI,USHINDI PASTE DISHWASH,61.8,0.036662302,0.004603832,,0.036776958,0.036662302,
RIFT VALLEY,UASIN GISHU,AINABKOI,WHITE WASH (PWANI OIL PRODUCTS),84.7,0.001339203,0.000707965,47.00378801,0.001344753,0.001339203,23.56484164
RIFT VALLEY,UASIN GISHU,CHESUMEI,FRESH FRI,2.674,0,4.42E-06,35.95963703,4.67E-05,0,17.97981852
RIFT VALLEY,UASIN GISHU,CHESUMEI,SAWA SOAP,1.575,2.27E-06,5.45E-06,,4.76E-05,2.27E-06,
RIFT VALLEY,UASIN GISHU,CHESUMEI,WHITE WASH (PWANI OIL PRODUCTS),0.35,1.33E-19,2.93E-06,47.00378801,5.56E-06,0,23.50189401
RIFT VALLEY,UASIN GISHU,KAPSERET,4U SOAP,1320,0.551898734,0.08842888,,0.554156171,0.551898734,
RIFT VALLEY,UASIN GISHU,KAPSERET,AFRISENSE,32.825,0.051346068,0.008996595,59.30135799,0.05153223,0.051346068,32.69557054
RIFT VALLEY,UASIN GISHU,KAPSERET,BELLEZA (PWANI OIL PRODUCTS),273.0150208,0.38226257,0.021564339,49.90524051,0.382607482,0.38226257,44.02952574
RIFT VALLEY,UASIN GISHU,KAPSERET,DETREX,432.214,0.095415491,0.010351146,62.82291179,0.095447453,0.095415491,37.40573485
RIFT VALLEY,UASIN GISHU,KAPSERET,DIVA (PWANI OIL PRODUCTS),0.6,0.000347222,0.000229165,50.59946771,0.001040944,0.000347222,25.31730311
RIFT VALLEY,UASIN GISHU,KAPSERET,DIVA GLYCERIN,2.252166667,0.005797716,0.001145055,,0.006949202,0.005797716,
RIFT VALLEY,UASIN GISHU,KAPSERET,FRESCO (PWANI OIL PRODUCTS),197.5150625,0.316352603,0.02447121,50.1331621,0.316570881,0.316352603,40.92633738
RIFT VALLEY,UASIN GISHU,KAPSERET,FRESH FRI,11729.67067,0.204808258,0.019372484,35.95963703,0.204845392,0.204808258,25.34464913
RIFT VALLEY,UASIN GISHU,KAPSERET,FRYKING,36,0.018867925,0.021089631,48.02422195,0.028037383,0.018867925,24.91822837
RIFT VALLEY,UASIN GISHU,KAPSERET,FRYMATE,1858.5,0.101755251,0.015459698,41.1726797,0.101779847,0.101755251,24.77587619
RIFT VALLEY,UASIN GISHU,KAPSERET,HOTEL SOAP,1.073333333,0.170940171,0.09623431,,0.191666667,0.170940171,
RIFT VALLEY,UASIN GISHU,KAPSERET,MPISHI POA,102.0943333,0.013484482,0.001672107,44.90797803,0.013763005,0.013484482,23.05954983
RIFT VALLEY,UASIN GISHU,KAPSERET,NDUME,7379.6,0.213530093,0.019968344,28.18658695,0.213530093,0.213530093,20.111978
RIFT VALLEY,UASIN GISHU,KAPSERET,ONJA,509.75,0.376918809,0.041675183,48.0155273,0.377034024,0.376918809,42.10571901
RIFT VALLEY,UASIN GISHU,KAPSERET,POPCO,1432.702,0.127272553,0.021937844,45.97764899,0.129093791,0.127272553,28.84051727
RIFT VALLEY,UASIN GISHU,KAPSERET,SALIT,7254.563667,0.127516323,0.010958971,32.21380624,0.12755733,0.127516323,20.21468925
RIFT VALLEY,UASIN GISHU,KAPSERET,SAWA BODY WASH,4.665,0.012197035,0.006012405,,0.035719755,0.012197035,
RIFT VALLEY,UASIN GISHU,KAPSERET,SAWA CANDLES,76.4,0.067505315,0.006409934,,0.067670505,0.067505315,
RIFT VALLEY,UASIN GISHU,KAPSERET,SAWA GLYCERIN,588.0197847,0.376687818,0.027741415,,0.376929664,0.376687818,
RIFT VALLEY,UASIN GISHU,KAPSERET,SAWA HANDWASH,1.5425,0.003804251,0.001349478,,0.011326574,0.003804251,
RIFT VALLEY,UASIN GISHU,KAPSERET,SAWA MILKING JELLY,453.1413889,0.202296695,0.01055045,,0.20236937,0.202296695,
RIFT VALLEY,UASIN GISHU,KAPSERET,SAWA PETROLLEUM JELLY,25.09625,0.255360624,0.016054048,67.7751565,0.255683048,0.255360624,51.19468449
RIFT VALLEY,UASIN GISHU,KAPSERET,SAWA SOAP,4803.371667,0.145034892,0.016613166,,0.145073625,0.145034892,
RIFT VALLEY,UASIN GISHU,KAPSERET,USHINDI BAR,884.425,0.098671303,0.008192845,56.68066768,0.098724124,0.098671303,33.93308918
RIFT VALLEY,UASIN GISHU,KAPSERET,USHINDI DETERGENT,0,0,,62.60669506,,0,31.30334753
RIFT VALLEY,UASIN GISHU,KAPSERET,USHINDI LIQUID DISHWASH,321.6933333,0.08159102,0.010101684,,0.081687103,0.08159102,
RIFT VALLEY,UASIN GISHU,KAPSERET,USHINDI PASTE DISHWASH,170.4,0.101297465,0.012694061,,0.101404428,0.101297465,
RIFT VALLEY,UASIN GISHU,KAPSERET,WHITE WASH (PWANI OIL PRODUCTS),166.525,0.002638318,0.0013919,47.00378801,0.00264386,0.002638318,23.62590495
RIFT VALLEY,UASIN GISHU,KEIYO SOUTH,BELLEZA (PWANI OIL PRODUCTS),0.597625,0.00027933,4.72E-05,49.90524051,0.000837521,0.00027933,24.96656027
RIFT VALLEY,UASIN GISHU,KEIYO SOUTH,FRESCO (PWANI OIL PRODUCTS),0.597625,0.000638774,7.40E-05,50.1331621,0.000957854,0.000638774,25.09860479
RIFT VALLEY,UASIN GISHU,KEIYO SOUTH,SAWA MILKING JELLY,0.51,0.00013667,1.19E-05,,0.000227762,0.00013667,
RIFT VALLEY,UASIN GISHU,KESSES,4U SOAP,79.5,0.028481013,0.00532583,,0.033375315,0.028481013,
RIFT VALLEY,UASIN GISHU,KESSES,AFRISENSE,15.195,0.023663157,0.004164608,59.30135799,0.023854752,0.023663157,31.05393635
RIFT VALLEY,UASIN GISHU,KESSES,BELLEZA (PWANI OIL PRODUCTS),127.6925417,0.17849162,0.010085911,49.90524051,0.178950307,0.17849162,33.86028749
RIFT VALLEY,UASIN GISHU,KESSES,DETREX,233.94,0.051628346,0.005602658,62.82291179,0.051661855,0.051628346,34.65489892
RIFT VALLEY,UASIN GISHU,KESSES,DIVA (PWANI OIL PRODUCTS),4.4,0.006944444,0.001680544,50.59946771,0.007633588,0.006944444,25.65111905
RIFT VALLEY,UASIN GISHU,KESSES,FRESCO (PWANI OIL PRODUCTS),69.6233125,0.111306292,0.008626009,50.1331621,0.111590038,0.111306292,30.64671743
RIFT VALLEY,UASIN GISHU,KESSES,FRESH FRI,7086.695167,0.123720171,0.011704241,35.95963703,0.123761092,0.123720171,22.42875096
RIFT VALLEY,UASIN GISHU,KESSES,FRYMATE,18260,1,0.151893512,41.1726797,1,1,61.75901955
RIFT VALLEY,UASIN GISHU,KESSES,HOTEL SOAP,5.6,1,0.50209205,,1,1,
RIFT VALLEY,UASIN GISHU,KESSES,MPISHI POA,275.264,0.036835514,0.00450829,44.90797803,0.037107444,0.036835514,24.10819747
RIFT VALLEY,UASIN GISHU,KESSES,NDUME,3789.2,0.109641204,0.010253137,28.18658695,0.109641204,0.109641204,17.1837048
RIFT VALLEY,UASIN GISHU,KESSES,ONJA,60.75,0.044756797,0.004966684,48.0155273,0.044933432,0.044756797,26.15678485
RIFT VALLEY,UASIN GISHU,KESSES,POPCO,96.222,0.006597027,0.001473372,45.97764899,0.008670095,0.006597027,23.29214031
RIFT VALLEY,UASIN GISHU,KESSES,SALIT,12190.24017,0.214304631,0.018414959,32.21380624,0.214341558,0.214304631,23.01047099
RIFT VALLEY,UASIN GISHU,KESSES,SAWA CANDLES,24.8,0.021793055,0.002080711,,0.021966342,0.021793055,
RIFT VALLEY,UASIN GISHU,KESSES,SAWA GLYCERIN,306.3920625,0.196090074,0.014454869,,0.196401992,0.196090074,
RIFT VALLEY,UASIN GISHU,KESSES,SAWA HANDWASH,2.570833333,0.011412752,0.002249131,,0.018877623,0.011412752,
RIFT VALLEY,UASIN GISHU,KESSES,SAWA MILKING JELLY,268.6042778,0.119876368,0.006253889,,0.119956552,0.119876368,
RIFT VALLEY,UASIN GISHU,KESSES,SAWA PETROLLEUM JELLY,21.73875,0.221139268,0.013906258,67.7751565,0.22147651,0.221139268,48.87532674
RIFT VALLEY,UASIN GISHU,KESSES,SAWA SOAP,2846.807375,0.085939166,0.009846101,,0.085980576,0.085939166,
RIFT VALLEY,UASIN GISHU,KESSES,USHINDI BAR,595.875,0.066459962,0.005519871,56.68066768,0.06651467,0.066459962,32.10732885
RIFT VALLEY,UASIN GISHU,KESSES,USHINDI DETERGENT,0,0,,62.60669506,,0,31.30334753
RIFT VALLEY,UASIN GISHU,KESSES,USHINDI LIQUID DISHWASH,132.414,0.033522576,0.004158011,,0.033623687,0.033522576,
RIFT VALLEY,UASIN GISHU,KESSES,USHINDI PASTE DISHWASH,112.2,0.066658731,0.008358414,,0.066769817,0.066658731,
RIFT VALLEY,UASIN GISHU,KESSES,WHITE WASH (PWANI OIL PRODUCTS),111.675,0.001767479,0.000933436,47.00378801,0.001773026,0.001767479,23.5849722
RIFT VALLEY,UASIN GISHU,MOIBEN,4U SOAP,1068,0.44556962,0.071547003,,0.44836272,0.44556962,
RIFT VALLEY,UASIN GISHU,MOIBEN,AFRISENSE,47.835,0.074915012,0.013110499,59.30135799,0.075096549,0.074915012,34.09324094
RIFT VALLEY,UASIN GISHU,MOIBEN,BELLEZA (PWANI OIL PRODUCTS),376.4041458,0.527234637,0.029730623,49.90524051,0.527498604,0.527234637,51.26439161
RIFT VALLEY,UASIN GISHU,MOIBEN,DETREX,689.746,0.152289266,0.016518811,62.82291179,0.152319218,0.152289266,40.97871102
RIFT VALLEY,UASIN GISHU,MOIBEN,DIVA (PWANI OIL PRODUCTS),26.6,0.045486111,0.010159652,50.59946771,0.046148508,0.045486111,27.60130687
RIFT VALLEY,UASIN GISHU,MOIBEN,FRESCO (PWANI OIL PRODUCTS),217.0374792,0.347652507,0.026889947,50.1331621,0.347860792,0.347652507,42.49550055
RIFT VALLEY,UASIN GISHU,MOIBEN,FRESH FRI,19160.97383,0.334593598,0.031645872,35.95963703,0.334624672,0.334593598,30.01168286
RIFT VALLEY,UASIN GISHU,MOIBEN,FRYKING,24,0.009433962,0.014059754,48.02422195,0.018691589,0.009433962,24.46516967
RIFT VALLEY,UASIN GISHU,MOIBEN,FRYMATE,4675.5,0.256031107,0.038892558,41.1726797,0.256051479,0.256031107,31.12782662
RIFT VALLEY,UASIN GISHU,MOIBEN,HOTEL SOAP,1.726666667,0.290598291,0.154811715,,0.308333333,0.290598291,
RIFT VALLEY,UASIN GISHU,MOIBEN,MPISHI POA,547.6646667,0.073567332,0.008969684,44.90797803,0.073828892,0.073567332,25.75774916
RIFT VALLEY,UASIN GISHU,MOIBEN,NDUME,15650,0.452835648,0.042347089,28.18658695,0.452835648,0.452835648,26.85718485
RIFT VALLEY,UASIN GISHU,MOIBEN,ONJA,519,0.38376179,0.042431427,48.0155273,0.38387574,0.38376179,42.43428837
RIFT VALLEY,UASIN GISHU,MOIBEN,POPCO,1480.804,0.131615854,0.022674393,45.97764899,0.133428028,0.131615854,29.04021202
RIFT VALLEY,UASIN GISHU,MOIBEN,SALIT,8398.215833,0.147626158,0.012686608,32.21380624,0.147666219,0.147626158,20.86250355
RIFT VALLEY,UASIN GISHU,MOIBEN,SAWA BODY WASH,21.75,0.146207546,0.028032113,,0.166539051,0.146207546,
RIFT VALLEY,UASIN GISHU,MOIBEN,SAWA CANDLES,193,0.17080085,0.016192634,,0.170947741,0.17080085,
RIFT VALLEY,UASIN GISHU,MOIBEN,SAWA GLYCERIN,734.7876458,0.470804776,0.034665583,,0.471010104,0.470804776,
RIFT VALLEY,UASIN GISHU,MOIBEN,SAWA HANDWASH,18.51,0.129344522,0.016193742,,0.135918884,0.129344522,
RIFT VALLEY,UASIN GISHU,MOIBEN,SAWA MILKING JELLY,885.7171111,0.395499202,0.020622071,,0.395554275,0.395499202,
RIFT VALLEY,UASIN GISHU,MOIBEN,SAWA PETROLLEUM JELLY,57.73625,0.588044185,0.036933826,67.7751565,0.588222559,0.588044185,73.74236489
RIFT VALLEY,UASIN GISHU,MOIBEN,SAWA SOAP,5720.894875,0.172747602,0.019786554,,0.17278508,0.172747602,
RIFT VALLEY,UASIN GISHU,MOIBEN,USHINDI BAR,2704.625,0.301863413,0.025054214,56.68066768,0.301904326,0.301863413,45.45015364
RIFT VALLEY,UASIN GISHU,MOIBEN,USHINDI DETERGENT,0,0,,62.60669506,,0,31.30334753
RIFT VALLEY,UASIN GISHU,MOIBEN,USHINDI FLOOR CLEANER,3.0225,0,0.111111111,,0.25,0,
RIFT VALLEY,UASIN GISHU,MOIBEN,USHINDI LIQUID DISHWASH,539.198,0.13682743,0.016931678,,0.136917734,0.13682743,
RIFT VALLEY,UASIN GISHU,MOIBEN,USHINDI PASTE DISHWASH,164.4,0.097726461,0.012247087,,0.097833849,0.097726461,
RIFT VALLEY,UASIN GISHU,MOIBEN,WHITE WASH (PWANI OIL PRODUCTS),203.05,0.003218216,0.001697194,47.00378801,0.003223755,0.003218216,23.65316236
RIFT VALLEY,UASIN GISHU,SOY,4U SOAP,232.5,0.093037975,0.015575541,,0.097607053,0.093037975,
RIFT VALLEY,UASIN GISHU,SOY,AFRISENSE,82.8525,0.129900056,0.022708009,59.30135799,0.130070803,0.129900056,37.3539287
RIFT VALLEY,UASIN GISHU,SOY,BELLEZA (PWANI OIL PRODUCTS),263.3534167,0.368715084,0.020801208,49.90524051,0.36906756,0.368715084,43.35343519
RIFT VALLEY,UASIN GISHU,SOY,DETREX,764.515,0.168801371,0.018309463,62.82291179,0.16883074,0.168801371,42.0160495
RIFT VALLEY,UASIN GISHU,SOY,DIVA (PWANI OIL PRODUCTS),18.2,0.030902778,0.006951341,50.59946771,0.031575295,0.030902778,26.86339796
RIFT VALLEY,UASIN GISHU,SOY,DIVA GLYCERIN,2.252166667,0.005797716,0.001145055,,0.006949202,0.005797716,
RIFT VALLEY,UASIN GISHU,SOY,FRESCO (PWANI OIL PRODUCTS),162.4543958,0.26014053,0.020127354,50.1331621,0.260376756,0.26014053,38.10824842
RIFT VALLEY,UASIN GISHU,SOY,FRESH FRI,10059.28383,0.175635484,0.016613707,35.95963703,0.175673981,0.175635484,24.29560678
RIFT VALLEY,UASIN GISHU,SOY,FRYMATE,3825,0.209452614,0.031817781,41.1726797,0.209474261,0.209452614,29.21006523
RIFT VALLEY,UASIN GISHU,SOY,MPISHI POA,521.617,0.070054939,0.008543074,44.90797803,0.070317491,0.070054939,25.60001469
RIFT VALLEY,UASIN GISHU,SOY,NDUME,18031.6,0.521747685,0.048791424,28.18658695,0.521747685,0.521747685,28.79957997
RIFT VALLEY,UASIN GISHU,SOY,ONJA,287,0.212132421,0.023464007,48.0155273,0.212278107,0.212132421,34.1934137
RIFT VALLEY,UASIN GISHU,SOY,POPCO,1436.212,0.127589484,0.02199159,45.97764899,0.12941006,0.127589484,28.85508899
RIFT VALLEY,UASIN GISHU,SOY,SALIT,12075.3465,0.212284356,0.018241397,32.21380624,0.212321378,0.212284356,22.94539022
RIFT VALLEY,UASIN GISHU,SOY,SAWA BODY WASH,10.8825,0.060965566,0.014025723,,0.083326953,0.060965566,
RIFT VALLEY,UASIN GISHU,SOY,SAWA CANDLES,122.2,0.108079376,0.010252538,,0.108237378,0.108079376,
RIFT VALLEY,UASIN GISHU,SOY,SAWA GLYCERIN,630.0524028,0.403641826,0.029724416,,0.403873214,0.403641826,
RIFT VALLEY,UASIN GISHU,SOY,SAWA HANDWASH,67.845,0.494367613,0.059355181,,0.498185668,0.494367613,
RIFT VALLEY,UASIN GISHU,SOY,SAWA MILKING JELLY,854.807,0.381693732,0.019902394,,0.381750063,0.381693732,
RIFT VALLEY,UASIN GISHU,SOY,SAWA PETROLLEUM JELLY,42.73375,0.435131037,0.027336741,67.7751565,0.435375622,0.435131037,63.37865241
RIFT VALLEY,UASIN GISHU,SOY,SAWA SOAP,5333.511972,0.161047157,0.018446734,,0.161085164,0.161047157,
RIFT VALLEY,UASIN GISHU,SOY,USHINDI BAR,1695.075,0.189165581,0.015702278,56.68066768,0.189213098,0.189165581,39.06236525
RIFT VALLEY,UASIN GISHU,SOY,USHINDI DETERGENT,0,0,,62.60669506,,0,31.30334753
RIFT VALLEY,UASIN GISHU,SOY,USHINDI LIQUID DISHWASH,220.1034167,0.055791747,0.006911598,,0.055890528,0.055791747,
RIFT VALLEY,UASIN GISHU,SOY,USHINDI PASTE DISHWASH,157,0.093322224,0.011695819,,0.093430136,0.093322224,
RIFT VALLEY,UASIN GISHU,SOY,WHITE WASH (PWANI OIL PRODUCTS),100.725,0.001593628,0.00084191,47.00378801,0.001599176,0.001593628,23.57680057
RIFT VALLEY,UASIN GISHU,TURBO,4U SOAP,891,0.370886076,0.059689494,,0.374055416,0.370886076,
RIFT VALLEY,UASIN GISHU,TURBO,AFRISENSE,32.5625,0.050933886,0.00892465,59.30135799,0.051120129,0.050933886,32.67112761
RIFT VALLEY,UASIN GISHU,TURBO,BELLEZA (PWANI OIL PRODUCTS),222.914125,0.312011173,0.017607074,49.90524051,0.31239531,0.312011173,40.52361289
RIFT VALLEY,UASIN GISHU,TURBO,DETREX,717.4220278,0.158401284,0.017181628,62.82291179,0.15843102,0.158401284,41.36268578
RIFT VALLEY,UASIN GISHU,TURBO,DIVA (PWANI OIL PRODUCTS),9.2,0.015277778,0.003513864,50.59946771,0.015961138,0.015277778,26.07278128
RIFT VALLEY,UASIN GISHU,TURBO,FRESCO (PWANI OIL PRODUCTS),149.6054583,0.239540083,0.01853543,50.1331621,0.239782886,0.239540083,37.07548286
RIFT VALLEY,UASIN GISHU,TURBO,FRESH FRI,14319.40633,0.250037166,0.023649638,35.95963703,0.250072188,0.250037165,26.97106423
RIFT VALLEY,UASIN GISHU,TURBO,FRYMATE,516,0.028231879,0.004292281,41.1726797,0.028258488,0.028231879,21.74872197
RIFT VALLEY,UASIN GISHU,TURBO,MPISHI POA,173.8151667,0.023155664,0.002846755,44.90797803,0.023431457,0.023155665,23.49386309
RIFT VALLEY,UASIN GISHU,TURBO,NDUME,8135.6,0.235405093,0.022013992,28.18658695,0.235405093,0.235405093,20.72855959
RIFT VALLEY,UASIN GISHU,TURBO,ONJA,472.5,0.349361938,0.038629767,48.0155273,0.349482249,0.349361938,40.78256133
RIFT VALLEY,UASIN GISHU,TURBO,POPCO,1489.712,0.132420189,0.022810794,45.97764899,0.134230684,0.132420189,29.07719345
RIFT VALLEY,UASIN GISHU,TURBO,SALIT,12829.609,0.225547211,0.01938081,32.21380624,0.22558361,0.225547211,23.37263729
RIFT VALLEY,UASIN GISHU,TURBO,SAWA BODY WASH,3.628333333,0.004065678,0.004676315,,0.027782032,0.004065678,
RIFT VALLEY,UASIN GISHU,TURBO,SAWA CANDLES,108.2,0.095676825,0.009077943,,0.095837024,0.095676825,
RIFT VALLEY,UASIN GISHU,TURBO,SAWA GLYCERIN,694.5505347,0.445002162,0.032767289,,0.445217501,0.445002162,
RIFT VALLEY,UASIN GISHU,TURBO,SAWA HANDWASH,20.55666667,0.144487536,0.017984298,,0.150947553,0.144487536,
RIFT VALLEY,UASIN GISHU,TURBO,SAWA MILKING JELLY,685.9347222,0.306269834,0.015970556,,0.306333036,0.306269834,
RIFT VALLEY,UASIN GISHU,TURBO,SAWA PETROLLEUM JELLY,21.05875,0.21420836,0.013471263,67.7751565,0.214548604,0.21420836,48.4055834
RIFT VALLEY,UASIN GISHU,TURBO,SAWA SOAP,7103.557542,0.214509303,0.024568696,,0.214544889,0.214509304,
RIFT VALLEY,UASIN GISHU,TURBO,USHINDI BAR,1781.975,0.19886638,0.016507273,56.68066768,0.198913329,0.19886638,39.61221301
RIFT VALLEY,UASIN GISHU,TURBO,USHINDI DETERGENT,0,0,,62.60669506,,0,31.30334753
RIFT VALLEY,UASIN GISHU,TURBO,USHINDI FLOOR CLEANER,12.09,1,0.444444444,,1,1,
RIFT VALLEY,UASIN GISHU,TURBO,USHINDI LIQUID DISHWASH,345.169,0.087552784,0.010838857,,0.087648243,0.087552784,
RIFT VALLEY,UASIN GISHU,TURBO,USHINDI PASTE DISHWASH,175.8,0.104511368,0.013096338,,0.104617948,0.104511368,
RIFT VALLEY,UASIN GISHU,TURBO,WHITE WASH (PWANI OIL PRODUCTS),288.775,0.00457925,0.002413727,47.00378801,0.004584782,0.00457925,23.71713612
RIFT VALLEY,WEST POKOT,KACHELIBA,AFRISENSE,1.635,0.002371026,0.000448117,59.30135799,0.0025668,0.002371026,29.79128408
RIFT VALLEY,WEST POKOT,KACHELIBA,BELLEZA (PWANI OIL PRODUCTS),17.53033333,0.024022346,0.001384649,49.90524051,0.024567281,0.024022346,26.15146123
RIFT VALLEY,WEST POKOT,KACHELIBA,DETREX,23.26222222,0.005101931,0.00055711,62.82291179,0.005137085,0.005101931,31.73197408
RIFT VALLEY,WEST POKOT,KACHELIBA,DIVA (PWANI OIL PRODUCTS),1.2,0.001388889,0.00045833,50.59946771,0.002081888,0.001388889,25.37001089
RIFT VALLEY,WEST POKOT,KACHELIBA,FRESCO (PWANI OIL PRODUCTS),11.9525,0.01884382,0.00148086,50.1331621,0.019157088,0.01884382,26.01128133
RIFT VALLEY,WEST POKOT,KACHELIBA,FRESH FRI,188.4966667,0.003245334,0.000311317,35.95963703,0.00329188,0.003245334,18.09651953
RIFT VALLEY,WEST POKOT,KACHELIBA,FRYMATE,6,0.000301213,4.99E-05,41.1726797,0.000328587,0.000301213,20.5987416
RIFT VALLEY,WEST POKOT,KACHELIBA,ONJA,4.5,0.003144072,0.000367903,48.0155273,0.003328402,0.003144072,24.15872795
RIFT VALLEY,WEST POKOT,KACHELIBA,SALIT,195.5778333,0.003392014,0.000295446,32.21380624,0.003438854,0.003392014,16.2161728
RIFT VALLEY,WEST POKOT,KACHELIBA,SAWA CANDLES,34.8,0.03065202,0.002919708,,0.030823738,0.03065202,
RIFT VALLEY,WEST POKOT,KACHELIBA,SAWA GLYCERIN,29.23042361,0.018356269,0.001379024,,0.018737148,0.018356269,
RIFT VALLEY,WEST POKOT,KACHELIBA,SAWA MILKING JELLY,49.78633333,0.022145096,0.001159171,,0.022234184,0.022145096,
RIFT VALLEY,WEST POKOT,KACHELIBA,SAWA PETROLLEUM JELLY,1.89125,0.018843405,0.001209831,67.7751565,0.01926824,0.018843405,35.16469296
RIFT VALLEY,WEST POKOT,KACHELIBA,SAWA SOAP,100.0716389,0.002977241,0.000346112,,0.003022409,0.002977241,
RIFT VALLEY,WEST POKOT,KACHELIBA,USHINDI BAR,104.475,0.01160412,0.000967801,56.68066768,0.011662044,0.01160412,28.99806313
RIFT VALLEY,WEST POKOT,KACHELIBA,USHINDI DETERGENT,0,0,,62.60669506,,0,31.30334753
RIFT VALLEY,WEST POKOT,KACHELIBA,USHINDI LIQUID DISHWASH,22.93525,0.005719893,0.000720203,,0.005823913,0.005719893,
RIFT VALLEY,WEST POKOT,KACHELIBA,USHINDI PASTE DISHWASH,7.2,0.004166171,0.000536369,,0.004284694,0.004166171,
RIFT VALLEY,WEST POKOT,KACHELIBA,WHITE WASH (PWANI OIL PRODUCTS),0.35,1.33E-19,2.93E-06,47.00378801,5.56E-06,0,23.50189401
RIFT VALLEY,WEST POKOT,KAPENGURIA,4U SOAP,198,0.078481013,0.013264332,,0.083123426,0.078481013,
RIFT VALLEY,WEST POKOT,KAPENGURIA,AFRISENSE,123.9675,0.194459492,0.033976708,59.30135799,0.19461757,0.194459492,41.18239097
RIFT VALLEY,WEST POKOT,KAPENGURIA,BELLEZA (PWANI OIL PRODUCTS),427.1026667,0.598324022,0.033735091,49.90524051,0.598548297,0.598324022,54.8121245
RIFT VALLEY,WEST POKOT,KAPENGURIA,DETREX,852.9484444,0.188331153,0.020427366,62.82291179,0.188359832,0.188331153,43.24296728
RIFT VALLEY,WEST POKOT,KAPENGURIA,DIVA (PWANI OIL PRODUCTS),106.8,0.184722222,0.040791383,50.59946771,0.185287994,0.184722222,34.64657997
RIFT VALLEY,WEST POKOT,KAPENGURIA,FRESCO (PWANI OIL PRODUCTS),308.972125,0.495049505,0.038280228,50.1331621,0.495210728,0.495049505,49.88497813
RIFT VALLEY,WEST POKOT,KAPENGURIA,FRESH FRI,7977.046333,0.13926987,0.013174726,35.95963703,0.139310065,0.13926987,22.9879125
RIFT VALLEY,WEST POKOT,KAPENGURIA,FRYMATE,814,0.044552151,0.006771157,41.1726797,0.044578313,0.044552151,22.42067129
RIFT VALLEY,WEST POKOT,KAPENGURIA,MPISHI POA,1593.962333,0.214655151,0.026106009,44.90797803,0.214876877,0.214655151,32.0937178
RIFT VALLEY,WEST POKOT,KAPENGURIA,NDUME,1476,0.042708333,0.003993885,28.18658695,0.042708333,0.042708333,15.29709563
RIFT VALLEY,WEST POKOT,KAPENGURIA,ONJA,313.5,0.231736638,0.025630544,48.0155273,0.231878698,0.231736638,35.1347205
RIFT VALLEY,WEST POKOT,KAPENGURIA,POPCO,1870.992,0.166847314,0.028649036,45.97764899,0.168585966,0.166847314,30.66007173
RIFT VALLEY,WEST POKOT,KAPENGURIA,SALIT,22593.9505,0.397242151,0.03413113,32.21380624,0.39727048,0.397242151,28.90358479
RIFT VALLEY,WEST POKOT,KAPENGURIA,SAWA BODY WASH,69.875,0.523688132,0.090057192,,0.535030628,0.523688132,
RIFT VALLEY,WEST POKOT,KAPENGURIA,SAWA CANDLES,719.6,0.637313962,0.060374192,,0.637378211,0.637313962,
RIFT VALLEY,WEST POKOT,KAPENGURIA,SAWA GLYCERIN,793.1076944,0.508203329,0.037416988,,0.508394146,0.508203329,
RIFT VALLEY,WEST POKOT,KAPENGURIA,SAWA HANDWASH,69.3925,0.505817359,0.060709034,,0.509548956,0.505817359,
RIFT VALLEY,WEST POKOT,KAPENGURIA,SAWA MILKING JELLY,1957.710111,0.874286439,0.045581187,,0.874297892,0.874286439,
RIFT VALLEY,WEST POKOT,KAPENGURIA,SAWA PETROLLEUM JELLY,45.24125,0.460688759,0.028940786,67.7751565,0.460922278,0.460688759,65.11083098
RIFT VALLEY,WEST POKOT,KAPENGURIA,SAWA SOAP,5594.642903,0.16893431,0.019349893,,0.16897196,0.16893431,
RIFT VALLEY,WEST POKOT,KAPENGURIA,USHINDI BAR,3493.65,0.389943654,0.032363324,56.68066768,0.389979405,0.389943654,50.4426005
RIFT VALLEY,WEST POKOT,KAPENGURIA,USHINDI DETERGENT,0,0,,62.60669506,,0,31.30334753
RIFT VALLEY,WEST POKOT,KAPENGURIA,USHINDI LIQUID DISHWASH,669.7251667,0.169975465,0.021030439,,0.170062301,0.169975465,
RIFT VALLEY,WEST POKOT,KAPENGURIA,USHINDI PASTE DISHWASH,522.8,0.311034401,0.038946333,,0.311116401,0.311034401,
RIFT VALLEY,WEST POKOT,KAPENGURIA,WHITE WASH (PWANI OIL PRODUCTS),339.2,0.005379835,0.002835204,47.00378801,0.005385362,0.005379835,23.75476664
RIFT VALLEY,WEST POKOT,KAPENGURIA,,12.42,,,,,,
RIFT VALLEY,WEST POKOT,POKOT SOUTH,AFRISENSE,56.2775,0.088171562,0.015424399,59.30135799,0.088350498,0.088171562,34.87937235
RIFT VALLEY,WEST POKOT,POKOT SOUTH,BELLEZA (PWANI OIL PRODUCTS),196.021,0.274301676,0.015482896,49.90524051,0.274706868,0.274301676,38.64171137
RIFT VALLEY,WEST POKOT,POKOT SOUTH,DETREX,235.9866667,0.052080335,0.005651673,62.82291179,0.052113828,0.052080335,34.68329419
RIFT VALLEY,WEST POKOT,POKOT SOUTH,DIVA (PWANI OIL PRODUCTS),16,0.027083333,0.006111069,50.59946771,0.027758501,0.027083333,26.67013611
RIFT VALLEY,WEST POKOT,POKOT SOUTH,FRESCO (PWANI OIL PRODUCTS),117.6325208,0.188278505,0.014574129,50.1331621,0.188537676,0.188278505,34.50557787
RIFT VALLEY,WEST POKOT,POKOT SOUTH,FRESH FRI,2158.980167,0.0376592,0.003565727,35.95963703,0.037704139,0.0376592,19.33402967
RIFT VALLEY,WEST POKOT,POKOT SOUTH,FRYMATE,13.5,0.000711958,0.000112298,41.1726797,0.000739321,0.000711958,20.61565308
RIFT VALLEY,WEST POKOT,POKOT SOUTH,ONJA,122,0.09006843,0.009974247,48.0155273,0.090236686,0.09006843,28.3324468
RIFT VALLEY,WEST POKOT,POKOT SOUTH,SALIT,3936.985167,0.069180445,0.005947333,32.21380624,0.069224193,0.069180445,18.33546857
RIFT VALLEY,WEST POKOT,POKOT SOUTH,SAWA CANDLES,371.6,0.32902197,0.031177112,,0.329140833,0.32902197,
RIFT VALLEY,WEST POKOT,POKOT SOUTH,SAWA GLYCERIN,392.7218542,0.251450269,0.018527709,,0.251740707,0.251450269,
RIFT VALLEY,WEST POKOT,POKOT SOUTH,SAWA HANDWASH,10.7975,0.072280762,0.009446349,,0.079286016,0.072280762,
RIFT VALLEY,WEST POKOT,POKOT SOUTH,SAWA MILKING JELLY,781.5895556,0.34899242,0.018197679,,0.34905173,0.34899242,
RIFT VALLEY,WEST POKOT,POKOT SOUTH,SAWA PETROLLEUM JELLY,27.6675,0.281568118,0.017698874,67.7751565,0.281879195,0.281568118,52.9709015
RIFT VALLEY,WEST POKOT,POKOT SOUTH,SAWA SOAP,1572.768292,0.047458313,0.00543965,,0.047501466,0.047458313,
RIFT VALLEY,WEST POKOT,POKOT SOUTH,USHINDI BAR,1449.475,0.161748823,0.013427169,56.68066768,0.161797947,0.161748823,37.50836512
RIFT VALLEY,WEST POKOT,POKOT SOUTH,USHINDI DETERGENT,0,0,,62.60669506,,0,31.30334753
RIFT VALLEY,WEST POKOT,POKOT SOUTH,USHINDI LIQUID DISHWASH,151.2983333,0.038318348,0.004751009,,0.038418957,0.038318348,
RIFT VALLEY,WEST POKOT,POKOT SOUTH,USHINDI PASTE DISHWASH,60.8,0.036067135,0.004529336,,0.036181861,0.036067135,
RIFT VALLEY,WEST POKOT,POKOT SOUTH,WHITE WASH (PWANI OIL PRODUCTS),19.075,0.000297292,0.000159438,47.00378801,0.000302847,0.000297292,23.51586786
RIFT VALLEY,WEST POKOT,SIGOR,AFRISENSE,16.325,0.025437501,0.004474316,59.30135799,0.025628748,0.025437501,31.15915738
RIFT VALLEY,WEST POKOT,SIGOR,BELLEZA (PWANI OIL PRODUCTS),67.03360417,0.093435754,0.00529471,49.90524051,0.093941932,0.093435754,29.61555404
RIFT VALLEY,WEST POKOT,SIGOR,DETREX,49.02666667,0.010791792,0.001174146,62.82291179,0.010826744,0.010791792,32.0894277
RIFT VALLEY,WEST POKOT,SIGOR,DIVA (PWANI OIL PRODUCTS),3.6,0.005555556,0.00137499,50.59946771,0.006245663,0.005555556,25.58084201
RIFT VALLEY,WEST POKOT,SIGOR,FRESCO (PWANI OIL PRODUCTS),35.35947917,0.056371766,0.004380877,50.1331621,0.056673052,0.056371766,27.89267594
RIFT VALLEY,WEST POKOT,SIGOR,FRESH FRI,662.6266667,0.011525863,0.001094381,35.95963703,0.011572023,0.011525863,18.39428436
RIFT VALLEY,WEST POKOT,SIGOR,FRYMATE,9.5,0.000492894,7.90E-05,41.1726797,0.000520263,0.000492894,20.60663362
RIFT VALLEY,WEST POKOT,SIGOR,ONJA,33.25,0.024412798,0.002718391,48.0155273,0.024593195,0.024412798,25.17995703
RIFT VALLEY,WEST POKOT,SIGOR,SALIT,1147.201167,0.020125238,0.001732998,32.21380624,0.020171291,0.020125238,16.75521363
RIFT VALLEY,WEST POKOT,SIGOR,SAWA CANDLES,91.2,0.080616584,0.007651649,,0.080779451,0.080616584,
RIFT VALLEY,WEST POKOT,SIGOR,SAWA GLYCERIN,104.0219653,0.066317399,0.004907516,,0.066679669,0.066317399,
RIFT VALLEY,WEST POKOT,SIGOR,SAWA MILKING JELLY,229.6251667,0.102467018,0.005346342,,0.102548788,0.102467018,
RIFT VALLEY,WEST POKOT,SIGOR,SAWA PETROLLEUM JELLY,6.73625,0.068226121,0.004309173,67.7751565,0.068629574,0.068226121,38.51161427
RIFT VALLEY,WEST POKOT,SIGOR,SAWA SOAP,484.4275694,0.01458626,0.001675464,,0.014630903,0.01458626,
RIFT VALLEY,WEST POKOT,SIGOR,USHINDI BAR,396.8,0.044236871,0.003675745,56.68066768,0.044292882,0.044236871,30.84770925
RIFT VALLEY,WEST POKOT,SIGOR,USHINDI DETERGENT,0,0,,62.60669506,,0,31.30334753
RIFT VALLEY,WEST POKOT,SIGOR,USHINDI LIQUID DISHWASH,55.25058333,0.013926536,0.001734956,,0.014029697,0.013926536,
RIFT VALLEY,WEST POKOT,SIGOR,USHINDI PASTE DISHWASH,16.4,0.009641709,0.001221729,,0.009759581,0.009641709,
RIFT VALLEY,WEST POKOT,SIGOR,WHITE WASH (PWANI OIL PRODUCTS),3.325,4.72E-05,2.78E-05,47.00378801,5.28E-05,4.72E-05,23.50411415
,,ALDAI,BELLEZA (PWANI OIL PRODUCTS),1.792875,,,,,,
,,ALDAI,DETREX,1.92,,,,,,
,,ALDAI,FRESCO (PWANI OIL PRODUCTS),0.8964375,,,,,,
,,ALDAI,FRESH FRI,40.098,,,,,,
,,ALDAI,SALIT,4.0095,,,,,,
,,ALDAI,SAWA CANDLES,1.2,,,,,,
,,ALDAI,SAWA GLYCERIN,1.841069444,,,,,,
,,ALDAI,SAWA MILKING JELLY,4.6665,,,,,,
,,ALDAI,SAWA PETROLLEUM JELLY,0.68,,,,,,
,,ALDAI,SAWA SOAP,17.73148611,,,,,,
,,ALDAI,USHINDI BAR,7.1,,,,,,
,,ALDAI,USHINDI DETERGENT,0,,,,,,
,,ALDAI,USHINDI LIQUID DISHWASH,0.206,,,,,,
,,BUURI,DETREX,1.2,,,,,,
,,BUURI,FRESH FRI,8.019,,,,,,
,,BUURI,SALIT,8.91,,,,,,
,,BUURI,SAWA GLYCERIN,0.378291667,,,,,,
,,BUURI,WHITE WASH (PWANI OIL PRODUCTS),9.625,,,,,,
,,DAGORETTI,FRESH FRI,41.878,,,,,,
,,DAGORETTI,SAWA GLYCERIN,0.378291667,,,,,,
,,DAGORETTI,SAWA SOAP,2.7,,,,,,
,,DAGORETTI,USHINDI LIQUID DISHWASH,2.77475,,,,,,
,,DAGORETTI,USHINDI PASTE DISHWASH,1.2,,,,,,
,,DAGORETTI,WHITE WASH (PWANI OIL PRODUCTS),5.075,,,,,,
,,EMGWEN,4U SOAP,24,,,,,,
,,EMGWEN,BELLEZA (PWANI OIL PRODUCTS),2.3905,,,,,,
,,EMGWEN,FRESCO (PWANI OIL PRODUCTS),1.19525,,,,,,
,,EMGWEN,NDUME,20,,,,,,
,,EMGWEN,SAWA GLYCERIN,0.756583333,,,,,,
,,GACHOKA,BELLEZA (PWANI OIL PRODUCTS),0.2988125,,,,,,
,,GACHOKA,FRESCO (PWANI OIL PRODUCTS),0.2988125,,,,,,
,,GACHOKA,FRESH FRI,2.673,,,,,,
,,GACHOKA,NDUME,200,,,,,,
,,GACHOKA,SAWA MILKING JELLY,0.51,,,,,,
,,GACHOKA,SAWA SOAP,10.659,,,,,,
,,GACHOKA,USHINDI LIQUID DISHWASH,0.206,,,,,,
,,KABONDO KASIPUL,BELLEZA (PWANI OIL PRODUCTS),0.199208333,,,,,,
,,KABONDO KASIPUL,DETREX,3.92,,,,,,
,,KABONDO KASIPUL,FRESCO (PWANI OIL PRODUCTS),0.2988125,,,,,,
,,KABONDO KASIPUL,FRESH FRI,59.699,,,,,,
,,KABONDO KASIPUL,HOTEL SOAP,0.28,,,,,,
,,KABONDO KASIPUL,NDUME,386.8,,,,,,
,,KABONDO KASIPUL,ONJA,0.75,,,,,,
,,KABONDO KASIPUL,SALIT,58.808,,,,,,
,,KABONDO KASIPUL,SAWA CANDLES,0.2,,,,,,
,,KABONDO KASIPUL,SAWA GLYCERIN,7.099548611,,,,,,
,,KABONDO KASIPUL,SAWA MILKING JELLY,5.262944444,,,,,,
,,KABONDO KASIPUL,SAWA PETROLLEUM JELLY,0.34,,,,,,
,,KABONDO KASIPUL,SAWA SOAP,106.16,,,,,,
,,KABONDO KASIPUL,USHINDI BAR,12,,,,,,
,,KABONDO KASIPUL,USHINDI DETERGENT,0,,,,,,
,,KABONDO KASIPUL,USHINDI PASTE DISHWASH,0.2,,,,,,
,,KABONDO KASIPUL,WHITE WASH (PWANI OIL PRODUCTS),51.08083333,,,,,,
,,KAJIADO NORTH,FRESH FRI,122.96,,,,,,
,,KAJIADO NORTH,SALIT,17.82,,,,,,
,,KAJIADO NORTH,USHINDI PASTE DISHWASH,4.8,,,,,,
,,KIAMBAA,DETREX,0.32,,,,,,
,,KIAMBAA,FRESH FRI,9.8015,,,,,,
,,KIAMBAA,SAWA MILKING JELLY,0.3995,,,,,,
,,KIAMBAA,SAWA SOAP,1.476,,,,,,
,,KIAMBU,BELLEZA (PWANI OIL PRODUCTS),0.498020833,,,,,,
,,KIAMBU,FRESH FRI,136.7725,,,,,,
,,KIAMBU,SALIT,16.04,,,,,,
,,KIAMBU,SAWA CANDLES,9.6,,,,,,
,,KIAMBU,SAWA MILKING JELLY,30.715,,,,,,
,,KIAMBU,SAWA SOAP,122.575,,,,,,
,,KIAMBU,WHITE WASH (PWANI OIL PRODUCTS),47.975,,,,,,
,,KILGORIS,DETREX,0.96,,,,,,
,,KILGORIS,FRESH FRI,23.16766667,,,,,,
,,KILGORIS,SALIT,279.774,,,,,,
,,KILGORIS,SAWA GLYCERIN,0.302666667,,,,,,
,,KILGORIS,SAWA MILKING JELLY,1.683,,,,,,
,,KILGORIS,SAWA SOAP,3.41,,,,,,
,,KILGORIS,USHINDI BAR,2.7,,,,,,
,,KILIFI NORTH,4U SOAP,6,,,,,,
,,KILIFI NORTH,BELLEZA (PWANI OIL PRODUCTS),0.2988125,,,,,,
,,KILIFI NORTH,DETREX,2.88,,,,,,
,,KILIFI NORTH,FRESCO (PWANI OIL PRODUCTS),0.2988125,,,,,,
,,KILIFI NORTH,WHITE WASH (PWANI OIL PRODUCTS),4.8,,,,,,
,,KISAUNI,SAWA SOAP,3.03,,,,,,
,,KISAUNI,USHINDI LIQUID DISHWASH,5.5495,,,,,,
,,KISAUNI,WHITE WASH (PWANI OIL PRODUCTS),1.05,,,,,,
,,KISUMU WEST,AFRISENSE,1.06,,,,,,
,,KISUMU WEST,BELLEZA (PWANI OIL PRODUCTS),2.0916875,,,,,,
,,KISUMU WEST,DETREX,3.36,,,,,,
,,KISUMU WEST,FRESCO (PWANI OIL PRODUCTS),0.8964375,,,,,,
,,KISUMU WEST,FRESH FRI,26.732,,,,,,
,,KISUMU WEST,ONJA,2.25,,,,,,
,,KISUMU WEST,SALIT,32.077,,,,,,
,,KISUMU WEST,SAWA CANDLES,2.4,,,,,,
,,KISUMU WEST,SAWA GLYCERIN,4.501916667,,,,,,
,,KISUMU WEST,SAWA HANDWASH,3.596666667,,,,,,
,,KISUMU WEST,SAWA MILKING JELLY,3.706,,,,,,
,,KISUMU WEST,SAWA PETROLLEUM JELLY,1.04125,,,,,,
,,KISUMU WEST,SAWA SOAP,45.64683333,,,,,,
,,KISUMU WEST,USHINDI BAR,13.05,,,,,,
,,KISUMU WEST,USHINDI DETERGENT,0,,,,,,
,,KISUMU WEST,USHINDI LIQUID DISHWASH,0.206,,,,,,
,,KISUMU WEST,USHINDI PASTE DISHWASH,3.2,,,,,,
,,KISUMU WEST,WHITE WASH (PWANI OIL PRODUCTS),1.2,,,,,,
,,KITUI RURAL,4U SOAP,1.5,,,,,,
,,KITUI RURAL,BELLEZA (PWANI OIL PRODUCTS),2.0916875,,,,,,
,,KITUI RURAL,DETREX,23.2,,,,,,
,,KITUI RURAL,SALIT,21.384,,,,,,
,,KITUI RURAL,SAWA CANDLES,0.2,,,,,,
,,KITUI RURAL,SAWA GLYCERIN,12.25675,,,,,,
,,KITUI RURAL,SAWA MILKING JELLY,6.606666667,,,,,,
,,KITUI RURAL,SAWA SOAP,25.515,,,,,,
,,KITUI RURAL,USHINDI BAR,23.4,,,,,,
,,KITUI RURAL,USHINDI LIQUID DISHWASH,5.5495,,,,,,
,,KITUI RURAL,WHITE WASH (PWANI OIL PRODUCTS),58.8,,,,,,
,,KITUTU MASABA,AFRISENSE,0.1925,,,,,,
,,KITUTU MASABA,BELLEZA (PWANI OIL PRODUCTS),3.2869375,,,,,,
,,KITUTU MASABA,DETREX,15.92,,,,,,
,,KITUTU MASABA,DIVA (PWANI OIL PRODUCTS),2.4,,,,,,
,,KITUTU MASABA,FRESCO (PWANI OIL PRODUCTS),1.693270833,,,,,,
,,KITUTU MASABA,FRESH FRI,561.8003333,,,,,,
,,KITUTU MASABA,NDUME,380,,,,,,
,,KITUTU MASABA,ONJA,1.25,,,,,,
,,KITUTU MASABA,SALIT,1185.510167,,,,,,
,,KITUTU MASABA,SAWA GLYCERIN,3.152493056,,,,,,
,,KITUTU MASABA,SAWA HANDWASH,2.056666667,,,,,,
,,KITUTU MASABA,SAWA MILKING JELLY,13.40955556,,,,,,
,,KITUTU MASABA,SAWA PETROLLEUM JELLY,2.14625,,,,,,
,,KITUTU MASABA,SAWA SOAP,98.38116667,,,,,,
,,KITUTU MASABA,USHINDI BAR,63.975,,,,,,
,,KITUTU MASABA,USHINDI DETERGENT,0,,,,,,
,,KITUTU MASABA,USHINDI LIQUID DISHWASH,5.344333333,,,,,,
,,KITUTU MASABA,USHINDI PASTE DISHWASH,2.4,,,,,,
,,KITUTU MASABA,WHITE WASH (PWANI OIL PRODUCTS),0.175,,,,,,
,,LIKONI,DETREX,2.88,,,,,,
,,LIKONI,FRESH FRI,10.69266667,,,,,,
,,LIKONI,SAWA SOAP,2.52,,,,,,
,,MAARA,SALIT,267.3,,,,,,
,,MATAYOS,4U SOAP,924,,,,,,
,,MATAYOS,BELLEZA (PWANI OIL PRODUCTS),5.577833333,,,,,,
,,MATAYOS,DETREX,462.48,,,,,,
,,MATAYOS,FRESCO (PWANI OIL PRODUCTS),2.988125,,,,,,
,,MATAYOS,FRESH FRI,36.53166667,,,,,,
,,MATAYOS,NDUME,2042,,,,,,
,,MATAYOS,ONJA,73.5,,,,,,
,,MATAYOS,POPCO,643.308,,,,,,
,,MATAYOS,SALIT,1287.520667,,,,,,
,,MATAYOS,SAWA GLYCERIN,11.04616667,,,,,,
,,MATAYOS,SAWA MILKING JELLY,21.35,,,,,,
,,MATAYOS,SAWA PETROLLEUM JELLY,4.845,,,,,,
,,MATAYOS,SAWA SOAP,5984.1655,,,,,,
,,MATAYOS,USHINDI BAR,12.3,,,,,,
,,MAVOKO,4U SOAP,6,,,,,,
,,MAVOKO,DETREX,5.76,,,,,,
,,MAVOKO,SAWA SOAP,12.375,,,,,,
,,MAVOKO,USHINDI LIQUID DISHWASH,11.099,,,,,,
,,MAVOKO,WHITE WASH (PWANI OIL PRODUCTS),2.1,,,,,,
,,NYARIBARI MASABA,AFRISENSE,0.51,,,,,,
,,NYARIBARI MASABA,BELLEZA (PWANI OIL PRODUCTS),31.0765,,,,,,
,,NYARIBARI MASABA,DETREX,502.384,,,,,,
,,NYARIBARI MASABA,FRESCO (PWANI OIL PRODUCTS),11.354875,,,,,,
,,NYARIBARI MASABA,FRESH FRI,9262.7455,,,,,,
,,NYARIBARI MASABA,MPISHI POA,11.51883333,,,,,,
,,NYARIBARI MASABA,NDUME,3140.8,,,,,,
,,NYARIBARI MASABA,ONJA,26.5,,,,,,
,,NYARIBARI MASABA,POPCO,1416.628,,,,,,
,,NYARIBARI MASABA,POPCO BAR,310,,,,,,
,,NYARIBARI MASABA,SALIT,8022.676,,,,,,
,,NYARIBARI MASABA,SAWA CANDLES,89.8,,,,,,
,,NYARIBARI MASABA,SAWA GLYCERIN,104.2469861,,,,,,
,,NYARIBARI MASABA,SAWA HANDWASH,11.30666667,,,,,,
,,NYARIBARI MASABA,SAWA MILKING JELLY,311.614,,,,,,
,,NYARIBARI MASABA,SAWA PETROLLEUM JELLY,1.46625,,,,,,
,,NYARIBARI MASABA,SAWA SOAP,1271.190222,,,,,,
,,NYARIBARI MASABA,USHINDI BAR,590.4,,,,,,
,,NYARIBARI MASABA,USHINDI DETERGENT,0,,,,,,
,,NYARIBARI MASABA,USHINDI LIQUID DISHWASH,192.72875,,,,,,
,,NYARIBARI MASABA,USHINDI PASTE DISHWASH,154.8,,,,,,
,,NYARIBARI MASABA,WHITE WASH (PWANI OIL PRODUCTS),150.625,,,,,,
,,RABAI,AFRISENSE,1.77,,,,,,
,,RABAI,BELLEZA (PWANI OIL PRODUCTS),1.693270833,,,,,,
,,RABAI,DETREX,337.466,,,,,,
,,RABAI,FRESCO (PWANI OIL PRODUCTS),1.394458333,,,,,,
,,RABAI,FRESH FRI,130.981,,,,,,
,,RABAI,ONJA,2,,,,,,
,,RABAI,SALIT,527.478,,,,,,
,,RABAI,SAWA GLYCERIN,0.315243056,,,,,,
,,RABAI,SAWA MILKING JELLY,34.79066667,,,,,,
,,RABAI,SAWA PETROLLEUM JELLY,0.085,,,,,,
,,RABAI,SAWA SOAP,838.947,,,,,,
,,RABAI,USHINDI BAR,14.4,,,,,,
,,RABAI,USHINDI LIQUID DISHWASH,6.474416667,,,,,,
,,RABAI,WHITE WASH (PWANI OIL PRODUCTS),291.9,,,,,,
,,RONGAI,BELLEZA (PWANI OIL PRODUCTS),0.597625,,,,,,
,,RONGAI,DETREX,0.96,,,,,,
,,RONGAI,FRESH FRI,12.474,,,,,,
,,RONGAI,MPISHI POA,4.188666667,,,,,,
,,RONGAI,SAWA CANDLES,1.6,,,,,,
,,RONGAI,SAWA MILKING JELLY,0.1275,,,,,,
,,RONGAI,SAWA SOAP,13.479,,,,,,
,,RONGAI,USHINDI BAR,12.6,,,,,,
,,RONGAI,USHINDI LIQUID DISHWASH,1.849833333,,,,,,
,,RUIRU,BELLEZA (PWANI OIL PRODUCTS),0.597625,,,,,,
,,RUIRU,FRESCO (PWANI OIL PRODUCTS),0.597625,,,,,,
,,RUIRU,SAWA GLYCERIN,1.210583333,,,,,,
,,RUIRU,WHITE WASH (PWANI OIL PRODUCTS),1260,,,,,,
,,SABATIA,AFRISENSE,1.5,,,,,,
,,SABATIA,NDUME,0,,,,,,
,,SABATIA,SALIT,42.768,,,,,,
,,SABATIA,SAWA GLYCERIN,0.756583333,,,,,,
,,SABATIA,SAWA MILKING JELLY,4.056666667,,,,,,
,,SABATIA,SAWA SOAP,1.5,,,,,,
,,SIGOWET/SOIN,BELLEZA (PWANI OIL PRODUCTS),0.697229167,,,,,,
,,SIGOWET/SOIN,DETREX,7.2,,,,,,
,,SIGOWET/SOIN,DIVA GLYCERIN,1.879375,,,,,,
,,SIGOWET/SOIN,FRESCO (PWANI OIL PRODUCTS),0.697229167,,,,,,
,,SIGOWET/SOIN,FRESH FRI,1.782,,,,,,
,,SIGOWET/SOIN,SALIT,8.019,,,,,,
,,SIGOWET/SOIN,SAWA GLYCERIN,0.416145833,,,,,,
,,SIGOWET/SOIN,SAWA MILKING JELLY,0.765,,,,,,
,,SIGOWET/SOIN,SAWA SOAP,5.034,,,,,,
,,SIGOWET/SOIN,USHINDI BAR,3,,,,,,
,,SOUTH MUGIRANGO,SAWA CANDLES,0.4,,,,,,
,,SOUTH MUGIRANGO,SAWA HANDWASH,1.028333333,,,,,,
,,SOUTH MUGIRANGO,SAWA PETROLLEUM JELLY,0.0425,,,,,,
,,SOUTH MUGIRANGO,SAWA SOAP,0.84,,,,,,
,,SOUTH MUGIRANGO,USHINDI BAR,0.7,,,,,,
,,SOY,DETREX,5.76,,,,,,
,,SOY,NDUME,9.6,,,,,,
,,SOY,SAWA SOAP,6,,,,,,
,,SUNA EAST,BELLEZA (PWANI OIL PRODUCTS),0.2988125,,,,,,
,,SUNA EAST,FRESCO (PWANI OIL PRODUCTS),0.2988125,,,,,,
,,SUNA EAST,SALIT,5.346,,,,,,
,,SUNA EAST,SAWA SOAP,6.45,,,,,,
,,TURBO,FRESH FRI,2.673,,,,,,
,,TURBO,NDUME,10,,,,,,
,,TURBO,SAWA CANDLES,1.2,,,,,,
,,TURBO,SAWA GLYCERIN,0.1135,,,,,,
,,TURBO,SAWA MILKING JELLY,1.5555,,,,,,
,,TURBO,SAWA SOAP,0.617916667,,,,,,
,,TURBO,USHINDI BAR,3.6,,,,,,
,,TURBO,USHINDI PASTE DISHWASH,0.4,,,,,,
,,WESTLANDS,BELLEZA (PWANI OIL PRODUCTS),0.398416667,,,,,,
,,WESTLANDS,DETREX,3.84,,,,,,
,,WESTLANDS,FRESCO (PWANI OIL PRODUCTS),0.199208333,,,,,,
,,WESTLANDS,FRESH FRI,32.52283333,,,,,,
,,WESTLANDS,SALIT,17.82,,,,,,
,,WESTLANDS,SAWA SOAP,64.07066667,,,,,,
,,WESTLANDS,USHINDI BAR,4.725,,,,,,
,,WESTLANDS,WHITE WASH (PWANI OIL PRODUCTS),3.15,,,,,,
,,,4U SOAP,24,,,,,,
,,,BELLEZA (PWANI OIL PRODUCTS),16.7335,,,,,,
,,,DETREX,224.13,,,,,,
,,,FRESCO (PWANI OIL PRODUCTS),4.781,,,,,,
,,,FRESH FRI,338.584,,,,,,
,,,FRYMATE,12,,,,,,
,,,NDUME,799.6,,,,,,
,,,ONJA,54,,,,,,
,,,POPCO,98.012,,,,,,
,,,SALIT,1050.494,,,,,,
,,,SAWA CANDLES,3.6,,,,,,
,,,SAWA GLYCERIN,7.906645833,,,,,,
,,,SAWA MILKING JELLY,39.73566667,,,,,,
,,,SAWA PETROLLEUM JELLY,0.02125,,,,,,
,,,SAWA SOAP,138.928,,,,,,
,,,USHINDI BAR,74.25,,,,,,
,,,USHINDI DETERGENT,0,,,,,,
,,,USHINDI LIQUID DISHWASH,41.934,,,,,,
,,,USHINDI PASTE DISHWASH,24,,,,,,
,,,WHITE WASH (PWANI OIL PRODUCTS),113.65,,,,,,
